{"type": "FeatureCollection", "features": [{"type": "Feature", "properties": {}, "geometry": {"type": "Polygon", "coordinates": [[[32.1873404, 36.971562216, 0], [32.183714759, 36.972492406, 0], [32.182033181, 36.974701358, 0], [32.180639282, 36.975863835, 0], [32.178766466, 36.97692925, 0], [32.176686939, 36.978790367, 0], [32.173887851, 36.981149614, 0], [32.17179778, 36.984901591, 0], [32.168152223, 36.987193593, 0], [32.166330744, 36.987410814, 0], [32.164697095, 36.987770556, 0], [32.162896816, 36.987733718, 0], [32.161849865, 36.98779897, 0], [32.160288008, 36.988663592, 0], [32.144992493, 36.995075697, 0], [32.138700076, 36.999696624, 0], [32.11595737, 37.008796058, 0], [32.102222515, 37.023595191, 0], [32.095345106, 37.030908126, 0], [32.092393204, 37.033978298, 0], [32.088734709, 37.03773972, 0], [32.087384761, 37.039058048, 0], [32.086313155, 37.040304333, 0], [32.085364398, 37.041347692, 0], [32.085091035, 37.041518353, 0], [32.073360086, 37.040208631, 0], [32.055716909, 37.041429922, 0], [32.04212119, 37.054240923, 0], [32.032901702, 37.063053041, 0], [32.017649788, 37.070332695, 0], [32.010999179, 37.076386256, 0], [32.013457192, 37.084908342, 0], [31.975532231, 37.074459863, 0], [31.974665702, 37.075349189, 0], [31.974449622, 37.076101832, 0], [31.972470544, 37.078843098, 0], [31.973112972, 37.081394911, 0], [31.972687464, 37.08457401, 0], [31.972504619, 37.09157462, 0], [31.970628738, 37.09087711, 0], [31.970300372, 37.09069203, 0], [31.969521087, 37.090581257, 0], [31.97178307, 37.092223378, 0], [31.978564167, 37.093345715, 0], [31.987727251, 37.094749382, 0], [31.986693182, 37.102267075, 0], [31.984890585, 37.107479678, 0], [31.984277769, 37.114595386, 0], [31.979580302, 37.139312851, 0], [31.964044929, 37.155118488, 0], [31.956923851, 37.161614899, 0], [31.955121065, 37.168580112, 0], [31.954719735, 37.170130449, 0], [31.949911963, 37.171400643, 0], [31.94899594, 37.171642607, 0], [31.94650952, 37.172299499, 0], [31.945675841, 37.172422848, 0], [31.938023228, 37.173554103, 0], [31.935443175, 37.173935411, 0], [31.935394877, 37.174716239, 0], [31.93498026, 37.181375725, 0], [31.935265241, 37.183011645, 0], [31.936458465, 37.192439492, 0], [31.936758397, 37.196577933, 0], [31.940686452, 37.197852926, 0], [31.940185374, 37.204296876, 0], [31.932245423, 37.200841875, 0], [31.930835409, 37.200878901, 0], [31.928973412, 37.201081883, 0], [31.92773244, 37.201405904, 0], [31.927441433, 37.201778893, 0], [31.927078405, 37.202184934, 0], [31.92598243, 37.203146864, 0], [31.925722403, 37.20343091, 0], [31.925588365, 37.204213927, 0], [31.92217341, 37.210316881, 0], [31.922488451, 37.212524912, 0], [31.922297364, 37.212597884, 0], [31.921734436, 37.212932875, 0], [31.921468397, 37.212982903, 0], [31.921267397, 37.213118867, 0], [31.92095144, 37.21322188, 0], [31.920817361, 37.213304921, 0], [31.920507373, 37.213712866, 0], [31.92033943, 37.213843902, 0], [31.919873417, 37.214015929, 0], [31.919457377, 37.214078913, 0], [31.918414377, 37.214422935, 0], [31.91807239, 37.215091931, 0], [31.917695358, 37.215578922, 0], [31.917000366, 37.216248923, 0], [31.916939569, 37.216438522, 0], [31.916717388, 37.217111944, 0], [31.916685414, 37.217787917, 0], [31.916160442, 37.218180905, 0], [31.91558141, 37.21888287, 0], [31.914872402, 37.22015789, 0], [31.914513408, 37.220530943, 0], [31.913729408, 37.221212906, 0], [31.91326142, 37.223033913, 0], [31.91286736, 37.223827952, 0], [31.911194389, 37.227467957, 0], [31.903020346, 37.237978941, 0], [31.901847405, 37.239183878, 0], [31.900441423, 37.240972962, 0], [31.896682395, 37.243685932, 0], [31.895433392, 37.244349915, 0], [31.894766371, 37.245650881, 0], [31.893828352, 37.24615995, 0], [31.89333339, 37.246875923, 0], [31.891716392, 37.248009916, 0], [31.891139385, 37.248922925, 0], [31.891428108, 37.249212932, 0], [31.890991392, 37.249827966, 0], [31.889358352, 37.251230963, 0], [31.888727377, 37.25199097, 0], [31.886686385, 37.252827932, 0], [31.88555941, 37.252816967, 0], [31.884767425, 37.253034898, 0], [31.88352834, 37.252977887, 0], [31.882673351, 37.253645899, 0], [31.882298411, 37.256164903, 0], [31.882266411, 37.258304945, 0], [31.881972383, 37.259134965, 0], [31.880399342, 37.261057941, 0], [31.877878366, 37.263447923, 0], [31.877052362, 37.265552944, 0], [31.875474325, 37.267812941, 0], [31.8741084, 37.26870097, 0], [31.873360394, 37.269729956, 0], [31.870195361, 37.272177891, 0], [31.870130411, 37.272739977, 0], [31.868930327, 37.273809947, 0], [31.868724381, 37.274370955, 0], [31.869228378, 37.275366904, 0], [31.869425335, 37.276494918, 0], [31.861967395, 37.285140943, 0], [31.85930866, 37.287468086, 0], [31.857948012, 37.288659855, 0], [31.853813093, 37.291773322, 0], [31.849344228, 37.294568068, 0], [31.848090505, 37.295434259, 0], [31.846994269, 37.297067891, 0], [31.846096198, 37.300482842, 0], [31.847210112, 37.303241693, 0], [31.844551531, 37.30745035, 0], [31.844104545, 37.309022701, 0], [31.843773374, 37.309763935, 0], [31.83501135, 37.316957938, 0], [31.82414531, 37.322543933, 0], [31.82062738, 37.322076976, 0], [31.819668368, 37.322769973, 0], [31.81913234, 37.323890922, 0], [31.825528346, 37.329720994, 0], [31.82550329, 37.331359996, 0], [31.816175352, 37.33615997, 0], [31.812826358, 37.337477994, 0], [31.812926319, 37.338288978, 0], [31.799628034, 37.342529716, 0], [31.798362241, 37.34314976, 0], [31.797888593, 37.343481897, 0], [31.797678575, 37.343738671, 0], [31.797286989, 37.344616041, 0], [31.79712491, 37.345502954, 0], [31.796397006, 37.346959781, 0], [31.795993703, 37.347391305, 0], [31.795466637, 37.348162573, 0], [31.794854719, 37.348970462, 0], [31.793721007, 37.349292249, 0], [31.79233753, 37.350465971, 0], [31.791253966, 37.350950368, 0], [31.790809051, 37.351424795, 0], [31.790616454, 37.352722411, 0], [31.790909995, 37.35489986, 0], [31.777424299, 37.36603192, 0], [31.772848312, 37.377714979, 0], [31.754075322, 37.40106299, 0], [31.754051254, 37.401093015, 0], [31.753138116, 37.400903875, 0], [31.751290244, 37.400003299, 0], [31.749226938, 37.398463562, 0], [31.747985299, 37.397919722, 0], [31.746873153, 37.397589466, 0], [31.746226817, 37.397253507, 0], [31.745026241, 37.397210488, 0], [31.744965267, 37.397112785, 0], [31.744616378, 37.396493404, 0], [31.744223286, 37.396128313, 0], [31.744008697, 37.395662203, 0], [31.744452249, 37.395358986, 0], [31.74572131, 37.393554987, 0], [31.745992318, 37.391216993, 0], [31.744410298, 37.389380927, 0], [31.743528326, 37.387730983, 0], [31.742598281, 37.387187965, 0], [31.74031529, 37.385982953, 0], [31.738573276, 37.38553299, 0], [31.736491324, 37.384243989, 0], [31.734526293, 37.383965959, 0], [31.732749265, 37.383016921, 0], [31.733301335, 37.379793958, 0], [31.729852285, 37.373850978, 0], [31.730017347, 37.372506948, 0], [31.730461313, 37.371560984, 0], [31.722313316, 37.373524904, 0], [31.720574293, 37.373316945, 0], [31.719871297, 37.373204981, 0], [31.719505279, 37.37251595, 0], [31.718406173, 37.372039851, 0], [31.718129035, 37.372033693, 0], [31.717789403, 37.372022351, 0], [31.717693365, 37.372056545, 0], [31.71760405, 37.371898232, 0], [31.717231338, 37.371242917, 0], [31.71648232, 37.370739958, 0], [31.714058272, 37.37012696, 0], [31.708724291, 37.366531933, 0], [31.711083359, 37.364211934, 0], [31.713428337, 37.362642946, 0], [31.714573322, 37.361500912, 0], [31.715124307, 37.360150913, 0], [31.715948322, 37.355568952, 0], [31.71597832, 37.353802897, 0], [31.715003311, 37.351984922, 0], [31.712488316, 37.349264965, 0], [31.710252348, 37.34799095, 0], [31.707600362, 37.347039923, 0], [31.705215324, 37.345477884, 0], [31.700615352, 37.34272591, 0], [31.697098308, 37.341666915, 0], [31.690868303, 37.339378903, 0], [31.679944324, 37.33695293, 0], [31.678802507, 37.333416884, 0], [31.678616797, 37.332801474, 0], [31.678536244, 37.332490302, 0], [31.678831517, 37.33239312, 0], [31.679013362, 37.332091998, 0], [31.678948728, 37.331876258, 0], [31.679040776, 37.331658752, 0], [31.679175472, 37.331402883, 0], [31.679017102, 37.331246023, 0], [31.678989787, 37.331041243, 0], [31.678947116, 37.330831064, 0], [31.678855376, 37.330648454, 0], [31.67899033, 37.330505414, 0], [31.679152421, 37.330327441, 0], [31.679170965, 37.330273037, 0], [31.679386573, 37.330190825, 0], [31.680046181, 37.330335706, 0], [31.680495117, 37.330286104, 0], [31.680811312, 37.330146885, 0], [31.681100342, 37.330139925, 0], [31.681515301, 37.330079847, 0], [31.681691316, 37.330004849, 0], [31.681849329, 37.329995886, 0], [31.682225331, 37.330071899, 0], [31.682280375, 37.329973924, 0], [31.682429322, 37.329801928, 0], [31.682436323, 37.329672869, 0], [31.682594306, 37.329734917, 0], [31.682679326, 37.329705855, 0], [31.682677325, 37.329617878, 0], [31.682748376, 37.329631917, 0], [31.682739365, 37.329662907, 0], [31.682764344, 37.329676883, 0], [31.682835343, 37.329661903, 0], [31.682854319, 37.32963589, 0], [31.68279133, 37.329623924, 0], [31.682779343, 37.329574857, 0], [31.682820342, 37.329550892, 0], [31.68283833, 37.329458903, 0], [31.68271638, 37.329326875, 0], [31.682805359, 37.329310924, 0], [31.682801369, 37.329256899, 0], [31.682715296, 37.329165103, 0], [31.682711387, 37.329031867, 0], [31.682714383, 37.328934934, 0], [31.682800969, 37.328938692, 0], [31.683177337, 37.328902871, 0], [31.683197199, 37.328490176, 0], [31.683347423, 37.328484729, 0], [31.683301874, 37.328188188, 0], [31.68312963, 37.328191497, 0], [31.683103442, 37.327921576, 0], [31.683206375, 37.32792191, 0], [31.683334344, 37.32798092, 0], [31.683351383, 37.328001926, 0], [31.683411316, 37.328028908, 0], [31.683427331, 37.327937888, 0], [31.683346393, 37.327919864, 0], [31.683354362, 37.327889854, 0], [31.683592338, 37.327927919, 0], [31.683693381, 37.327961936, 0], [31.68381739, 37.327959891, 0], [31.683943307, 37.327965888, 0], [31.683932376, 37.327866908, 0], [31.683864309, 37.327777926, 0], [31.683857335, 37.327718912, 0], [31.683891359, 37.327699916, 0], [31.683927379, 37.327699866, 0], [31.684053025, 37.327641336, 0], [31.684102717, 37.32744976, 0], [31.684253981, 37.327379168, 0], [31.684216092, 37.32727295, 0], [31.684248247, 37.327201033, 0], [31.684306372, 37.327096874, 0], [31.684292352, 37.327046883, 0], [31.684377363, 37.327092887, 0], [31.684385381, 37.326723857, 0], [31.684433335, 37.326679873, 0], [31.684385391, 37.326557862, 0], [31.685127373, 37.32622592, 0], [31.685453305, 37.325563849, 0], [31.68513438, 37.323420926, 0], [31.684558324, 37.322484874, 0], [31.684391368, 37.320765927, 0], [31.68348832, 37.318442845, 0], [31.683761391, 37.316605873, 0], [31.682822182, 37.312759403, 0], [31.682675381, 37.312981079, 0], [31.659253461, 37.313423211, 0], [31.623737265, 37.298279309, 0], [31.594601168, 37.316976872, 0], [31.59411557, 37.317312462, 0], [31.592775269, 37.318238871, 0], [31.591857694, 37.318592923, 0], [31.588253351, 37.321880835, 0], [31.583451338, 37.32539788, 0], [31.581371364, 37.326222837, 0], [31.579704033, 37.326108027, 0], [31.579185958, 37.325986997, 0], [31.578793044, 37.325783031, 0], [31.576537985, 37.324988037, 0], [31.574257048, 37.324250003, 0], [31.573377042, 37.323795031, 0], [31.572666039, 37.323636051, 0], [31.571895983, 37.323351993, 0], [31.571046983, 37.323211973, 0], [31.569758973, 37.322861987, 0], [31.569193993, 37.322527043, 0], [31.568166993, 37.322336997, 0], [31.567536992, 37.322054967, 0], [31.566665979, 37.321811016, 0], [31.566113961, 37.321563987, 0], [31.56458502, 37.321128027, 0], [31.563308992, 37.320553007, 0], [31.562992015, 37.320304042, 0], [31.560736012, 37.319575964, 0], [31.558864975, 37.319178033, 0], [31.558020024, 37.318717968, 0], [31.556250965, 37.318099013, 0], [31.55556305, 37.317778995, 0], [31.555125998, 37.317445996, 0], [31.554092973, 37.316794003, 0], [31.549332959, 37.314837979, 0], [31.548550979, 37.314559031, 0], [31.546402002, 37.313402053, 0], [31.546165018, 37.313366969, 0], [31.544628017, 37.312413029, 0], [31.544370992, 37.312351021, 0], [31.543161991, 37.311525007, 0], [31.541625976, 37.310234999, 0], [31.540679974, 37.309617035, 0], [31.53932398, 37.308923982, 0], [31.538007007, 37.30843704, 0], [31.535763028, 37.307921041, 0], [31.534495027, 37.307588043, 0], [31.532245033, 37.306670978, 0], [31.531173034, 37.306476001, 0], [31.529872036, 37.306736046, 0], [31.528815024, 37.306922963, 0], [31.527547997, 37.307301006, 0], [31.526089046, 37.308077028, 0], [31.525112991, 37.308648002, 0], [31.524674969, 37.308836018, 0], [31.523815997, 37.309414029, 0], [31.52322501, 37.309858042, 0], [31.521269047, 37.31168999, 0], [31.520306993, 37.312861988, 0], [31.520063971, 37.312978982, 0], [31.519105016, 37.314289967, 0], [31.518448967, 37.314703042, 0], [31.517771045, 37.31471798, 0], [31.51706603, 37.314601006, 0], [31.515395011, 37.313821996, 0], [31.514780045, 37.313707039, 0], [31.514123957, 37.313397995, 0], [31.513634049, 37.313019033, 0], [31.51322702, 37.312315974, 0], [31.512333991, 37.311763965, 0], [31.51055802, 37.309981034, 0], [31.509861009, 37.30897603, 0], [31.509339042, 37.308522031, 0], [31.508872997, 37.308139025, 0], [31.508691032, 37.307930006, 0], [31.508394031, 37.306276969, 0], [31.508391024, 37.305703977, 0], [31.508454969, 37.305326028, 0], [31.508413047, 37.304546992, 0], [31.508293045, 37.304122026, 0], [31.507574018, 37.302676968, 0], [31.507448994, 37.302256984, 0], [31.505548038, 37.299764003, 0], [31.505071045, 37.298946036, 0], [31.504620993, 37.298341982, 0], [31.504274045, 37.297723009, 0], [31.503902969, 37.297275039, 0], [31.503635023, 37.296852973, 0], [31.503331023, 37.296457036, 0], [31.502945015, 37.295706987, 0], [31.502667031, 37.295360039, 0], [31.502327983, 37.295076029, 0], [31.502286979, 37.295225012, 0], [31.502177982, 37.296893022, 0], [31.501645008, 37.298509975, 0], [31.500906958, 37.300244, 0], [31.500623969, 37.300621963, 0], [31.500138999, 37.301037016, 0], [31.496830048, 37.303333967, 0], [31.494920981, 37.305194008, 0], [31.491454983, 37.307906039, 0], [31.489620993, 37.309172999, 0], [31.457242422, 37.290145905, 0], [31.467839226, 37.275187113, 0], [31.458166029, 37.276792955, 0], [31.457777733, 37.276701205, 0], [31.457624952, 37.276016139, 0], [31.457859325, 37.275104793, 0], [31.456802332, 37.274953679, 0], [31.456779195, 37.274711237, 0], [31.457006289, 37.274024546, 0], [31.456217413, 37.273893142, 0], [31.456175088, 37.27377517, 0], [31.453717941, 37.273155899, 0], [31.45355083, 37.273705131, 0], [31.45316128, 37.27359848, 0], [31.453321602, 37.273253901, 0], [31.452908217, 37.273139549, 0], [31.450498146, 37.272344921, 0], [31.450160543, 37.272748813, 0], [31.450004424, 37.272720004, 0], [31.450179485, 37.2723421, 0], [31.435989572, 37.270212356, 0], [31.416587786, 37.251490684, 0], [31.4020557, 37.245245878, 0], [31.392096879, 37.257031423, 0], [31.39527042, 37.268271705, 0], [31.384360693, 37.270866088, 0], [31.38102034, 37.279374821, 0], [31.38334985, 37.292215519, 0], [31.382386591, 37.307257087, 0], [31.392991005, 37.307661862, 0], [31.399972438, 37.310112256, 0], [31.399769003, 37.310543855, 0], [31.39995661, 37.311771855, 0], [31.398712508, 37.313303362, 0], [31.398628539, 37.313883912, 0], [31.398112451, 37.314572966, 0], [31.398442325, 37.315340338, 0], [31.401137402, 37.31829469, 0], [31.401313357, 37.319002661, 0], [31.401009345, 37.31926556, 0], [31.400132139, 37.319530169, 0], [31.399799763, 37.320002466, 0], [31.40033501, 37.320658167, 0], [31.401698548, 37.321668303, 0], [31.402058256, 37.322159419, 0], [31.402119997, 37.323190076, 0], [31.402370437, 37.323765593, 0], [31.40196641, 37.32479951, 0], [31.401814641, 37.325760507, 0], [31.400437417, 37.32763942, 0], [31.400572727, 37.32801315, 0], [31.400391267, 37.328687722, 0], [31.400551098, 37.329033127, 0], [31.400504562, 37.329537857, 0], [31.400223515, 37.329839182, 0], [31.399336469, 37.330561428, 0], [31.399334622, 37.331209773, 0], [31.398681893, 37.331582389, 0], [31.39848034, 37.332075467, 0], [31.398422449, 37.333114056, 0], [31.398879478, 37.33352071, 0], [31.398974808, 37.334094133, 0], [31.398811502, 37.334473374, 0], [31.397003412, 37.336384526, 0], [31.396769204, 37.337287175, 0], [31.394305256, 37.336910415, 0], [31.393881124, 37.336637649, 0], [31.393085499, 37.336426609, 0], [31.392732305, 37.336192921, 0], [31.392294024, 37.335462269, 0], [31.391655143, 37.335186576, 0], [31.389397301, 37.335222535, 0], [31.388174215, 37.336016355, 0], [31.386970965, 37.336438624, 0], [31.386700118, 37.33681629, 0], [31.387053064, 37.337622125, 0], [31.387035851, 37.337869792, 0], [31.386632065, 37.338321972, 0], [31.386476442, 37.340570166, 0], [31.386268695, 37.340786668, 0], [31.384945147, 37.341245391, 0], [31.384544896, 37.341535497, 0], [31.384213406, 37.342513116, 0], [31.383113539, 37.343117885, 0], [31.382346549, 37.343240854, 0], [31.381908717, 37.343606763, 0], [31.381568944, 37.344469455, 0], [31.383130868, 37.345091968, 0], [31.384408245, 37.345118977, 0], [31.385449751, 37.345562231, 0], [31.385734327, 37.346214573, 0], [31.385626254, 37.347357359, 0], [31.385293252, 37.347848617, 0], [31.384953226, 37.349779701, 0], [31.384082417, 37.351328839, 0], [31.384130986, 37.352259383, 0], [31.383157932, 37.353772513, 0], [31.383903373, 37.354737454, 0], [31.383732356, 37.35573952, 0], [31.383936924, 37.356363828, 0], [31.383409399, 37.35687549, 0], [31.383308393, 37.357903293, 0], [31.383800573, 37.35826714, 0], [31.383691908, 37.359652048, 0], [31.38381599, 37.361229104, 0], [31.382288, 37.362531612, 0], [31.382303616, 37.36425425, 0], [31.382672708, 37.366674873, 0], [31.382584846, 37.368312109, 0], [31.38368441, 37.371036848, 0], [31.384120592, 37.372786229, 0], [31.384157871, 37.373500975, 0], [31.383667359, 37.37438675, 0], [31.3836549, 37.374967178, 0], [31.384202295, 37.376148203, 0], [31.38404525, 37.378418978, 0], [31.384092403, 37.379827909, 0], [31.382469228, 37.381164525, 0], [31.381174163, 37.383802697, 0], [31.378923475, 37.386958967, 0], [31.377708361, 37.388029329, 0], [31.37663209, 37.390559339, 0], [31.374226026, 37.392877853, 0], [31.37349407, 37.394075024, 0], [31.372563049, 37.39566288, 0], [31.371004962, 37.398261623, 0], [31.369139593, 37.400551973, 0], [31.367371154, 37.401985219, 0], [31.364817586, 37.403434432, 0], [31.362393656, 37.406652849, 0], [31.362466359, 37.40331348, 0], [31.361766006, 37.401424841, 0], [31.362021898, 37.399688676, 0], [31.361480864, 37.398498181, 0], [31.361635194, 37.397421583, 0], [31.361271543, 37.396094412, 0], [31.36156116, 37.394810989, 0], [31.360588713, 37.393405628, 0], [31.359851341, 37.393221481, 0], [31.358743653, 37.392023019, 0], [31.357455512, 37.391100487, 0], [31.355371043, 37.38870542, 0], [31.355083293, 37.387901126, 0], [31.353918486, 37.387328197, 0], [31.350113066, 37.384229072, 0], [31.346840386, 37.38249248, 0], [31.345053885, 37.381833452, 0], [31.34409977, 37.38065764, 0], [31.342896641, 37.379964397, 0], [31.341307616, 37.379963289, 0], [31.340122207, 37.379671899, 0], [31.338605523, 37.379988696, 0], [31.337374551, 37.380563248, 0], [31.335403465, 37.382268552, 0], [31.334909556, 37.383043592, 0], [31.334076554, 37.383581361, 0], [31.332829717, 37.383669486, 0], [31.329824153, 37.384240004, 0], [31.32787502, 37.386135716, 0], [31.327892544, 37.386537594, 0], [31.328436412, 37.387094791, 0], [31.328587549, 37.388639739, 0], [31.329081442, 37.390253062, 0], [31.329319531, 37.391461137, 0], [31.330201142, 37.392319027, 0], [31.330848803, 37.394166913, 0], [31.330060662, 37.395064562, 0], [31.327645429, 37.396467614, 0], [31.3267589, 37.398209279, 0], [31.325606037, 37.398827072, 0], [31.32525442, 37.400343812, 0], [31.32433701, 37.401091625, 0], [31.323486778, 37.402389977, 0], [31.322647917, 37.403181243, 0], [31.321659487, 37.403547664, 0], [31.320341861, 37.404416549, 0], [31.317958729, 37.40672872, 0], [31.315963747, 37.408264291, 0], [31.315163973, 37.408485381, 0], [31.313332134, 37.408649479, 0], [31.313167078, 37.408921874, 0], [31.31396963, 37.409757578, 0], [31.316108975, 37.410062829, 0], [31.316659537, 37.410324337, 0], [31.316968352, 37.410730273, 0], [31.316968796, 37.411892721, 0], [31.315706374, 37.413840343, 0], [31.316021869, 37.415134067, 0], [31.314613148, 37.416508914, 0], [31.315415415, 37.417365691, 0], [31.316549248, 37.417614426, 0], [31.316862441, 37.417830199, 0], [31.317707254, 37.419152632, 0], [31.317588101, 37.419742699, 0], [31.317683142, 37.420230114, 0], [31.318018076, 37.420657596, 0], [31.318485942, 37.422249408, 0], [31.322070508, 37.424308228, 0], [31.32333707, 37.426925836, 0], [31.32208398, 37.42845085, 0], [31.321834248, 37.428954632, 0], [31.320784907, 37.429658274, 0], [31.320636844, 37.430353633, 0], [31.320725869, 37.4311158, 0], [31.321362265, 37.433470806, 0], [31.321526528, 37.434424176, 0], [31.320240208, 37.438611849, 0], [31.320121987, 37.440343191, 0], [31.319446809, 37.442087787, 0], [31.319504075, 37.443081989, 0], [31.320618586, 37.447768667, 0], [31.32040857, 37.448864679, 0], [31.319379328, 37.45102695, 0], [31.318287497, 37.454794642, 0], [31.318251529, 37.456400361, 0], [31.318855437, 37.457846139, 0], [31.318806256, 37.458859911, 0], [31.319005043, 37.459454499, 0], [31.319317372, 37.459712606, 0], [31.320398913, 37.461143995, 0], [31.320535701, 37.462139324, 0], [31.321073422, 37.46299239, 0], [31.320860052, 37.464236315, 0], [31.321405833, 37.465913739, 0], [31.322526864, 37.469142213, 0], [31.322852147, 37.471196858, 0], [31.323905122, 37.473917117, 0], [31.32404249, 37.47607479, 0], [31.324557696, 37.47794199, 0], [31.324604186, 37.47942209, 0], [31.324835824, 37.480925992, 0], [31.324714772, 37.482784164, 0], [31.324195976, 37.484636692, 0], [31.324150141, 37.485502547, 0], [31.325008594, 37.48743805, 0], [31.325121831, 37.488306162, 0], [31.324976503, 37.488874772, 0], [31.325577005, 37.490489512, 0], [31.325934205, 37.4923122, 0], [31.326958548, 37.493954116, 0], [31.327689371, 37.495676391, 0], [31.329868988, 37.49904656, 0], [31.33090668, 37.500096784, 0], [31.33241848, 37.501301747, 0], [31.334960992, 37.50387379, 0], [31.335857384, 37.505323602, 0], [31.336409616, 37.507930986, 0], [31.337545685, 37.509341899, 0], [31.337336554, 37.510395682, 0], [31.337824069, 37.511142264, 0], [31.33844903, 37.51406767, 0], [31.338965759, 37.515892561, 0], [31.339319751, 37.51667952, 0], [31.338987649, 37.518852369, 0], [31.340205953, 37.522187102, 0], [31.340258502, 37.524653804, 0], [31.340701393, 37.528139734, 0], [31.341995569, 37.530767605, 0], [31.342597311, 37.534131404, 0], [31.343606134, 37.535553989, 0], [31.343835921, 37.536924277, 0], [31.343043736, 37.539812819, 0], [31.343537877, 37.543340813, 0], [31.343578893, 37.545118542, 0], [31.343191526, 37.545898957, 0], [31.34273059, 37.546658603, 0], [31.342019973, 37.547552248, 0], [31.340406738, 37.549101098, 0], [31.340455476, 37.550241045, 0], [31.340175296, 37.551749694, 0], [31.340007487, 37.553750931, 0], [31.340294155, 37.555287194, 0], [31.340349759, 37.55723264, 0], [31.340437314, 37.558844677, 0], [31.340254531, 37.560413535, 0], [31.338925586, 37.562477099, 0], [31.337593512, 37.56467802, 0], [31.336321997, 37.566369125, 0], [31.335308141, 37.567572753, 0], [31.334998081, 37.568196985, 0], [31.335649977, 37.5699544, 0], [31.335639048, 37.570445344, 0], [31.335229003, 37.571127098, 0], [31.333628583, 37.572066972, 0], [31.333181608, 37.573298226, 0], [31.33308613, 37.574259429, 0], [31.331917155, 37.576875104, 0], [31.331482053, 37.578676191, 0], [31.331197181, 37.580381091, 0], [31.330970278, 37.58391369, 0], [31.330491421, 37.585458782, 0], [31.329555692, 37.587566986, 0], [31.328665202, 37.588752651, 0], [31.328119348, 37.58998248, 0], [31.326907999, 37.591163494, 0], [31.325428268, 37.592203269, 0], [31.324869041, 37.592922153, 0], [31.324717956, 37.594157569, 0], [31.324182035, 37.594935711, 0], [31.321147822, 37.59703366, 0], [31.32016624, 37.597864372, 0], [31.319543569, 37.598110874, 0], [31.319558058, 37.598562888, 0], [31.319648804, 37.598917769, 0], [31.319461268, 37.599472964, 0], [31.319035315, 37.600034043, 0], [31.318580485, 37.600964697, 0], [31.318484153, 37.60157165, 0], [31.317815066, 37.602836255, 0], [31.317549833, 37.603144791, 0], [31.317228518, 37.603189498, 0], [31.316612628, 37.603468429, 0], [31.316422999, 37.603630173, 0], [31.315202494, 37.604147005, 0], [31.314937429, 37.604447428, 0], [31.314439248, 37.60454718, 0], [31.31418872, 37.60465867, 0], [31.313910039, 37.605106764, 0], [31.313893921, 37.605361362, 0], [31.313939414, 37.606093607, 0], [31.314087171, 37.606868404, 0], [31.313881688, 37.607276544, 0], [31.313823179, 37.607579826, 0], [31.313596775, 37.607995867, 0], [31.313458588, 37.60816645, 0], [31.313008834, 37.608867014, 0], [31.312567153, 37.609205905, 0], [31.311972911, 37.609896108, 0], [31.311658583, 37.610088948, 0], [31.311376656, 37.610216382, 0], [31.310757991, 37.610618511, 0], [31.309826934, 37.611123121, 0], [31.308251137, 37.612259513, 0], [31.307754212, 37.612371239, 0], [31.307148793, 37.612150527, 0], [31.306203177, 37.612022605, 0], [31.305684747, 37.611649318, 0], [31.305016354, 37.611129069, 0], [31.304587778, 37.611016222, 0], [31.30364626, 37.611132263, 0], [31.302748572, 37.611424189, 0], [31.302290111, 37.611783433, 0], [31.30169054, 37.611585845, 0], [31.300952873, 37.611290659, 0], [31.300398948, 37.611205817, 0], [31.30013854, 37.611178997, 0], [31.299888541, 37.611117635, 0], [31.299731399, 37.611015439, 0], [31.299028167, 37.610693795, 0], [31.298766934, 37.610490077, 0], [31.298565575, 37.610417969, 0], [31.298299963, 37.610406479, 0], [31.297690414, 37.610491758, 0], [31.29721128, 37.610511425, 0], [31.296822358, 37.610479228, 0], [31.296409082, 37.610544086, 0], [31.296004803, 37.610697649, 0], [31.295489296, 37.610849604, 0], [31.294808019, 37.610945997, 0], [31.294190776, 37.6111673, 0], [31.29392751, 37.611482298, 0], [31.293885876, 37.611844744, 0], [31.293903854, 37.612030988, 0], [31.293220026, 37.612242493, 0], [31.292953128, 37.6122298, 0], [31.292465703, 37.612125338, 0], [31.292198604, 37.612121472, 0], [31.291758336, 37.612389568, 0], [31.291419893, 37.612588402, 0], [31.291056698, 37.612893025, 0], [31.290656213, 37.613365429, 0], [31.290049566, 37.613306266, 0], [31.289236843, 37.612814293, 0], [31.288019018, 37.612446013, 0], [31.287858248, 37.612771405, 0], [31.287188784, 37.613772795, 0], [31.286713454, 37.614040903, 0], [31.286154234, 37.614739952, 0], [31.285315649, 37.615768789, 0], [31.284813838, 37.61611508, 0], [31.284306155, 37.61671665, 0], [31.283692968, 37.617611338, 0], [31.282833272, 37.61848279, 0], [31.280790956, 37.621379853, 0], [31.280316323, 37.622689057, 0], [31.280036557, 37.623038563, 0], [31.279685981, 37.62324953, 0], [31.278736956, 37.623707042, 0], [31.277657913, 37.625518146, 0], [31.27767678, 37.627914852, 0], [31.276913189, 37.627825125, 0], [31.27617254, 37.627814302, 0], [31.274112861, 37.628235984, 0], [31.272740514, 37.629905243, 0], [31.272058558, 37.631623889, 0], [31.272322229, 37.634102752, 0], [31.27346867, 37.634728491, 0], [31.274509934, 37.6356276, 0], [31.274868081, 37.636163216, 0], [31.275117496, 37.637129399, 0], [31.275807244, 37.638278812, 0], [31.27655905, 37.638879018, 0], [31.277735706, 37.639269435, 0], [31.278990992, 37.639464552, 0], [31.279979226, 37.639459325, 0], [31.280514343, 37.639820713, 0], [31.281479864, 37.640797321, 0], [31.282109228, 37.641356421, 0], [31.284312255, 37.642233165, 0], [31.284965055, 37.642851611, 0], [31.285199273, 37.643469104, 0], [31.28539964, 37.644237936, 0], [31.28570149, 37.644715032, 0], [31.285892766, 37.64492425, 0], [31.286998078, 37.645460595, 0], [31.287115904, 37.645714249, 0], [31.287482495, 37.646132358, 0], [31.287550614, 37.646328432, 0], [31.287588817, 37.646646888, 0], [31.287918598, 37.646926236, 0], [31.288089682, 37.647193096, 0], [31.288177122, 37.647536957, 0], [31.288122757, 37.647926336, 0], [31.288013419, 37.648336633, 0], [31.288005791, 37.648668841, 0], [31.288052634, 37.64900193, 0], [31.28801015, 37.649268664, 0], [31.287831931, 37.649511711, 0], [31.287452849, 37.649795273, 0], [31.287473663, 37.650077343, 0], [31.287670813, 37.650593191, 0], [31.288024412, 37.651024627, 0], [31.288140138, 37.651524875, 0], [31.288179413, 37.651792795, 0], [31.288390943, 37.652077634, 0], [31.288614117, 37.652254331, 0], [31.288938677, 37.652367351, 0], [31.289734518, 37.652537847, 0], [31.290044004, 37.6525135, 0], [31.290532467, 37.652217098, 0], [31.290672681, 37.652045673, 0], [31.291187198, 37.651892827, 0], [31.291775347, 37.651822504, 0], [31.292318583, 37.651909217, 0], [31.293181176, 37.652316019, 0], [31.293222835, 37.652946027, 0], [31.293589571, 37.654585715, 0], [31.293109886, 37.65611097, 0], [31.294172851, 37.657167371, 0], [31.29431472, 37.658524828, 0], [31.295004954, 37.659674137, 0], [31.297114461, 37.662513559, 0], [31.297792213, 37.663132295, 0], [31.299976358, 37.664872705, 0], [31.302646923, 37.666852017, 0], [31.30335137, 37.667464077, 0], [31.304487163, 37.667897165, 0], [31.307827281, 37.668732334, 0], [31.311527988, 37.669943007, 0], [31.312724892, 37.670253444, 0], [31.316829534, 37.671639496, 0], [31.317872889, 37.671870465, 0], [31.318571938, 37.672729346, 0], [31.318987292, 37.67331205, 0], [31.319738987, 37.674366578, 0], [31.320192198, 37.674428183, 0], [31.322023416, 37.674677007, 0], [31.323027936, 37.675771696, 0], [31.323787392, 37.677403181, 0], [31.324165618, 37.677856125, 0], [31.324419392, 37.678662325, 0], [31.324920946, 37.678808399, 0], [31.325696778, 37.679714644, 0], [31.32715042, 37.678979002, 0], [31.328614128, 37.678660144, 0], [31.329611152, 37.678365564, 0], [31.331880801, 37.678474922, 0], [31.33389255, 37.678827489, 0], [31.337341605, 37.678305075, 0], [31.340262618, 37.677944981, 0], [31.341457519, 37.677483321, 0], [31.341956011, 37.677768137, 0], [31.346093424, 37.678597939, 0], [31.348564395, 37.679265409, 0], [31.350582369, 37.680219793, 0], [31.352595289, 37.680525742, 0], [31.354254021, 37.681042884, 0], [31.354314041, 37.681271966, 0], [31.354212056, 37.681422736, 0], [31.354023599, 37.681627354, 0], [31.353630737, 37.681628536, 0], [31.353481522, 37.681703405, 0], [31.353107362, 37.682030138, 0], [31.353081043, 37.682057434, 0], [31.354753937, 37.68276904, 0], [31.355471898, 37.683870901, 0], [31.355536234, 37.684141944, 0], [31.355670361, 37.684407382, 0], [31.355878363, 37.684579777, 0], [31.356412981, 37.685486423, 0], [31.356561585, 37.685744493, 0], [31.356756371, 37.686071058, 0], [31.357119779, 37.686600553, 0], [31.357434685, 37.686768488, 0], [31.358212202, 37.687094158, 0], [31.358447911, 37.687193856, 0], [31.358774726, 37.687526041, 0], [31.359003471, 37.687411454, 0], [31.359199974, 37.687168553, 0], [31.359459032, 37.687070246, 0], [31.359712548, 37.687134327, 0], [31.360592857, 37.687230553, 0], [31.361027873, 37.687278502, 0], [31.361527431, 37.687546761, 0], [31.36183583, 37.687399034, 0], [31.362585036, 37.687737527, 0], [31.363831315, 37.687590203, 0], [31.36485038, 37.686781112, 0], [31.365895584, 37.686356596, 0], [31.366555012, 37.686201106, 0], [31.367324034, 37.685627856, 0], [31.367552251, 37.68529338, 0], [31.367979283, 37.68550474, 0], [31.368398253, 37.685683007, 0], [31.368918118, 37.686083705, 0], [31.370360693, 37.687032314, 0], [31.370818761, 37.687206608, 0], [31.37154348, 37.68761463, 0], [31.372371749, 37.687478651, 0], [31.374160563, 37.686579092, 0], [31.375453864, 37.686323531, 0], [31.376307297, 37.686490636, 0], [31.375784571, 37.68705932, 0], [31.375569068, 37.687356862, 0], [31.375853098, 37.687476115, 0], [31.376055243, 37.687598023, 0], [31.375943738, 37.687680919, 0], [31.376188242, 37.687940286, 0], [31.376033473, 37.688111613, 0], [31.375745236, 37.688377967, 0], [31.375964439, 37.688549671, 0], [31.375774173, 37.688736187, 0], [31.376000935, 37.688908715, 0], [31.376798827, 37.688566389, 0], [31.376960032, 37.688477328, 0], [31.377237163, 37.688368508, 0], [31.37755041, 37.688657923, 0], [31.379587585, 37.690249958, 0], [31.381039671, 37.691751655, 0], [31.383980441, 37.69308173, 0], [31.385116089, 37.693358788, 0], [31.385427657, 37.693434783, 0], [31.387793228, 37.694011956, 0], [31.39198049, 37.694228371, 0], [31.392161914, 37.694272476, 0], [31.392313259, 37.694310584, 0], [31.392465039, 37.694380506, 0], [31.392694396, 37.69451339, 0], [31.392952468, 37.694572595, 0], [31.393624734, 37.694559862, 0], [31.393793876, 37.694588118, 0], [31.394342979, 37.694908636, 0], [31.395808967, 37.695527368, 0], [31.396679315, 37.695923613, 0], [31.397316255, 37.696522577, 0], [31.397790451, 37.696952624, 0], [31.398279414, 37.697474691, 0], [31.399080843, 37.698072005, 0], [31.399485583, 37.698205456, 0], [31.400048007, 37.698396012, 0], [31.400826183, 37.699058058, 0], [31.401809236, 37.699666648, 0], [31.403131824, 37.70067676, 0], [31.403564501, 37.700162964, 0], [31.404537915, 37.701083268, 0], [31.40511312, 37.701652339, 0], [31.405445867, 37.70192113, 0], [31.405758373, 37.702213615, 0], [31.408605885, 37.703644995, 0], [31.409707846, 37.703807736, 0], [31.411025194, 37.702526764, 0], [31.412624533, 37.702787912, 0], [31.413893922, 37.702858525, 0], [31.41485664, 37.702848408, 0], [31.415742508, 37.702634415, 0], [31.416830178, 37.70222029, 0], [31.418501647, 37.700725565, 0], [31.418616646, 37.7008775, 0], [31.419061975, 37.701493511, 0], [31.419218939, 37.701488587, 0], [31.419625718, 37.701211551, 0], [31.419711487, 37.701321822, 0], [31.419866205, 37.701338945, 0], [31.420025144, 37.701315935, 0], [31.420155679, 37.701260555, 0], [31.42079091, 37.701849729, 0], [31.420901806, 37.70178102, 0], [31.421029473, 37.701574308, 0], [31.42151908, 37.701510761, 0], [31.421618028, 37.701784756, 0], [31.421769372, 37.70198313, 0], [31.422044589, 37.701721353, 0], [31.422413848, 37.702057716, 0], [31.422670352, 37.70173874, 0], [31.422733758, 37.701681918, 0], [31.422876346, 37.701565333, 0], [31.422941931, 37.701511604, 0], [31.423045688, 37.701435409, 0], [31.423114152, 37.70138262, 0], [31.423190895, 37.701327599, 0], [31.423260201, 37.701274821, 0], [31.423330833, 37.701225665, 0], [31.423415029, 37.701172005, 0], [31.423469492, 37.701139934, 0], [31.42357192, 37.701082192, 0], [31.423767636, 37.700996413, 0], [31.423929989, 37.700935778, 0], [31.42409198, 37.700878922, 0], [31.424225081, 37.700830331, 0], [31.424275102, 37.700804778, 0], [31.424389447, 37.700758458, 0], [31.424447693, 37.700733195, 0], [31.424559544, 37.700689816, 0], [31.424635789, 37.700658216, 0], [31.424797472, 37.700598201, 0], [31.424933396, 37.70054433, 0], [31.425080039, 37.700478978, 0], [31.42527844, 37.700367821, 0], [31.425452189, 37.70028562, 0], [31.425664412, 37.700210781, 0], [31.425674244, 37.700161622, 0], [31.425748254, 37.700076467, 0], [31.425876474, 37.70004628, 0], [31.425926111, 37.700038833, 0], [31.425991966, 37.700069449, 0], [31.426194044, 37.699952392, 0], [31.426240861, 37.700065023, 0], [31.42639287, 37.700073089, 0], [31.427641903, 37.700021094, 0], [31.428097603, 37.69996788, 0], [31.428163134, 37.699987316, 0], [31.428155752, 37.699916122, 0], [31.428595694, 37.699997859, 0], [31.428782536, 37.700079466, 0], [31.429170313, 37.700354961, 0], [31.4293456, 37.70055869, 0], [31.42953944, 37.700663367, 0], [31.429836567, 37.700868899, 0], [31.429768457, 37.700980448, 0], [31.429875808, 37.701052703, 0], [31.429959706, 37.701110499, 0], [31.42996372, 37.701159662, 0], [31.430045331, 37.701214995, 0], [31.430150776, 37.701257939, 0], [31.43023311, 37.701310038, 0], [31.430327814, 37.70136996, 0], [31.430502347, 37.701472215, 0], [31.430596211, 37.701545371, 0], [31.43066045, 37.701586235, 0], [31.430694508, 37.7016212, 0], [31.430673237, 37.701671829, 0], [31.430701074, 37.701709054, 0], [31.430754059, 37.701764636, 0], [31.430830334, 37.701851345, 0], [31.430892874, 37.701919579, 0], [31.431006704, 37.701990748, 0], [31.431155245, 37.702070399, 0], [31.431170197, 37.702093216, 0], [31.431167075, 37.702108222, 0], [31.431181914, 37.702123108, 0], [31.431217561, 37.702127096, 0], [31.431286514, 37.702121887, 0], [31.431351316, 37.70213167, 0], [31.43145717, 37.702133078, 0], [31.431593584, 37.702166792, 0], [31.431968773, 37.702277211, 0], [31.432077211, 37.702298027, 0], [31.432161921, 37.70230411, 0], [31.432336149, 37.702270113, 0], [31.432551617, 37.70224099, 0], [31.432555211, 37.702487756, 0], [31.432602274, 37.702500457, 0], [31.432669094, 37.702498822, 0], [31.432804664, 37.702483865, 0], [31.432964728, 37.702469503, 0], [31.433180668, 37.702466877, 0], [31.433379357, 37.70248835, 0], [31.433470917, 37.702502272, 0], [31.433563412, 37.702507376, 0], [31.433726341, 37.702525761, 0], [31.433786689, 37.702533862, 0], [31.433843952, 37.702559673, 0], [31.434009743, 37.702553225, 0], [31.434068723, 37.702550765, 0], [31.43413515, 37.702532274, 0], [31.434257207, 37.702510467, 0], [31.434586383, 37.702478525, 0], [31.434984555, 37.702359191, 0], [31.434942827, 37.70243532, 0], [31.435052777, 37.702411009, 0], [31.435129487, 37.702366072, 0], [31.435200501, 37.702374043, 0], [31.435289294, 37.702381709, 0], [31.435386929, 37.70227136, 0], [31.435507343, 37.702194203, 0], [31.435562541, 37.702184754, 0], [31.435606115, 37.702145414, 0], [31.435641263, 37.702012969, 0], [31.435662378, 37.701956301, 0], [31.435724239, 37.701950273, 0], [31.435873715, 37.701883323, 0], [31.436020301, 37.701784707, 0], [31.436206367, 37.701667961, 0], [31.436498459, 37.701473145, 0], [31.436573369, 37.701544965, 0], [31.436661003, 37.701514228, 0], [31.436727852, 37.701462221, 0], [31.436838518, 37.701336905, 0], [31.436910999, 37.701288396, 0], [31.437091898, 37.701226007, 0], [31.437123903, 37.701185161, 0], [31.437150952, 37.701121993, 0], [31.437274817, 37.701085248, 0], [31.437553465, 37.701084977, 0], [31.437706514, 37.701088268, 0], [31.437814344, 37.701102402, 0], [31.438127805, 37.701092409, 0], [31.438245339, 37.70113001, 0], [31.438625986, 37.701087475, 0], [31.438667009, 37.701419259, 0], [31.439000337, 37.701282653, 0], [31.44009376, 37.701011032, 0], [31.440632305, 37.700735846, 0], [31.44073447, 37.700676644, 0], [31.440806084, 37.700638123, 0], [31.440992175, 37.700519658, 0], [31.441265226, 37.700741874, 0], [31.441531242, 37.700938315, 0], [31.441632755, 37.701035263, 0], [31.441820785, 37.701119027, 0], [31.442360677, 37.701248441, 0], [31.44246817, 37.701229587, 0], [31.442565474, 37.701192576, 0], [31.442924715, 37.700943665, 0], [31.443043091, 37.700900895, 0], [31.443120117, 37.7008674, 0], [31.443322534, 37.700782127, 0], [31.443635066, 37.700695694, 0], [31.443880264, 37.700599721, 0], [31.444506547, 37.700158072, 0], [31.44474787, 37.69997437, 0], [31.444980528, 37.700236684, 0], [31.445178693, 37.700511427, 0], [31.446182828, 37.700218477, 0], [31.447002678, 37.700029329, 0], [31.447199338, 37.700004526, 0], [31.447430548, 37.699969005, 0], [31.447638197, 37.699950925, 0], [31.447856619, 37.699927579, 0], [31.448148351, 37.699326607, 0], [31.448613653, 37.699408694, 0], [31.44896588, 37.699468026, 0], [31.449014533, 37.699408923, 0], [31.449275902, 37.699474538, 0], [31.449384697, 37.699500749, 0], [31.449488617, 37.699496078, 0], [31.449757276, 37.699508082, 0], [31.450050341, 37.699497969, 0], [31.45025097, 37.699507005, 0], [31.450384735, 37.699483983, 0], [31.450618043, 37.699432894, 0], [31.450842366, 37.699197864, 0], [31.451103896, 37.699013063, 0], [31.451318995, 37.698888565, 0], [31.451704947, 37.69877451, 0], [31.451988306, 37.698722724, 0], [31.452465279, 37.698742864, 0], [31.45287305, 37.698739927, 0], [31.452997223, 37.698755253, 0], [31.45337723, 37.698828092, 0], [31.453749326, 37.698953089, 0], [31.454017496, 37.699024639, 0], [31.454395893, 37.699170622, 0], [31.454715765, 37.699279343, 0], [31.454983073, 37.699392509, 0], [31.455327891, 37.699574724, 0], [31.455634132, 37.699709395, 0], [31.455886933, 37.699854719, 0], [31.456160936, 37.699987975, 0], [31.456492575, 37.700170014, 0], [31.456714856, 37.700235641, 0], [31.456789522, 37.700121639, 0], [31.456961649, 37.700066402, 0], [31.457133032, 37.700042514, 0], [31.457381032, 37.700139834, 0], [31.457589494, 37.700231409, 0], [31.457805355, 37.700286407, 0], [31.458068412, 37.700284622, 0], [31.458370482, 37.700309478, 0], [31.458690688, 37.700402604, 0], [31.458778699, 37.700597039, 0], [31.458930431, 37.700578117, 0], [31.45929858, 37.70058293, 0], [31.459633705, 37.700592536, 0], [31.459992931, 37.700712119, 0], [31.460208143, 37.700798642, 0], [31.460390321, 37.700895006, 0], [31.460227612, 37.701127976, 0], [31.460151004, 37.701336029, 0], [31.460126734, 37.701555128, 0], [31.460223781, 37.701629564, 0], [31.460401035, 37.701647559, 0], [31.460682641, 37.70170341, 0], [31.460943972, 37.701785307, 0], [31.461224376, 37.701903858, 0], [31.46153107, 37.702017614, 0], [31.461757221, 37.702208714, 0], [31.461876107, 37.70250285, 0], [31.461876391, 37.702805892, 0], [31.461739262, 37.702919082, 0], [31.461760789, 37.703149231, 0], [31.461940167, 37.703381441, 0], [31.462090583, 37.703738705, 0], [31.462241523, 37.70407516, 0], [31.462260678, 37.704420168, 0], [31.462200902, 37.704764326, 0], [31.4620224, 37.705127661, 0], [31.4615154, 37.705476345, 0], [31.461063544, 37.705700406, 0], [31.458503663, 37.705863844, 0], [31.454217721, 37.709138961, 0], [31.445861674, 37.710279071, 0], [31.445690996, 37.710241047, 0], [31.445691353, 37.710170226, 0], [31.445449902, 37.710094414, 0], [31.445057147, 37.710150237, 0], [31.444398246, 37.710130189, 0], [31.443849929, 37.71011412, 0], [31.443442196, 37.71005413, 0], [31.44305944, 37.710025466, 0], [31.443058507, 37.710320381, 0], [31.443032632, 37.710582256, 0], [31.442348693, 37.710600703, 0], [31.442436322, 37.711231903, 0], [31.442369465, 37.711511889, 0], [31.441989713, 37.711643205, 0], [31.441756912, 37.711596514, 0], [31.441602952, 37.711591055, 0], [31.441411995, 37.711578798, 0], [31.441278038, 37.711623162, 0], [31.440969243, 37.71165395, 0], [31.440685557, 37.711642718, 0], [31.440365199, 37.711622621, 0], [31.440462191, 37.711034501, 0], [31.440496722, 37.710806352, 0], [31.440536724, 37.710571606, 0], [31.440522333, 37.710570875, 0], [31.440263582, 37.710544023, 0], [31.4396227, 37.710494361, 0], [31.43880618, 37.710424797, 0], [31.43879672, 37.710367453, 0], [31.437907683, 37.710285478, 0], [31.437423227, 37.710253105, 0], [31.437422948, 37.710261932, 0], [31.437382531, 37.710364571, 0], [31.437192891, 37.710352145, 0], [31.436913302, 37.710319873, 0], [31.436682828, 37.710296362, 0], [31.436534151, 37.710279972, 0], [31.436418294, 37.710268793, 0], [31.435982115, 37.71042304, 0], [31.435987073, 37.710374086, 0], [31.435569102, 37.710334118, 0], [31.435359106, 37.710311056, 0], [31.435243069, 37.710295098, 0], [31.435242074, 37.710240118, 0], [31.435112129, 37.710196042, 0], [31.434994107, 37.710181049, 0], [31.434802124, 37.710151106, 0], [31.434781094, 37.710288063, 0], [31.434752106, 37.710403107, 0], [31.434762135, 37.710531105, 0], [31.434822081, 37.710643096, 0], [31.433655118, 37.710521084, 0], [31.433305118, 37.710474081, 0], [31.433158055, 37.710461043, 0], [31.432911118, 37.71043307, 0], [31.432990106, 37.710609112, 0], [31.43321212, 37.711123071, 0], [31.433268107, 37.711223115, 0], [31.433486076, 37.711565092, 0], [31.433634136, 37.711704116, 0], [31.433778141, 37.71193806, 0], [31.433943107, 37.712416117, 0], [31.43397808, 37.712750074, 0], [31.434037087, 37.713071105, 0], [31.434096103, 37.713365104, 0], [31.43426913, 37.713607092, 0], [31.434313049, 37.713916118, 0], [31.434337049, 37.714247046, 0], [31.433897057, 37.714310044, 0], [31.433416058, 37.714290045, 0], [31.433149063, 37.714312087, 0], [31.432667095, 37.71448905, 0], [31.4319761, 37.71447211, 0], [31.431557105, 37.714453108, 0], [31.431326095, 37.714410116, 0], [31.431089106, 37.714411106, 0], [31.430385133, 37.714455078, 0], [31.429996051, 37.714477108, 0], [31.429933055, 37.714554123, 0], [31.430053061, 37.715149088, 0], [31.430047133, 37.715421048, 0], [31.430022083, 37.715708071, 0], [31.429972119, 37.715890056, 0], [31.429825093, 37.716309085, 0], [31.429914122, 37.716324058, 0], [31.429793084, 37.716837057, 0], [31.429213075, 37.716760125, 0], [31.428723117, 37.716694122, 0], [31.42847213, 37.716662121, 0], [31.428190139, 37.716623038, 0], [31.428202054, 37.716462082, 0], [31.4269851, 37.71626707, 0], [31.426930091, 37.716382036, 0], [31.426812079, 37.716375054, 0], [31.426322054, 37.716277052, 0], [31.425968055, 37.716188073, 0], [31.425891131, 37.716556041, 0], [31.42580406, 37.716917115, 0], [31.425687136, 37.717305093, 0], [31.425516125, 37.717278119, 0], [31.425389087, 37.717251101, 0], [31.425209109, 37.717219051, 0], [31.425033051, 37.717183087, 0], [31.42485013, 37.71715307, 0], [31.424786106, 37.717128065, 0], [31.424619053, 37.717113036, 0], [31.424568055, 37.717374121, 0], [31.424614113, 37.717408076, 0], [31.424644055, 37.717452089, 0], [31.424556108, 37.717726106, 0], [31.424371044, 37.717669116, 0], [31.424136103, 37.717648043, 0], [31.423963103, 37.717631042, 0], [31.423747116, 37.717647076, 0], [31.423692073, 37.717675085, 0], [31.423665057, 37.717802047, 0], [31.423600137, 37.717881105, 0], [31.42349209, 37.717982114, 0], [31.423342133, 37.718202045, 0], [31.42325807, 37.718394114, 0], [31.423220119, 37.718388109, 0], [31.423173132, 37.718570041, 0], [31.423102088, 37.71872606, 0], [31.423077095, 37.718806102, 0], [31.423559487, 37.718898429, 0], [31.423764118, 37.71894604, 0], [31.423978055, 37.718965121, 0], [31.423800114, 37.719287043, 0], [31.423777078, 37.719363057, 0], [31.42430113, 37.71944107, 0], [31.424643074, 37.719499076, 0], [31.424730098, 37.719516098, 0], [31.425032095, 37.719596096, 0], [31.42500211, 37.719638046, 0], [31.425200075, 37.71973107, 0], [31.425418125, 37.719821119, 0], [31.425560048, 37.719870052, 0], [31.425754051, 37.719916076, 0], [31.425645063, 37.720141063, 0], [31.425604058, 37.720288113, 0], [31.425261088, 37.720212075, 0], [31.425134064, 37.72051107, 0], [31.42506807, 37.720623094, 0], [31.424919067, 37.720820063, 0], [31.424785056, 37.720795114, 0], [31.424716081, 37.72100811, 0], [31.424672086, 37.721115112, 0], [31.424650117, 37.721229076, 0], [31.424669054, 37.721267085, 0], [31.425053108, 37.721325111, 0], [31.425505044, 37.721425043, 0], [31.425432067, 37.72177405, 0], [31.425117069, 37.721711091, 0], [31.42503611, 37.721677119, 0], [31.424740069, 37.721629099, 0], [31.424557121, 37.721591061, 0], [31.424558058, 37.72161306, 0], [31.424539065, 37.721613076, 0], [31.424480115, 37.721759075, 0], [31.424414086, 37.721983104, 0], [31.424357083, 37.722121109, 0], [31.424359114, 37.722215119, 0], [31.424335132, 37.722393124, 0], [31.424266126, 37.722603055, 0], [31.424233122, 37.722774091, 0], [31.424347094, 37.722769127, 0], [31.424728068, 37.722699069, 0], [31.424710129, 37.722742081, 0], [31.425249104, 37.72262908, 0], [31.425255127, 37.722941116, 0], [31.42485606, 37.722889107, 0], [31.424828049, 37.722926128, 0], [31.424401127, 37.723875122, 0], [31.424831095, 37.724094066, 0], [31.424905049, 37.724154076, 0], [31.424961117, 37.7241751, 0], [31.42508311, 37.724242059, 0], [31.425198104, 37.724286127, 0], [31.425388127, 37.724388056, 0], [31.425762035, 37.724546055, 0], [31.426105062, 37.724691116, 0], [31.426259041, 37.72474111, 0], [31.426580053, 37.724883083, 0], [31.426941064, 37.725045052, 0], [31.426733105, 37.725335129, 0], [31.426499073, 37.725650087, 0], [31.426878091, 37.725850052, 0], [31.427152131, 37.726010049, 0], [31.426857125, 37.726350056, 0], [31.426381103, 37.726109057, 0], [31.425928048, 37.725813128, 0], [31.425651108, 37.726042089, 0], [31.425308095, 37.726382081, 0], [31.425489124, 37.726467129, 0], [31.425319077, 37.726694094, 0], [31.426332095, 37.727191058, 0], [31.426316094, 37.727275096, 0], [31.426215045, 37.727425129, 0], [31.426146086, 37.72750909, 0], [31.426053079, 37.727646074, 0], [31.425827076, 37.727926087, 0], [31.426096045, 37.728065113, 0], [31.426028119, 37.728162063, 0], [31.425887093, 37.728313094, 0], [31.425594048, 37.72854211, 0], [31.425959091, 37.728912106, 0], [31.425697047, 37.729144059, 0], [31.42584607, 37.729402049, 0], [31.425527041, 37.729594133, 0], [31.425675058, 37.729789123, 0], [31.425756103, 37.729899057, 0], [31.425819108, 37.730030105, 0], [31.42598512, 37.730268047, 0], [31.425773086, 37.730374066, 0], [31.425717081, 37.730416119, 0], [31.425519101, 37.730530075, 0], [31.425251085, 37.730699051, 0], [31.424925075, 37.730889058, 0], [31.424784087, 37.730976111, 0], [31.424584127, 37.731095084, 0], [31.424368113, 37.731287101, 0], [31.424380049, 37.731342047, 0], [31.424599063, 37.731600072, 0], [31.424729077, 37.731735081, 0], [31.424378072, 37.731934123, 0], [31.424102074, 37.731645059, 0], [31.423893061, 37.731745077, 0], [31.423759056, 37.731838079, 0], [31.423941096, 37.732026047, 0], [31.424076084, 37.732222127, 0], [31.424507044, 37.732701049, 0], [31.424707046, 37.732960081, 0], [31.424364085, 37.733159051, 0], [31.424034115, 37.73336306, 0], [31.423701068, 37.73356207, 0], [31.423349057, 37.733755059, 0], [31.423052115, 37.733884086, 0], [31.422887082, 37.733922065, 0], [31.422599067, 37.733983088, 0], [31.422314077, 37.734025048, 0], [31.422221099, 37.734032093, 0], [31.422073116, 37.734144099, 0], [31.421627102, 37.734436115, 0], [31.421297036, 37.734644079, 0], [31.421078088, 37.734797123, 0], [31.420952064, 37.734928074, 0], [31.420779096, 37.735075066, 0], [31.420687063, 37.735174123, 0], [31.420627044, 37.735255047, 0], [31.420610074, 37.735644088, 0], [31.42087204, 37.736065071, 0], [31.420970117, 37.736122072, 0], [31.42144008, 37.73610413, 0], [31.421812107, 37.73611506, 0], [31.421839065, 37.736194086, 0], [31.421807055, 37.736419108, 0], [31.421812101, 37.73669707, 0], [31.421868747, 37.736920396, 0], [31.422294095, 37.737598121, 0], [31.421913118, 37.737757107, 0], [31.421862054, 37.73780409, 0], [31.421964116, 37.738026132, 0], [31.421971091, 37.738103088, 0], [31.4220871, 37.738466066, 0], [31.42224607, 37.738692114, 0], [31.422393105, 37.738850061, 0], [31.422500036, 37.739072078, 0], [31.422752058, 37.739310093, 0], [31.422984085, 37.739476115, 0], [31.4231101, 37.739725059, 0], [31.423218037, 37.739988088, 0], [31.422728045, 37.740190131, 0], [31.422854061, 37.740439075, 0], [31.423060079, 37.740715131, 0], [31.422440092, 37.741014102, 0], [31.422469096, 37.741054138, 0], [31.422675043, 37.741307126, 0], [31.42273603, 37.741379128, 0], [31.422921061, 37.741621112, 0], [31.422875066, 37.741676093, 0], [31.422808052, 37.741813062, 0], [31.422792071, 37.74193107, 0], [31.422674076, 37.742177109, 0], [31.422534115, 37.742338061, 0], [31.422434057, 37.742440076, 0], [31.422334066, 37.742530107, 0], [31.422219054, 37.74263111, 0], [31.42212208, 37.742742086, 0], [31.422027049, 37.742832093, 0], [31.422054083, 37.742859128, 0], [31.422047097, 37.742906071, 0], [31.421790076, 37.743110058, 0], [31.421647966, 37.743178168, 0], [31.421573842, 37.7432972, 0], [31.421571741, 37.743510638, 0], [31.421601977, 37.743580787, 0], [31.421668495, 37.743661244, 0], [31.421725969, 37.743735632, 0], [31.421928883, 37.744017055, 0], [31.42211162, 37.744235041, 0], [31.422509483, 37.744838327, 0], [31.422803679, 37.744761438, 0], [31.422924614, 37.744994365, 0], [31.42302175, 37.745052253, 0], [31.423198284, 37.745064437, 0], [31.423527314, 37.745396925, 0], [31.423617208, 37.745624119, 0], [31.423725375, 37.745810558, 0], [31.423879561, 37.746126288, 0], [31.424090077, 37.746354465, 0], [31.424292613, 37.746672102, 0], [31.424386548, 37.746805997, 0], [31.424479363, 37.746970695, 0], [31.425061938, 37.746827011, 0], [31.425396417, 37.747335908, 0], [31.425615032, 37.747226464, 0], [31.425676658, 37.747189172, 0], [31.426392279, 37.747962219, 0], [31.426496019, 37.747982527, 0], [31.426794719, 37.747976244, 0], [31.427215438, 37.747935905, 0], [31.427705205, 37.747790609, 0], [31.427923055, 37.747978148, 0], [31.42797267, 37.748105953, 0], [31.428186506, 37.74853637, 0], [31.434291742, 37.745471522, 0], [31.434497975, 37.745717826, 0], [31.434512765, 37.745904276, 0], [31.434022393, 37.746594568, 0], [31.433486794, 37.747258756, 0], [31.43306222, 37.747877111, 0], [31.432466168, 37.748974723, 0], [31.434463424, 37.750448598, 0], [31.432284449, 37.755859733, 0], [31.432060355, 37.755873241, 0], [31.43168806, 37.755932262, 0], [31.43127885, 37.756046118, 0], [31.430853338, 37.756111817, 0], [31.430437391, 37.756274148, 0], [31.42999671, 37.756340003, 0], [31.429438471, 37.756631091, 0], [31.428843181, 37.756983136, 0], [31.428195278, 37.757366104, 0], [31.428052986, 37.757494862, 0], [31.427912787, 37.757732499, 0], [31.427671795, 37.757880665, 0], [31.427488935, 37.75788282, 0], [31.4271882, 37.758098219, 0], [31.426705059, 37.758333979, 0], [31.426404567, 37.758555416, 0], [31.425940409, 37.758990565, 0], [31.425390083, 37.759299671, 0], [31.425179665, 37.759453467, 0], [31.425214581, 37.759682988, 0], [31.425020059, 37.759872859, 0], [31.424733726, 37.760039695, 0], [31.42469732, 37.76013193, 0], [31.424814694, 37.760238475, 0], [31.425116907, 37.760532303, 0], [31.425051704, 37.760786257, 0], [31.42505644, 37.761008707, 0], [31.424908687, 37.761204519, 0], [31.424635194, 37.76165717, 0], [31.424543986, 37.761892394, 0], [31.424463059, 37.762013678, 0], [31.42439338, 37.762218103, 0], [31.424386807, 37.762408774, 0], [31.424455517, 37.762492682, 0], [31.424566765, 37.76254391, 0], [31.424670414, 37.76258269, 0], [31.424936152, 37.762619403, 0], [31.425126228, 37.762595363, 0], [31.425359356, 37.762558561, 0], [31.425445388, 37.76257611, 0], [31.425540176, 37.762639912, 0], [31.424650254, 37.764988847, 0], [31.424282853, 37.765035385, 0], [31.424151551, 37.764689416, 0], [31.424027994, 37.764477, 0], [31.423965082, 37.764283057, 0], [31.423847117, 37.764133612, 0], [31.423737736, 37.763954635, 0], [31.423683141, 37.763717371, 0], [31.423846867, 37.763413375, 0], [31.423964569, 37.763037126, 0], [31.424058492, 37.762868169, 0], [31.42406069, 37.762720511, 0], [31.424100527, 37.762563715, 0], [31.424061598, 37.762430735, 0], [31.424052879, 37.762351954, 0], [31.42409672, 37.762249097, 0], [31.424061451, 37.762190686, 0], [31.424094471, 37.762112463, 0], [31.424092344, 37.761987725, 0], [31.424142089, 37.761831602, 0], [31.424159825, 37.76173254, 0], [31.424346443, 37.761540493, 0], [31.42435894, 37.761441271, 0], [31.424293642, 37.761324519, 0], [31.423954105, 37.761108854, 0], [31.423634998, 37.760914186, 0], [31.423426756, 37.760898964, 0], [31.423138696, 37.760957194, 0], [31.422786139, 37.76086552, 0], [31.422745455, 37.760815326, 0], [31.42243507, 37.760699436, 0], [31.422357191, 37.760685958, 0], [31.422277414, 37.760515126, 0], [31.42203614, 37.760089738, 0], [31.422002456, 37.759956828, 0], [31.421930694, 37.759897838, 0], [31.4219067, 37.759802362, 0], [31.421750676, 37.759783692, 0], [31.42157598, 37.759661328, 0], [31.421510689, 37.759544574, 0], [31.420573087, 37.758766179, 0], [31.42002512, 37.758303516, 0], [31.419839776, 37.758189206, 0], [31.419778673, 37.758122157, 0], [31.418989948, 37.757717172, 0], [31.417190484, 37.759323065, 0], [31.416604803, 37.758917819, 0], [31.41607416, 37.75837256, 0], [31.415732066, 37.7573, 0], [31.415693537, 37.756662058, 0], [31.415889635, 37.756267318, 0], [31.414678115, 37.756385373, 0], [31.400733362, 37.757730724, 0], [31.389785617, 37.77263481, 0], [31.374663185, 37.785489259, 0], [31.326457696, 37.814243227, 0], [31.328366714, 37.815851618, 0], [31.333017322, 37.824304727, 0], [31.336279042, 37.830833189, 0], [31.338860023, 37.836645344, 0], [31.339232814, 37.837295763, 0], [31.339838715, 37.837918742, 0], [31.342060066, 37.839056098, 0], [31.354841344, 37.844396684, 0], [31.364268671, 37.848340898, 0], [31.370251572, 37.850862696, 0], [31.373029507, 37.851747221, 0], [31.37439985, 37.852383561, 0], [31.377950926, 37.853530221, 0], [31.382917726, 37.855885275, 0], [31.386003193, 37.857245427, 0], [31.407717268, 37.881416647, 0], [31.464275821, 37.932337757, 0], [31.483588803, 37.949641974, 0], [31.500904529, 37.940140036, 0], [31.501511328, 37.943339784, 0], [31.499635805, 37.944280013, 0], [31.498473243, 37.944866638, 0], [31.498765864, 37.946129427, 0], [31.501174138, 37.947607877, 0], [31.50072574, 37.947662804, 0], [31.500729297, 37.947709434, 0], [31.50027265, 37.947851567, 0], [31.50046441, 37.948662626, 0], [31.500368513, 37.948698707, 0], [31.500080989, 37.948729461, 0], [31.499864115, 37.948931867, 0], [31.50003407, 37.949172185, 0], [31.500161813, 37.949411515, 0], [31.500311803, 37.949710688, 0], [31.500566722, 37.950185193, 0], [31.499651012, 37.950402025, 0], [31.499130207, 37.950601363, 0], [31.498893171, 37.950682678, 0], [31.498490432, 37.950821887, 0], [31.498374267, 37.950857618, 0], [31.498364585, 37.950839924, 0], [31.498184985, 37.950898182, 0], [31.497954702, 37.951002648, 0], [31.497765273, 37.951096462, 0], [31.49726473, 37.951272803, 0], [31.496869219, 37.951351818, 0], [31.496705476, 37.951368738, 0], [31.49655251, 37.951372639, 0], [31.496385483, 37.951394112, 0], [31.49628038, 37.951439534, 0], [31.496156385, 37.951532289, 0], [31.496085196, 37.95160833, 0], [31.495891737, 37.951724706, 0], [31.495598516, 37.951840797, 0], [31.495490408, 37.951900055, 0], [31.495324782, 37.952032195, 0], [31.4950671, 37.952223347, 0], [31.494885921, 37.952340329, 0], [31.494833107, 37.952476975, 0], [31.494801778, 37.952499101, 0], [31.494955842, 37.952611632, 0], [31.495141334, 37.952757094, 0], [31.494700034, 37.953083308, 0], [31.495013206, 37.953410887, 0], [31.495246227, 37.953269428, 0], [31.495551011, 37.953543736, 0], [31.495415457, 37.953632378, 0], [31.49503547, 37.953869812, 0], [31.495409952, 37.954224215, 0], [31.495521643, 37.954329896, 0], [31.4957515, 37.954587476, 0], [31.495510515, 37.954714327, 0], [31.494955867, 37.955052246, 0], [31.495152415, 37.955254076, 0], [31.495338043, 37.9554254, 0], [31.495496855, 37.955599985, 0], [31.495323898, 37.955709233, 0], [31.495117663, 37.955816344, 0], [31.495017094, 37.955855425, 0], [31.494849082, 37.955938425, 0], [31.494644263, 37.956068079, 0], [31.494495569, 37.956147271, 0], [31.494738893, 37.956393492, 0], [31.494972581, 37.956242852, 0], [31.495076832, 37.956188951, 0], [31.495404433, 37.956486347, 0], [31.495633623, 37.956698686, 0], [31.496019818, 37.956433667, 0], [31.496346366, 37.956677074, 0], [31.496106168, 37.95687548, 0], [31.495648274, 37.957176705, 0], [31.495241063, 37.957450194, 0], [31.494343892, 37.958050171, 0], [31.493981316, 37.958329904, 0], [31.493947349, 37.958352356, 0], [31.493995607, 37.958379285, 0], [31.494244803, 37.958558903, 0], [31.494360209, 37.9586622, 0], [31.4945318, 37.958509955, 0], [31.494592314, 37.958479102, 0], [31.494741202, 37.958409013, 0], [31.495434606, 37.958227402, 0], [31.495640615, 37.958458276, 0], [31.495835586, 37.958627556, 0], [31.49607403, 37.958786939, 0], [31.496161548, 37.958849511, 0], [31.496243198, 37.958919035, 0], [31.49643164, 37.959086429, 0], [31.496713025, 37.959262128, 0], [31.496786201, 37.9593192, 0], [31.495620121, 37.960253827, 0], [31.495788898, 37.960405201, 0], [31.49599809, 37.960641431, 0], [31.496587571, 37.961243938, 0], [31.497068975, 37.961880923, 0], [31.496714534, 37.962157164, 0], [31.497209459, 37.962780445, 0], [31.496731044, 37.962949406, 0], [31.496275234, 37.963027017, 0], [31.495192547, 37.963207077, 0], [31.494934099, 37.963213141, 0], [31.49469574, 37.963968332, 0], [31.49575074, 37.963876046, 0], [31.496190195, 37.963795165, 0], [31.496592399, 37.963722726, 0], [31.497122943, 37.963667604, 0], [31.497690834, 37.963576194, 0], [31.497781571, 37.964024639, 0], [31.497411839, 37.964055958, 0], [31.497505955, 37.965558957, 0], [31.497528615, 37.965948594, 0], [31.498579947, 37.965977699, 0], [31.498742558, 37.965994913, 0], [31.497079618, 37.967946993, 0], [31.496308951, 37.96889749, 0], [31.497079422, 37.969457346, 0], [31.497459878, 37.969739373, 0], [31.497866718, 37.970072015, 0], [31.49832226, 37.970479525, 0], [31.500901032, 37.972941232, 0], [31.50094381, 37.973044318, 0], [31.500482131, 37.973158362, 0], [31.500223245, 37.973174974, 0], [31.50008273, 37.973238328, 0], [31.499742947, 37.973520981, 0], [31.499478934, 37.973706294, 0], [31.499035339, 37.974144405, 0], [31.498805521, 37.974217881, 0], [31.498124909, 37.974561684, 0], [31.498406343, 37.974807122, 0], [31.498646373, 37.975057347, 0], [31.498754738, 37.975309585, 0], [31.499370157, 37.976258596, 0], [31.499469301, 37.976479809, 0], [31.499627596, 37.976673214, 0], [31.499782742, 37.976915235, 0], [31.500011954, 37.977254705, 0], [31.5011134, 37.998917899, 0], [31.500257332, 37.999625393, 0], [31.500272587, 38.001107823, 0], [31.500928735, 38.003000927, 0], [31.501214525, 38.003587012, 0], [31.501615421, 38.003801528, 0], [31.501833085, 38.004075879, 0], [31.501863568, 38.004207101, 0], [31.501862771, 38.004449294, 0], [31.502009071, 38.004778331, 0], [31.502006744, 38.005095743, 0], [31.502113795, 38.005322821, 0], [31.502110932, 38.00546353, 0], [31.502169975, 38.00560827, 0], [31.50222116, 38.005936095, 0], [31.502140487, 38.009738506, 0], [31.502130482, 38.009897775, 0], [31.501313294, 38.011439065, 0], [31.501143928, 38.011840757, 0], [31.503627102, 38.012924552, 0], [31.504986459, 38.01345725, 0], [31.505328388, 38.014811377, 0], [31.506735632, 38.017948437, 0], [31.512667322, 38.017917405, 0], [31.512828735, 38.022223689, 0], [31.51253102, 38.023989409, 0], [31.512308002, 38.027467803, 0], [31.511134756, 38.030275132, 0], [31.511589578, 38.030976505, 0], [31.512201091, 38.031126973, 0], [31.514045842, 38.031204103, 0], [31.515651706, 38.031074549, 0], [31.51634842, 38.030979544, 0], [31.519208529, 38.031299985, 0], [31.520566103, 38.031682187, 0], [31.524642742, 38.033359018, 0], [31.526248102, 38.033860861, 0], [31.527515604, 38.034775728, 0], [31.527836732, 38.034833363, 0], [31.528586893, 38.035148664, 0], [31.528727517, 38.035244314, 0], [31.528956521, 38.035327735, 0], [31.529462818, 38.03579559, 0], [31.530200746, 38.036220746, 0], [31.530367409, 38.03636772, 0], [31.530746872, 38.036562946, 0], [31.530965737, 38.036646236, 0], [31.531785992, 38.036854988, 0], [31.532286885, 38.037086687, 0], [31.532668399, 38.037349062, 0], [31.533360829, 38.03801241, 0], [31.534525231, 38.038488454, 0], [31.535303465, 38.038935526, 0], [31.535449372, 38.039106382, 0], [31.535895118, 38.039721047, 0], [31.53663195, 38.041649466, 0], [31.537942493, 38.043479686, 0], [31.539017538, 38.044188037, 0], [31.540207229, 38.044594598, 0], [31.541598571, 38.045438317, 0], [31.542496025, 38.04603982, 0], [31.543937565, 38.046752671, 0], [31.5446672, 38.047089061, 0], [31.545992996, 38.047650248, 0], [31.547265651, 38.048495136, 0], [31.547645439, 38.048974144, 0], [31.54795133, 38.049340778, 0], [31.548822511, 38.050245023, 0], [31.550049329, 38.051011553, 0], [31.550825732, 38.051391373, 0], [31.550912325, 38.051389557, 0], [31.551188507, 38.051309975, 0], [31.551425371, 38.051470489, 0], [31.551806872, 38.051635849, 0], [31.552211478, 38.05178293, 0], [31.552604346, 38.052048895, 0], [31.552743239, 38.052039973, 0], [31.552905059, 38.052136306, 0], [31.553229583, 38.051930897, 0], [31.553536875, 38.051688873, 0], [31.553947782, 38.051410909, 0], [31.553828725, 38.051844562, 0], [31.55378608, 38.05223978, 0], [31.553718398, 38.052923296, 0], [31.553672299, 38.053326761, 0], [31.553699398, 38.053606871, 0], [31.553670804, 38.053908822, 0], [31.553593828, 38.054166747, 0], [31.553474996, 38.054474075, 0], [31.553238008, 38.054825091, 0], [31.553035849, 38.055154189, 0], [31.55273586, 38.055697344, 0], [31.552652122, 38.055878415, 0], [31.552630891, 38.05602106, 0], [31.552561075, 38.056196717, 0], [31.55243565, 38.056361236, 0], [31.552358729, 38.05655879, 0], [31.552254183, 38.056717799, 0], [31.552073308, 38.05684388, 0], [31.551975587, 38.057052351, 0], [31.551884948, 38.057211441, 0], [31.55178754, 38.057299084, 0], [31.551550362, 38.057716051, 0], [31.551424689, 38.057973915, 0], [31.551882051, 38.058364481, 0], [31.552006499, 38.058578843, 0], [31.552110133, 38.058809618, 0], [31.552248438, 38.059045866, 0], [31.552400414, 38.059337156, 0], [31.552566242, 38.059688806, 0], [31.552746058, 38.059974582, 0], [31.552870709, 38.060112086, 0], [31.553133783, 38.060441867, 0], [31.553202944, 38.060557332, 0], [31.553583819, 38.060986146, 0], [31.553854023, 38.061250145, 0], [31.553999291, 38.061486477, 0], [31.554241409, 38.061854742, 0], [31.554331201, 38.062063539, 0], [31.554758641, 38.062601048, 0], [31.554988062, 38.063022678, 0], [31.555260073, 38.06364937, 0], [31.555561573, 38.064048278, 0], [31.554985069, 38.064206803, 0], [31.553645453, 38.064352781, 0], [31.552896472, 38.064419878, 0], [31.551859467, 38.064463779, 0], [31.55076453, 38.064632923, 0], [31.549626263, 38.064858828, 0], [31.549331117, 38.065377073, 0], [31.548554954, 38.065948485, 0], [31.547218167, 38.066809318, 0], [31.546656189, 38.066787591, 0], [31.546013311, 38.066925607, 0], [31.545403409, 38.067059614, 0], [31.544852546, 38.067515843, 0], [31.544390463, 38.067926945, 0], [31.544425175, 38.068390424, 0], [31.544814491, 38.068696287, 0], [31.545462626, 38.069409113, 0], [31.545770641, 38.069909404, 0], [31.545703672, 38.070385951, 0], [31.545761297, 38.071173911, 0], [31.545939696, 38.07177811, 0], [31.54614192, 38.072660486, 0], [31.546016927, 38.073052608, 0], [31.54599617, 38.073364925, 0], [31.546164268, 38.07374905, 0], [31.546507665, 38.0741585, 0], [31.546310877, 38.074639298, 0], [31.545979846, 38.075057974, 0], [31.545446848, 38.075430448, 0], [31.544832103, 38.075743519, 0], [31.54436511, 38.07604391, 0], [31.543382219, 38.076782483, 0], [31.543081253, 38.077077629, 0], [31.54310383, 38.07826603, 0], [31.542766785, 38.079449972, 0], [31.542643374, 38.08055646, 0], [31.542282489, 38.081084051, 0], [31.541708869, 38.081638195, 0], [31.541240667, 38.081996856, 0], [31.54075114, 38.08250104, 0], [31.540326234, 38.082998726, 0], [31.539890372, 38.083583676, 0], [31.53960324, 38.084112265, 0], [31.53916954, 38.084587942, 0], [31.538672998, 38.084975344, 0], [31.537866242, 38.085198587, 0], [31.537362603, 38.085483897, 0], [31.536905217, 38.085755183, 0], [31.536483849, 38.086077916, 0], [31.536071738, 38.086393554, 0], [31.535667675, 38.086767498, 0], [31.535191363, 38.087067735, 0], [31.534618127, 38.08714078, 0], [31.533788994, 38.087093942, 0], [31.532951906, 38.086988792, 0], [31.532086073, 38.086934186, 0], [31.531311873, 38.086909913, 0], [31.530662217, 38.087113175, 0], [31.530259873, 38.087399721, 0], [31.529493142, 38.087922283, 0], [31.528939352, 38.088403717, 0], [31.528447945, 38.088995225, 0], [31.527126187, 38.089036869, 0], [31.52642075, 38.08915543, 0], [31.525351158, 38.089165166, 0], [31.524356055, 38.089117891, 0], [31.523458528, 38.089315025, 0], [31.522247403, 38.089689768, 0], [31.521512615, 38.089868932, 0], [31.520134251, 38.090049536, 0], [31.52060457, 38.090269818, 0], [31.521223536, 38.090234361, 0], [31.521838793, 38.090252376, 0], [31.522144263, 38.090501573, 0], [31.522244864, 38.091011118, 0], [31.522142786, 38.091933494, 0], [31.522728252, 38.09291813, 0], [31.522903932, 38.093262555, 0], [31.52299497, 38.093663673, 0], [31.52303976, 38.094031232, 0], [31.523430399, 38.094324837, 0], [31.523931728, 38.094562075, 0], [31.524343246, 38.094855849, 0], [31.525024836, 38.09521077, 0], [31.525713763, 38.095982332, 0], [31.525853602, 38.096553096, 0], [31.525754128, 38.097347649, 0], [31.525664024, 38.097680535, 0], [31.525791025, 38.098370797, 0], [31.526263863, 38.09873129, 0], [31.527014028, 38.099050028, 0], [31.527070983, 38.099595062, 0], [31.527330673, 38.099911701, 0], [31.527723606, 38.100613493, 0], [31.527987586, 38.100983796, 0], [31.528694879, 38.101359652, 0], [31.529277037, 38.101733938, 0], [31.529975192, 38.101918921, 0], [31.530007156, 38.102538878, 0], [31.52964059, 38.103123933, 0], [31.529573469, 38.104389058, 0], [31.529221363, 38.105945346, 0], [31.529522023, 38.107606848, 0], [31.529740727, 38.108008748, 0], [31.529546423, 38.108594516, 0], [31.529100957, 38.108989632, 0], [31.528554851, 38.109717321, 0], [31.527873969, 38.11050495, 0], [31.527728437, 38.111227654, 0], [31.527541378, 38.11201345, 0], [31.527924347, 38.112511931, 0], [31.528629136, 38.11304616, 0], [31.528861, 38.113542745, 0], [31.529002058, 38.114046031, 0], [31.529202942, 38.114582053, 0], [31.530028136, 38.116144878, 0], [31.530917993, 38.118003056, 0], [31.531640287, 38.119174522, 0], [31.531782985, 38.119653677, 0], [31.531530493, 38.120128522, 0], [31.531045169, 38.120711644, 0], [31.530260029, 38.121163605, 0], [31.529959459, 38.1215818, 0], [31.529903622, 38.121851774, 0], [31.529910656, 38.122504756, 0], [31.529850122, 38.123013536, 0], [31.529656886, 38.123600217, 0], [31.529713691, 38.124285629, 0], [31.529534757, 38.12466561, 0], [31.52934375, 38.125140859, 0], [31.529229761, 38.125800255, 0], [31.529150914, 38.126714814, 0], [31.528816513, 38.127307744, 0], [31.528719927, 38.128102692, 0], [31.528702985, 38.128946484, 0], [31.528490712, 38.129477239, 0], [31.528526421, 38.130210141, 0], [31.528258537, 38.131504551, 0], [31.52848071, 38.131984976, 0], [31.528694099, 38.132401677, 0], [31.529144505, 38.132827113, 0], [31.52942467, 38.133039122, 0], [31.529922866, 38.134576495, 0], [31.529965786, 38.135499425, 0], [31.527692643, 38.136962526, 0], [31.527200408, 38.137357946, 0], [31.52658669, 38.137837799, 0], [31.526293233, 38.138098932, 0], [31.525827512, 38.138541352, 0], [31.525348843, 38.13890684, 0], [31.525039888, 38.139180209, 0], [31.5247156, 38.139527991, 0], [31.524496757, 38.139858625, 0], [31.524274979, 38.140208774, 0], [31.523944859, 38.140845533, 0], [31.523861028, 38.141316713, 0], [31.523725912, 38.142231369, 0], [31.523694122, 38.142529393, 0], [31.523628571, 38.142966472, 0], [31.523430566, 38.143863668, 0], [31.523831986, 38.143962152, 0], [31.523825901, 38.144091284, 0], [31.523760247, 38.144337343, 0], [31.523419507, 38.144972254, 0], [31.522701331, 38.145956343, 0], [31.522368788, 38.146314736, 0], [31.521135787, 38.147208089, 0], [31.520922065, 38.14733911, 0], [31.520719989, 38.147038052, 0], [31.520549138, 38.14711519, 0], [31.520355287, 38.147124371, 0], [31.518220367, 38.148077145, 0], [31.516615963, 38.148792943, 0], [31.514653312, 38.149668717, 0], [31.512331258, 38.149954141, 0], [31.510053713, 38.150345325, 0], [31.507573572, 38.150771283, 0], [31.505098315, 38.151196349, 0], [31.502637953, 38.151618759, 0], [31.500305846, 38.152591936, 0], [31.497927546, 38.153584297, 0], [31.497788163, 38.153662436, 0], [31.496053181, 38.155074849, 0], [31.496003141, 38.156644707, 0], [31.49594127, 38.158588612, 0], [31.495892352, 38.160126407, 0], [31.49593234, 38.160749983, 0], [31.495758995, 38.161188366, 0], [31.495497007, 38.161483701, 0], [31.494616521, 38.162104849, 0], [31.494043241, 38.162387358, 0], [31.493613415, 38.162733246, 0], [31.492725679, 38.163161015, 0], [31.492407154, 38.163499587, 0], [31.492070829, 38.164162842, 0], [31.491591406, 38.164753976, 0], [31.491091361, 38.165801666, 0], [31.491288231, 38.16650691, 0], [31.492220479, 38.16716015, 0], [31.492302445, 38.167503774, 0], [31.491580287, 38.168530952, 0], [31.491430617, 38.16932545, 0], [31.475789218, 38.166915265, 0], [31.462152953, 38.168309636, 0], [31.454460988, 38.171090736, 0], [31.452729945, 38.174474171, 0], [31.445722856, 38.176215731, 0], [31.442984645, 38.18010962, 0], [31.432244666, 38.181786108, 0], [31.428349431, 38.181022843, 0], [31.424155814, 38.184271746, 0], [31.422098548, 38.187687359, 0], [31.421241706, 38.189110442, 0], [31.414946735, 38.18941142, 0], [31.412456771, 38.192233458, 0], [31.405300135, 38.192516312, 0], [31.399892766, 38.19598741, 0], [31.391895765, 38.201667409, 0], [31.389290684, 38.206588707, 0], [31.381517256, 38.211095219, 0], [31.365122533, 38.220593923, 0], [31.354392687, 38.232414278, 0], [31.337813671, 38.247025886, 0], [31.326965987, 38.256581601, 0], [31.324692949, 38.268753198, 0], [31.323266794, 38.281543292, 0], [31.32312504, 38.281541716, 0], [31.322502729, 38.281607329, 0], [31.322169008, 38.281442989, 0], [31.321371017, 38.281224071, 0], [31.320662221, 38.281229872, 0], [31.319887021, 38.28119219, 0], [31.319109781, 38.280654421, 0], [31.318508956, 38.280369203, 0], [31.318116862, 38.280108239, 0], [31.3174319, 38.279960111, 0], [31.317030293, 38.280401153, 0], [31.316471278, 38.281228353, 0], [31.31613087, 38.28194156, 0], [31.315977054, 38.282465984, 0], [31.316007407, 38.282902682, 0], [31.316243329, 38.28379436, 0], [31.316356977, 38.284131162, 0], [31.316595059, 38.284342079, 0], [31.3170335, 38.284646241, 0], [31.317199807, 38.285042272, 0], [31.317283067, 38.285527571, 0], [31.317224795, 38.286005434, 0], [31.317049796, 38.286279528, 0], [31.316846638, 38.286601151, 0], [31.316718638, 38.286881236, 0], [31.316538964, 38.287357446, 0], [31.316817333, 38.288159362, 0], [31.316521477, 38.288697695, 0], [31.316088528, 38.289031965, 0], [31.315919717, 38.28932741, 0], [31.315832361, 38.289602761, 0], [31.316098795, 38.290048074, 0], [31.317836609, 38.290785881, 0], [31.316393443, 38.290733276, 0], [31.316029051, 38.290728044, 0], [31.315497266, 38.290667158, 0], [31.314766883, 38.290725861, 0], [31.313974662, 38.290836829, 0], [31.312927166, 38.290749956, 0], [31.312160658, 38.290621888, 0], [31.311248577, 38.290949243, 0], [31.310715689, 38.291228805, 0], [31.309815839, 38.291609484, 0], [31.308666508, 38.292273794, 0], [31.307736194, 38.291643283, 0], [31.307064967, 38.291484661, 0], [31.306588225, 38.291084134, 0], [31.305992284, 38.290011634, 0], [31.305718261, 38.2896034, 0], [31.305576987, 38.289292769, 0], [31.304978753, 38.288316006, 0], [31.304577406, 38.28816127, 0], [31.30411958, 38.288112034, 0], [31.303507705, 38.288305367, 0], [31.303139117, 38.288480864, 0], [31.302717605, 38.288613067, 0], [31.30177524, 38.288503739, 0], [31.299686158, 38.288941536, 0], [31.298588303, 38.289712901, 0], [31.298298672, 38.289974672, 0], [31.298049318, 38.290247748, 0], [31.297679061, 38.290497715, 0], [31.297136534, 38.290606788, 0], [31.296568785, 38.290641159, 0], [31.296242096, 38.290753453, 0], [31.295394294, 38.29121983, 0], [31.295127215, 38.291673471, 0], [31.29503878, 38.291991407, 0], [31.294696148, 38.292784344, 0], [31.294372406, 38.293354108, 0], [31.293601696, 38.293981249, 0], [31.29323156, 38.294220571, 0], [31.292857528, 38.294630034, 0], [31.292619125, 38.295009574, 0], [31.29264909, 38.295456902, 0], [31.292525703, 38.296114722, 0], [31.292484032, 38.296741835, 0], [31.292226916, 38.29791902, 0], [31.292155443, 38.298662738, 0], [31.29196904, 38.299128178, 0], [31.291341478, 38.299980743, 0], [31.290343811, 38.301072708, 0], [31.289994688, 38.301567667, 0], [31.289703481, 38.301893183, 0], [31.289548011, 38.302188872, 0], [31.289763974, 38.302766493, 0], [31.289819481, 38.303277984, 0], [31.289697051, 38.303893286, 0], [31.289442525, 38.304378991, 0], [31.288787422, 38.305252493, 0], [31.288478556, 38.305758666, 0], [31.288345265, 38.30683124, 0], [31.288407264, 38.307066222, 0], [31.288170797, 38.307360637, 0], [31.288127077, 38.308072862, 0], [31.287976816, 38.30871965, 0], [31.287879324, 38.309420367, 0], [31.287611378, 38.309905872, 0], [31.287210173, 38.310314917, 0], [31.2868485, 38.310767155, 0], [31.286745927, 38.31110614, 0], [31.286763473, 38.31151067, 0], [31.287160904, 38.311835606, 0], [31.288432972, 38.312290441, 0], [31.28885988, 38.312509395, 0], [31.289243341, 38.312855474, 0], [31.289505368, 38.31319978, 0], [31.290135287, 38.314549458, 0], [31.290389082, 38.315244668, 0], [31.291224807, 38.316459129, 0], [31.291722754, 38.317104735, 0], [31.291443817, 38.317483681, 0], [31.291326273, 38.317886241, 0], [31.291382298, 38.318376474, 0], [31.291518071, 38.318921028, 0], [31.292048842, 38.319896962, 0], [31.292630167, 38.321022474, 0], [31.293312475, 38.321872939, 0], [31.293913456, 38.322732849, 0], [31.294492814, 38.323368906, 0], [31.295023407, 38.324355457, 0], [31.295000701, 38.324748768, 0], [31.294794866, 38.325272221, 0], [31.290181713, 38.32859842, 0], [31.285583459, 38.359728009, 0], [31.278751911, 38.36038732, 0], [31.273898705, 38.362463974, 0], [31.273508163, 38.364743737, 0], [31.261286915, 38.367908671, 0], [31.255950433, 38.373395254, 0], [31.252733112, 38.37542435, 0], [31.246581735, 38.376388507, 0], [31.246212546, 38.377580738, 0], [31.242251245, 38.378846091, 0], [31.239166652, 38.3797595, 0], [31.239203576, 38.383219613, 0], [31.237426657, 38.384355425, 0], [31.237620653, 38.387210371, 0], [31.238139817, 38.394721292, 0], [31.242839139, 38.405093834, 0], [31.240607089, 38.40686525, 0], [31.238915801, 38.415384182, 0], [31.240216383, 38.41765957, 0], [31.239950683, 38.423500428, 0], [31.252369041, 38.440684457, 0], [31.257572955, 38.439207818, 0], [31.263922312, 38.442753795, 0], [31.267528017, 38.444807962, 0], [31.277913442, 38.443142061, 0], [31.282221252, 38.445649647, 0], [31.284469837, 38.450139697, 0], [31.287709794, 38.453782876, 0], [31.297770393, 38.458784494, 0], [31.297851892, 38.458847305, 0], [31.298160586, 38.458970268, 0], [31.298258568, 38.459031426, 0], [31.29837827, 38.459153625, 0], [31.298753629, 38.459661188, 0], [31.299887056, 38.458920113, 0], [31.300846315, 38.45917261, 0], [31.300987652, 38.45896906, 0], [31.301042811, 38.458978509, 0], [31.301204237, 38.459006258, 0], [31.301216999, 38.459050411, 0], [31.301371231, 38.459155178, 0], [31.301725628, 38.459312311, 0], [31.302060065, 38.459438071, 0], [31.302001149, 38.459975726, 0], [31.303583124, 38.45943014, 0], [31.303763811, 38.459103723, 0], [31.304320002, 38.458973569, 0], [31.304427363, 38.458920975, 0], [31.304679422, 38.458807408, 0], [31.305086323, 38.458833299, 0], [31.305242705, 38.459540931, 0], [31.305419942, 38.460023893, 0], [31.305512332, 38.460029554, 0], [31.30556695, 38.460086385, 0], [31.305565331, 38.460268627, 0], [31.305767629, 38.46025831, 0], [31.306012563, 38.460820995, 0], [31.306190148, 38.461083403, 0], [31.306261763, 38.461132821, 0], [31.306336103, 38.461186963, 0], [31.307288976, 38.460336439, 0], [31.307375953, 38.460395809, 0], [31.307499146, 38.460478586, 0], [31.308444693, 38.46161936, 0], [31.309720222, 38.463407101, 0], [31.31132248, 38.464496784, 0], [31.31261642, 38.465617411, 0], [31.312324492, 38.46582304, 0], [31.312612132, 38.46616631, 0], [31.312815517, 38.466300602, 0], [31.313101655, 38.466594926, 0], [31.312770763, 38.466708186, 0], [31.313143443, 38.467125748, 0], [31.313585294, 38.467487364, 0], [31.314036357, 38.467977139, 0], [31.31509749, 38.468935996, 0], [31.314668673, 38.469410313, 0], [31.314871294, 38.46951711, 0], [31.314978448, 38.469749841, 0], [31.31499088, 38.469853271, 0], [31.315090478, 38.47000868, 0], [31.315222049, 38.47011022, 0], [31.315437532, 38.470346761, 0], [31.315664724, 38.470624464, 0], [31.315857233, 38.470776073, 0], [31.316011151, 38.471107591, 0], [31.316087167, 38.471240766, 0], [31.316191104, 38.471510479, 0], [31.316330313, 38.471629246, 0], [31.316312847, 38.47171774, 0], [31.31626557, 38.47195816, 0], [31.316117719, 38.472190466, 0], [31.315999567, 38.472466626, 0], [31.316027261, 38.472600728, 0], [31.316148796, 38.472711403, 0], [31.316134664, 38.472806882, 0], [31.316245961, 38.472845693, 0], [31.316306569, 38.472946482, 0], [31.316439708, 38.472976867, 0], [31.316562415, 38.473045302, 0], [31.31665728, 38.473107842, 0], [31.316798769, 38.47332791, 0], [31.316928652, 38.473498348, 0], [31.317027185, 38.47363491, 0], [31.317049919, 38.473758849, 0], [31.317010691, 38.473860455, 0], [31.316872587, 38.474031276, 0], [31.316734004, 38.474177944, 0], [31.316788558, 38.474177377, 0], [31.317149401, 38.47472855, 0], [31.317221689, 38.474867798, 0], [31.31723869, 38.474937507, 0], [31.317301579, 38.475074457, 0], [31.317555224, 38.475146395, 0], [31.317917439, 38.475447837, 0], [31.31829617, 38.475693565, 0], [31.318381149, 38.475766863, 0], [31.318818322, 38.47605244, 0], [31.31915135, 38.476341116, 0], [31.319179549, 38.476404949, 0], [31.319270128, 38.476501752, 0], [31.319554124, 38.47680567, 0], [31.319729036, 38.476983329, 0], [31.319769713, 38.47701869, 0], [31.319980686, 38.477202631, 0], [31.320077855, 38.477349532, 0], [31.320399525, 38.477700388, 0], [31.320785371, 38.478121089, 0], [31.320951825, 38.47847206, 0], [31.32129999, 38.478879244, 0], [31.321822799, 38.479435518, 0], [31.322015073, 38.479570266, 0], [31.322555056, 38.479965239, 0], [31.322563625, 38.479970767, 0], [31.322737801, 38.480103362, 0], [31.325344734, 38.47822116, 0], [31.325497526, 38.478350562, 0], [31.325627986, 38.478423784, 0], [31.325616989, 38.478678421, 0], [31.325681687, 38.479113883, 0], [31.325745, 38.479576535, 0], [31.325582042, 38.480217137, 0], [31.325596034, 38.480372303, 0], [31.325802858, 38.480385261, 0], [31.325959997, 38.48041688, 0], [31.3262814, 38.480621759, 0], [31.326698111, 38.480825928, 0], [31.327248889, 38.48101309, 0], [31.327536323, 38.481133691, 0], [31.327765327, 38.481201471, 0], [31.327844274, 38.48125008, 0], [31.328026158, 38.481303312, 0], [31.328205994, 38.481322457, 0], [31.32858813, 38.481407288, 0], [31.328791649, 38.48144479, 0], [31.329852608, 38.481367398, 0], [31.329987851, 38.481463208, 0], [31.329977836, 38.481520277, 0], [31.330114825, 38.481716569, 0], [31.330454234, 38.482227483, 0], [31.330643711, 38.482455788, 0], [31.331250266, 38.482840678, 0], [31.331393016, 38.482889923, 0], [31.331803454, 38.483289405, 0], [31.332139212, 38.483434649, 0], [31.332433441, 38.483667235, 0], [31.332632671, 38.483747646, 0], [31.33275647, 38.483831667, 0], [31.333487125, 38.484025956, 0], [31.333669575, 38.484124866, 0], [31.33510901, 38.484983964, 0], [31.335504956, 38.484519107, 0], [31.335811772, 38.484139475, 0], [31.336841411, 38.484907675, 0], [31.392643614, 38.517557182, 0], [31.409655075, 38.527500015, 0], [31.430134837, 38.539463155, 0], [31.442101914, 38.546450166, 0], [31.45275137, 38.552665788, 0], [31.465468359, 38.560085418, 0], [31.485457308, 38.569421679, 0], [31.537787784, 38.601754549, 0], [31.558320716, 38.614875275, 0], [31.571051594, 38.614498916, 0], [31.572634793, 38.614485089, 0], [31.57450784, 38.61427845, 0], [31.574667164, 38.614272733, 0], [31.574826634, 38.614264405, 0], [31.575595337, 38.614181959, 0], [31.57589432, 38.614183076, 0], [31.576130759, 38.614224246, 0], [31.578357555, 38.614702717, 0], [31.578532211, 38.614745563, 0], [31.57871028, 38.614783496, 0], [31.580254479, 38.615095515, 0], [31.579204077, 38.615289265, 0], [31.579105324, 38.616175524, 0], [31.579084401, 38.616741442, 0], [31.579085451, 38.617182571, 0], [31.579105898, 38.618287053, 0], [31.579117692, 38.6195036, 0], [31.581807731, 38.619574536, 0], [31.582427613, 38.619625387, 0], [31.585581997, 38.619888004, 0], [31.586975475, 38.619938001, 0], [31.589625626, 38.62005918, 0], [31.589540603, 38.621575486, 0], [31.589590893, 38.621662856, 0], [31.589579708, 38.621904993, 0], [31.58953568, 38.621991135, 0], [31.589526188, 38.622475565, 0], [31.593729303, 38.622311919, 0], [31.593911415, 38.622309063, 0], [31.595121805, 38.622249637, 0], [31.596043227, 38.622173936, 0], [31.596127447, 38.622192786, 0], [31.596491082, 38.622212466, 0], [31.596790299, 38.622203352, 0], [31.596955741, 38.621223545, 0], [31.599178269, 38.621268021, 0], [31.599119879, 38.621596268, 0], [31.599350067, 38.621629657, 0], [31.599618978, 38.621673691, 0], [31.600143377, 38.621789617, 0], [31.600659113, 38.622015085, 0], [31.601012693, 38.622220772, 0], [31.601676041, 38.622542333, 0], [31.601977733, 38.622742352, 0], [31.602626084, 38.623002552, 0], [31.602997155, 38.623142131, 0], [31.603200516, 38.623215916, 0], [31.603952265, 38.623507977, 0], [31.604575818, 38.623709217, 0], [31.604514968, 38.623774623, 0], [31.604121367, 38.624210413, 0], [31.603709499, 38.624576789, 0], [31.60342395, 38.624911155, 0], [31.603099733, 38.625256141, 0], [31.602754279, 38.62571899, 0], [31.602296619, 38.626310958, 0], [31.601820474, 38.62682513, 0], [31.601377191, 38.627266353, 0], [31.600927622, 38.627757684, 0], [31.600234275, 38.62852828, 0], [31.599611359, 38.629198356, 0], [31.599266056, 38.629578306, 0], [31.598811916, 38.630127777, 0], [31.598436924, 38.630611341, 0], [31.598205315, 38.630921834, 0], [31.598004192, 38.631306121, 0], [31.59793888, 38.631551304, 0], [31.597852024, 38.631754693, 0], [31.597780417, 38.631836725, 0], [31.597700974, 38.63190758, 0], [31.59982545, 38.63177428, 0], [31.600465243, 38.631776801, 0], [31.601297828, 38.631852081, 0], [31.601297717, 38.631872442, 0], [31.601275357, 38.632394108, 0], [31.601214331, 38.633077217, 0], [31.603144209, 38.636210801, 0], [31.60319208, 38.636370484, 0], [31.606366395, 38.642033934, 0], [31.604269821, 38.644772124, 0], [31.60412798, 38.644977024, 0], [31.603899027, 38.645295938, 0], [31.601319606, 38.648702541, 0], [31.601302121, 38.648697429, 0], [31.595643011, 38.65911041, 0], [31.586052717, 38.660802907, 0], [31.579588847, 38.661049909, 0], [31.575067276, 38.662188771, 0], [31.57462205, 38.662364258, 0], [31.569508371, 38.662663552, 0], [31.569416641, 38.66267243, 0], [31.568883577, 38.663098371, 0], [31.56856662, 38.663218645, 0], [31.567442616, 38.663644462, 0], [31.566230321, 38.664100809, 0], [31.565020373, 38.664552757, 0], [31.564317623, 38.664807483, 0], [31.564083656, 38.665161302, 0], [31.564051075, 38.665330915, 0], [31.564065277, 38.66563057, 0], [31.564005616, 38.665751377, 0], [31.563879267, 38.665946236, 0], [31.563828781, 38.666167614, 0], [31.563903257, 38.666486479, 0], [31.563892965, 38.666607893, 0], [31.56387073, 38.666653389, 0], [31.563801984, 38.666721288, 0], [31.56337421, 38.666988215, 0], [31.563351936, 38.667144709, 0], [31.563370026, 38.66731134, 0], [31.563327883, 38.667451823, 0], [31.562964407, 38.667707195, 0], [31.562775316, 38.66783515, 0], [31.562581983, 38.668066214, 0], [31.562290769, 38.668300488, 0], [31.562001987, 38.668526773, 0], [31.561731999, 38.668713736, 0], [31.561488737, 38.668967068, 0], [31.561347933, 38.669097417, 0], [31.560954612, 38.669327729, 0], [31.560849841, 38.669400409, 0], [31.560503912, 38.669729958, 0], [31.560292633, 38.669843671, 0], [31.560229577, 38.669854337, 0], [31.559302828, 38.670125645, 0], [31.558893086, 38.670332863, 0], [31.558755212, 38.670373419, 0], [31.557866409, 38.670656715, 0], [31.557538547, 38.670703755, 0], [31.557147747, 38.670750829, 0], [31.556780456, 38.670859097, 0], [31.556347245, 38.671280896, 0], [31.556110605, 38.671373116, 0], [31.555975757, 38.671371451, 0], [31.555773838, 38.671358416, 0], [31.555660212, 38.671366652, 0], [31.555564461, 38.671376912, 0], [31.555466086, 38.671409212, 0], [31.554883976, 38.671806282, 0], [31.554495131, 38.672090324, 0], [31.554129765, 38.672267261, 0], [31.553671365, 38.672380519, 0], [31.553621916, 38.672379006, 0], [31.552983943, 38.67253671, 0], [31.551098392, 38.679165528, 0], [31.551163127, 38.679255435, 0], [31.533560692, 38.686156093, 0], [31.526792031, 38.678264003, 0], [31.504440985, 38.695961628, 0], [31.48180442, 38.693866585, 0], [31.499593098, 38.699145829, 0], [31.499077867, 38.709945886, 0], [31.508845648, 38.706805932, 0], [31.509228562, 38.706505753, 0], [31.509593028, 38.705993163, 0], [31.511339299, 38.705063646, 0], [31.512363531, 38.704658281, 0], [31.512908112, 38.704476731, 0], [31.514051911, 38.704309373, 0], [31.514995418, 38.704385241, 0], [31.517150408, 38.7038495, 0], [31.518076692, 38.704029184, 0], [31.518667429, 38.705074753, 0], [31.509901036, 38.722639412, 0], [31.524010713, 38.718850463, 0], [31.52747148, 38.723993424, 0], [31.529461876, 38.727040912, 0], [31.529376762, 38.727148496, 0], [31.529793461, 38.727232932, 0], [31.529816468, 38.727304487, 0], [31.530495545, 38.727356904, 0], [31.529555811, 38.727733756, 0], [31.529888333, 38.728213372, 0], [31.53075097, 38.72774293, 0], [31.537792385, 38.730997097, 0], [31.542071368, 38.733065357, 0], [31.542109605, 38.733111782, 0], [31.542202729, 38.73309961, 0], [31.542165288, 38.733018687, 0], [31.54217743, 38.732902075, 0], [31.542206841, 38.732776038, 0], [31.54264725, 38.732760449, 0], [31.542857231, 38.732772617, 0], [31.542964277, 38.732798908, 0], [31.543004925, 38.732843381, 0], [31.543013759, 38.73288953, 0], [31.543078877, 38.732934308, 0], [31.543164116, 38.732950687, 0], [31.543334137, 38.732949833, 0], [31.543480417, 38.732968865, 0], [31.543619004, 38.73300699, 0], [31.543708163, 38.73307324, 0], [31.543733566, 38.733144372, 0], [31.543712822, 38.733203486, 0], [31.543630999, 38.733261839, 0], [31.543555024, 38.733270443, 0], [31.543447181, 38.733161885, 0], [31.543396103, 38.733149807, 0], [31.543476777, 38.733269468, 0], [31.54354947, 38.733301006, 0], [31.54362796, 38.733341356, 0], [31.543687213, 38.733432099, 0], [31.543796938, 38.73356942, 0], [31.54388608, 38.733631886, 0], [31.5440357, 38.733729431, 0], [31.544063841, 38.733787263, 0], [31.544062908, 38.7338332, 0], [31.543933172, 38.733961771, 0], [31.543996252, 38.733985532, 0], [31.544140046, 38.734010297, 0], [31.544301827, 38.7338687, 0], [31.544435312, 38.733793782, 0], [31.544525988, 38.733785361, 0], [31.544686527, 38.733821777, 0], [31.544768306, 38.733891808, 0], [31.544471371, 38.734307414, 0], [31.544402053, 38.734469353, 0], [31.544367559, 38.734602986, 0], [31.544486924, 38.734742318, 0], [31.544582607, 38.734898564, 0], [31.544581095, 38.734973054, 0], [31.544544121, 38.735111971, 0], [31.544478244, 38.735235302, 0], [31.544398518, 38.735316386, 0], [31.544264505, 38.73543121, 0], [31.544135618, 38.735536548, 0], [31.544030524, 38.735670832, 0], [31.543947419, 38.735801516, 0], [31.543809026, 38.735982415, 0], [31.547748771, 38.738156427, 0], [31.54784735, 38.738011067, 0], [31.54793683, 38.737912082, 0], [31.548075101, 38.737797758, 0], [31.548164646, 38.737695531, 0], [31.548296667, 38.737491573, 0], [31.548637246, 38.737581574, 0], [31.548895309, 38.73760478, 0], [31.549623426, 38.73768202, 0], [31.549851472, 38.737664849, 0], [31.551729868, 38.739098495, 0], [31.551919353, 38.738989665, 0], [31.552056253, 38.738924241, 0], [31.552200659, 38.738872333, 0], [31.552291599, 38.738841746, 0], [31.552562614, 38.738778252, 0], [31.552666037, 38.738740251, 0], [31.552974682, 38.738603254, 0], [31.553032029, 38.738620001, 0], [31.553035904, 38.738719424, 0], [31.552944398, 38.73882983, 0], [31.552874949, 38.738994295, 0], [31.552828639, 38.739131117, 0], [31.552769598, 38.739212372, 0], [31.5526959, 38.739281824, 0], [31.552635158, 38.739329813, 0], [31.552552087, 38.739421763, 0], [31.552493821, 38.739535102, 0], [31.552466983, 38.739628469, 0], [31.552444816, 38.739739552, 0], [31.552458029, 38.739827559, 0], [31.552481122, 38.739919652, 0], [31.552556402, 38.740016266, 0], [31.553488444, 38.740224934, 0], [31.554623098, 38.74086919, 0], [31.555727782, 38.741518561, 0], [31.55879066, 38.743313233, 0], [31.560395135, 38.744257117, 0], [31.562510639, 38.745492689, 0], [31.563879898, 38.745176802, 0], [31.565930282, 38.744625641, 0], [31.564493223, 38.745916272, 0], [31.562494687, 38.747702441, 0], [31.561959441, 38.748131917, 0], [31.561984306, 38.748188443, 0], [31.562657541, 38.748874423, 0], [31.562818737, 38.749069479, 0], [31.563211016, 38.749462073, 0], [31.563336415, 38.749544791, 0], [31.563612419, 38.749802072, 0], [31.563783156, 38.749985263, 0], [31.563887396, 38.750063305, 0], [31.564177961, 38.750337522, 0], [31.564557534, 38.750692476, 0], [31.56492254, 38.751031032, 0], [31.565156908, 38.751235633, 0], [31.565300521, 38.751352088, 0], [31.565581438, 38.751592127, 0], [31.566009673, 38.752010289, 0], [31.566241979, 38.752261353, 0], [31.566561607, 38.752587364, 0], [31.566649049, 38.752689524, 0], [31.566505048, 38.752786682, 0], [31.566345627, 38.752890949, 0], [31.566198171, 38.753004191, 0], [31.565909045, 38.753164437, 0], [31.56617446, 38.753463566, 0], [31.566563731, 38.753861518, 0], [31.567060496, 38.754365297, 0], [31.567092033, 38.754415957, 0], [31.567068101, 38.75451648, 0], [31.56752337, 38.7549365, 0], [31.56764966, 38.755098868, 0], [31.567793255, 38.755226311, 0], [31.567680398, 38.755308176, 0], [31.56799488, 38.755474833, 0], [31.568256117, 38.755651467, 0], [31.568497426, 38.755785332, 0], [31.56830848, 38.75591843, 0], [31.568185766, 38.756004409, 0], [31.56817255, 38.756010374, 0], [31.567889259, 38.756248628, 0], [31.568113406, 38.756400843, 0], [31.567808472, 38.756729467, 0], [31.567458556, 38.75710538, 0], [31.567038079, 38.756885797, 0], [31.56655842, 38.756593411, 0], [31.566117725, 38.756341143, 0], [31.565765268, 38.756118337, 0], [31.565495063, 38.755949065, 0], [31.565301304, 38.755853077, 0], [31.56505729, 38.756134061, 0], [31.564844947, 38.756349934, 0], [31.564603372, 38.756636893, 0], [31.565024554, 38.75688244, 0], [31.565422103, 38.757133011, 0], [31.565651684, 38.757250701, 0], [31.564759327, 38.758079972, 0], [31.563738264, 38.75743694, 0], [31.560985269, 38.75996997, 0], [31.560099272, 38.759401997, 0], [31.55684429, 38.76152097, 0], [31.560662308, 38.764829956, 0], [31.561517286, 38.764275949, 0], [31.562048302, 38.764956937, 0], [31.56176032, 38.765269987, 0], [31.562940316, 38.766879999, 0], [31.564536251, 38.766142999, 0], [31.564002275, 38.76562695, 0], [31.564494336, 38.765321988, 0], [31.565928279, 38.766794992, 0], [31.563895317, 38.768172983, 0], [31.563111326, 38.767586015, 0], [31.561065253, 38.769026951, 0], [31.562444281, 38.769991996, 0], [31.563702302, 38.768946959, 0], [31.563960264, 38.769160953, 0], [31.563032255, 38.769994004, 0], [31.564515335, 38.771106979, 0], [31.566200335, 38.769466947, 0], [31.567078299, 38.770074958, 0], [31.568068325, 38.769271014, 0], [31.568556305, 38.770201008, 0], [31.571254308, 38.773156986, 0], [31.572900263, 38.772604007, 0], [31.573836249, 38.776718003, 0], [31.575932324, 38.777008991, 0], [31.575858308, 38.77729396, 0], [31.57633128, 38.777391982, 0], [31.576892245, 38.778559961, 0], [31.579316288, 38.777242992, 0], [31.581358264, 38.776404964, 0], [31.58137926, 38.780562024, 0], [31.581826253, 38.781944013, 0], [31.580063268, 38.782894994, 0], [31.580456238, 38.783347992, 0], [31.582083312, 38.782869976, 0], [31.582184298, 38.783661965, 0], [31.579877287, 38.78505303, 0], [31.580904307, 38.786246024, 0], [31.582184274, 38.785790999, 0], [31.582145297, 38.789560007, 0], [31.58081329, 38.792420021, 0], [31.586017261, 38.793385967, 0], [31.586149227, 38.794385995, 0], [31.589635233, 38.795084025, 0], [31.589830301, 38.794504007, 0], [31.590804276, 38.794620991, 0], [31.590668299, 38.795917978, 0], [31.592810264, 38.796259042, 0], [31.592598304, 38.797688997, 0], [31.593782308, 38.797721996, 0], [31.593592274, 38.798674984, 0], [31.589982234, 38.798554974, 0], [31.589998251, 38.798965999, 0], [31.591266288, 38.799058059, 0], [31.591354239, 38.800788039, 0], [31.593430286, 38.800727015, 0], [31.593458244, 38.800526981, 0], [31.595464235, 38.80091402, 0], [31.595400286, 38.801066052, 0], [31.594656282, 38.801066023, 0], [31.594632226, 38.802908983, 0], [31.595680265, 38.802988979, 0], [31.595807234, 38.802742023, 0], [31.596039268, 38.802734992, 0], [31.596012304, 38.803470022, 0], [31.595584225, 38.803512987, 0], [31.595666312, 38.804928011, 0], [31.59615629, 38.804867051, 0], [31.596303221, 38.805431999, 0], [31.597597292, 38.805457003, 0], [31.597896261, 38.805766013, 0], [31.598737271, 38.805834036, 0], [31.597948254, 38.808728052, 0], [31.597831253, 38.810302044, 0], [31.598899232, 38.811270044, 0], [31.600463967, 38.812489675, 0], [31.601742015, 38.813947669, 0], [31.601811973, 38.81476071, 0], [31.602447984, 38.815302673, 0], [31.602541967, 38.816106722, 0], [31.603156979, 38.817116652, 0], [31.603498925, 38.820883724, 0], [31.605901951, 38.821619675, 0], [31.608085604, 38.820750989, 0], [31.60721816, 38.823282848, 0], [31.607111775, 38.823604388, 0], [31.606536943, 38.825214819, 0], [31.606821544, 38.825492192, 0], [31.606528181, 38.826253685, 0], [31.605922843, 38.826304662, 0], [31.605396527, 38.826346489, 0], [31.605189017, 38.826344011, 0], [31.604581372, 38.826342789, 0], [31.603987746, 38.82669373, 0], [31.603993875, 38.826720382, 0], [31.603998085, 38.826738271, 0], [31.603891846, 38.826749884, 0], [31.603775137, 38.826757679, 0], [31.603639636, 38.826759753, 0], [31.603523466, 38.826739984, 0], [31.603436738, 38.826720478, 0], [31.6033216, 38.826706217, 0], [31.603201155, 38.826720453, 0], [31.603132674, 38.82673459, 0], [31.602322686, 38.827666117, 0], [31.601294532, 38.828803233, 0], [31.601582926, 38.82885732, 0], [31.601744689, 38.828916377, 0], [31.60197045, 38.829035211, 0], [31.603935542, 38.829302694, 0], [31.603793151, 38.829939131, 0], [31.604084591, 38.830041899, 0], [31.604241205, 38.830072962, 0], [31.604647124, 38.829922489, 0], [31.604901508, 38.829845614, 0], [31.605301265, 38.829752727, 0], [31.605570232, 38.829683052, 0], [31.605940619, 38.829600623, 0], [31.60627064, 38.829551856, 0], [31.605380038, 38.829167603, 0], [31.60555361, 38.828938132, 0], [31.606509562, 38.829283703, 0], [31.60697169, 38.828929559, 0], [31.607426238, 38.829256617, 0], [31.60486512, 38.831592472, 0], [31.605192703, 38.831615575, 0], [31.60569402, 38.831688412, 0], [31.606085992, 38.831702911, 0], [31.606535346, 38.831731878, 0], [31.606857093, 38.831737699, 0], [31.607386894, 38.831767622, 0], [31.607499669, 38.831786626, 0], [31.607574698, 38.831807161, 0], [31.607684026, 38.83187144, 0], [31.607782884, 38.831961092, 0], [31.608187586, 38.832219531, 0], [31.609101546, 38.832777924, 0], [31.609967768, 38.833334571, 0], [31.610213055, 38.833491281, 0], [31.610362562, 38.833634329, 0], [31.610513325, 38.83380559, 0], [31.61058932, 38.833918302, 0], [31.610619653, 38.833965782, 0], [31.61063461, 38.834002718, 0], [31.61064644, 38.834083224, 0], [31.610623305, 38.834124842, 0], [31.610529704, 38.834228599, 0], [31.610452251, 38.834308041, 0], [31.610405782, 38.834396592, 0], [31.610403711, 38.834503059, 0], [31.61043605, 38.83465255, 0], [31.610502926, 38.834906872, 0], [31.610548326, 38.835063816, 0], [31.610575627, 38.835159731, 0], [31.610647656, 38.835295729, 0], [31.610694436, 38.835445212, 0], [31.610767281, 38.835617438, 0], [31.610824587, 38.835719116, 0], [31.610919558, 38.835847909, 0], [31.611103207, 38.836077402, 0], [31.61129174, 38.836402723, 0], [31.611415415, 38.836565192, 0], [31.611486884, 38.836642172, 0], [31.611562439, 38.836723975, 0], [31.611665807, 38.836831515, 0], [31.611741145, 38.836924487, 0], [31.611804109, 38.837023619, 0], [31.611868731, 38.837144934, 0], [31.611948245, 38.837228405, 0], [31.612054503, 38.837289941, 0], [31.6121689, 38.837357971, 0], [31.612254526, 38.837439893, 0], [31.612430522, 38.837662716, 0], [31.612532264, 38.837761137, 0], [31.612749675, 38.837925799, 0], [31.613025596, 38.838086382, 0], [31.61318035, 38.83816543, 0], [31.61331195, 38.838243033, 0], [31.613350274, 38.838290157, 0], [31.613326981, 38.838364388, 0], [31.613254577, 38.838394161, 0], [31.613042402, 38.838468582, 0], [31.612674705, 38.838586652, 0], [31.611743607, 38.838875512, 0], [31.610916722, 38.839145152, 0], [31.610547863, 38.839215092, 0], [31.610318067, 38.839335516, 0], [31.609793639, 38.8395928, 0], [31.608736144, 38.840125998, 0], [31.608786345, 38.840133984, 0], [31.608838768, 38.840193711, 0], [31.608856614, 38.84024816, 0], [31.608864676, 38.840317178, 0], [31.608839951, 38.840415897, 0], [31.608801463, 38.840460216, 0], [31.608736052, 38.840511241, 0], [31.608655605, 38.840558573, 0], [31.60858428, 38.840586373, 0], [31.608497782, 38.840617506, 0], [31.60842351, 38.840660047, 0], [31.608367341, 38.84069992, 0], [31.608321918, 38.840734425, 0], [31.608294327, 38.840770494, 0], [31.608288572, 38.840792769, 0], [31.608335246, 38.840874501, 0], [31.608398203, 38.840949489, 0], [31.608454501, 38.841000522, 0], [31.608516528, 38.841030632, 0], [31.608607132, 38.841066668, 0], [31.608726257, 38.841106738, 0], [31.60882075, 38.841143181, 0], [31.608927134, 38.84121301, 0], [31.608972806, 38.841263286, 0], [31.609010186, 38.841314905, 0], [31.609094503, 38.841381137, 0], [31.609217152, 38.841454944, 0], [31.609391195, 38.841548733, 0], [31.609637191, 38.841655721, 0], [31.609793694, 38.841728128, 0], [31.610061896, 38.841851236, 0], [31.610316575, 38.841975985, 0], [31.610452614, 38.842055175, 0], [31.610915304, 38.842466915, 0], [31.611128162, 38.842651257, 0], [31.611292825, 38.842768356, 0], [31.611475615, 38.842876841, 0], [31.611632931, 38.842951598, 0], [31.611889462, 38.843059607, 0], [31.612079675, 38.843128448, 0], [31.612292153, 38.843229897, 0], [31.61240469, 38.843286552, 0], [31.612577295, 38.843342299, 0], [31.612732541, 38.843411264, 0], [31.61282772, 38.843481137, 0], [31.612978431, 38.843563471, 0], [31.613125035, 38.843632243, 0], [31.613299532, 38.843703147, 0], [31.613857651, 38.843899242, 0], [31.614116586, 38.843986553, 0], [31.614288314, 38.844038684, 0], [31.614445426, 38.844080189, 0], [31.614521151, 38.844095052, 0], [31.614583206, 38.844119033, 0], [31.61461854, 38.844139273, 0], [31.614658297, 38.844166593, 0], [31.614703854, 38.844198576, 0], [31.614731324, 38.844237282, 0], [31.614748079, 38.844299286, 0], [31.614768619, 38.844391516, 0], [31.614768922, 38.844566933, 0], [31.614781876, 38.844653487, 0], [31.614909238, 38.844744552, 0], [31.615048139, 38.844862871, 0], [31.615150476, 38.844941116, 0], [31.615541171, 38.845260628, 0], [31.615791111, 38.845469187, 0], [31.616501943, 38.846033222, 0], [31.616895261, 38.846144283, 0], [31.617814575, 38.846409234, 0], [31.617812388, 38.846428939, 0], [31.617802504, 38.846453598, 0], [31.617788211, 38.846480187, 0], [31.617760216, 38.84651274, 0], [31.617705433, 38.846559571, 0], [31.617629776, 38.846619579, 0], [31.6175195, 38.846695935, 0], [31.617577358, 38.846760227, 0], [31.617968786, 38.847209836, 0], [31.618274182, 38.847548691, 0], [31.618295582, 38.847572189, 0], [31.618313462, 38.847595915, 0], [31.616298646, 38.849978477, 0], [31.616285698, 38.849969944, 0], [31.616267655, 38.849974235, 0], [31.615820411, 38.850325348, 0], [31.613051354, 38.852499259, 0], [31.609834822, 38.855024279, 0], [31.606618159, 38.857549206, 0], [31.603401174, 38.860073949, 0], [31.60342625, 38.860521565, 0], [31.60342768, 38.860628164, 0], [31.603125151, 38.860624455, 0], [31.603144512, 38.86011106, 0], [31.601471435, 38.857561372, 0], [31.600633052, 38.857808185, 0], [31.599781114, 38.856802883, 0], [31.597087392, 38.856866049, 0], [31.596614497, 38.856851987, 0], [31.595581289, 38.856644601, 0], [31.594504061, 38.856631639, 0], [31.593150398, 38.856453889, 0], [31.592435202, 38.856399862, 0], [31.59159542, 38.856340995, 0], [31.591730752, 38.855916753, 0], [31.591068675, 38.855896963, 0], [31.590989863, 38.855465183, 0], [31.589822339, 38.855429916, 0], [31.588547819, 38.855927782, 0], [31.58782484, 38.855830478, 0], [31.587012398, 38.854362028, 0], [31.58599303, 38.855052061, 0], [31.58533406, 38.855461034, 0], [31.584819869, 38.856236458, 0], [31.583366133, 38.858584245, 0], [31.582697262, 38.85948941, 0], [31.582093483, 38.861154852, 0], [31.581924546, 38.861128835, 0], [31.564373806, 38.858607057, 0], [31.570563062, 38.864022309, 0], [31.570633629, 38.864110203, 0], [31.573422872, 38.868102674, 0], [31.573965093, 38.868860319, 0], [31.574052216, 38.868995352, 0], [31.574586966, 38.86986588, 0], [31.578561227, 38.875805017, 0], [31.583360445, 38.883185348, 0], [31.583414343, 38.883219156, 0], [31.586920639, 38.887557041, 0], [31.587314734, 38.887935519, 0], [31.590336751, 38.890562509, 0], [31.590211824, 38.890744971, 0], [31.591323594, 38.891653562, 0], [31.591439395, 38.891701988, 0], [31.591576776, 38.891755359, 0], [31.592168041, 38.892190526, 0], [31.594247775, 38.893659158, 0], [31.595604654, 38.894684447, 0], [31.5967792, 38.895434366, 0], [31.597632642, 38.896204831, 0], [31.598678227, 38.897146882, 0], [31.598709803, 38.897267446, 0], [31.598555156, 38.898990969, 0], [31.59852502, 38.899759554, 0], [31.598249697, 38.900196535, 0], [31.597347091, 38.901365916, 0], [31.598557569, 38.901750559, 0], [31.598633869, 38.902246899, 0], [31.600128725, 38.902974051, 0], [31.599468264, 38.904136802, 0], [31.601254335, 38.904806891, 0], [31.60187811, 38.905163927, 0], [31.602229982, 38.905434908, 0], [31.60290507, 38.90491171, 0], [31.603398505, 38.904456877, 0], [31.604095304, 38.904746934, 0], [31.606078535, 38.905516158, 0], [31.606430405, 38.905579011, 0], [31.60704375, 38.905143163, 0], [31.607292449, 38.905195772, 0], [31.607507284, 38.905151486, 0], [31.607565193, 38.90499118, 0], [31.608809543, 38.904582039, 0], [31.609289063, 38.904935694, 0], [31.609407314, 38.905303783, 0], [31.609358887, 38.905577811, 0], [31.609377473, 38.906189676, 0], [31.609372343, 38.907417408, 0], [31.609412493, 38.908132868, 0], [31.609490051, 38.909197525, 0], [31.609544087, 38.910838949, 0], [31.609593846, 38.911632363, 0], [31.609569011, 38.912100823, 0], [31.609583229, 38.912210456, 0], [31.609938287, 38.912106933, 0], [31.610397079, 38.911951129, 0], [31.610886215, 38.911751089, 0], [31.611344359, 38.911579507, 0], [31.611647092, 38.911442382, 0], [31.611950768, 38.911339774, 0], [31.61242365, 38.911168093, 0], [31.612812268, 38.911040275, 0], [31.613103425, 38.910960129, 0], [31.613497851, 38.910797692, 0], [31.61397175, 38.910622233, 0], [31.61418315, 38.910569425, 0], [31.614504622, 38.910451165, 0], [31.61459904, 38.910427781, 0], [31.614706681, 38.910394462, 0], [31.614818982, 38.910385615, 0], [31.614920983, 38.910387996, 0], [31.615008847, 38.910427779, 0], [31.615194735, 38.910527826, 0], [31.615395673, 38.910651116, 0], [31.61618867, 38.911669116, 0], [31.615912753, 38.911792155, 0], [31.616683046, 38.912329775, 0], [31.616810613, 38.9127104, 0], [31.616660254, 38.912842316, 0], [31.616696522, 38.912958246, 0], [31.616459362, 38.913254905, 0], [31.616260404, 38.913411111, 0], [31.616531827, 38.913622625, 0], [31.616503125, 38.913641114, 0], [31.616556013, 38.913704446, 0], [31.616241417, 38.913815766, 0], [31.616409899, 38.914024077, 0], [31.616847723, 38.914375045, 0], [31.617128117, 38.91450684, 0], [31.617412418, 38.914638321, 0], [31.617793427, 38.914280659, 0], [31.617814735, 38.914300101, 0], [31.618832267, 38.916132483, 0], [31.621055627, 38.920116574, 0], [31.621208572, 38.921467978, 0], [31.621432995, 38.922409672, 0], [31.622005162, 38.923195466, 0], [31.620374242, 38.923969108, 0], [31.619963084, 38.924216418, 0], [31.620224462, 38.924168426, 0], [31.621059908, 38.924007393, 0], [31.620959638, 38.924341986, 0], [31.620559624, 38.92441663, 0], [31.620858301, 38.924932971, 0], [31.620610687, 38.926470279, 0], [31.620224345, 38.928872641, 0], [31.620222049, 38.92890766, 0], [31.619623186, 38.932726204, 0], [31.619668897, 38.933763987, 0], [31.619395928, 38.933941845, 0], [31.619185401, 38.934009987, 0], [31.618997145, 38.938824585, 0], [31.619494421, 38.940141052, 0], [31.619724822, 38.940687669, 0], [31.620224384, 38.941593065, 0], [31.61888676, 38.943483428, 0], [31.618146519, 38.945310128, 0], [31.618123378, 38.945521843, 0], [31.618209572, 38.945556828, 0], [31.618866882, 38.945394965, 0], [31.619872832, 38.9462041, 0], [31.620200031, 38.94686817, 0], [31.620195229, 38.947714446, 0], [31.620079274, 38.947825331, 0], [31.618443529, 38.947861292, 0], [31.618094052, 38.949035749, 0], [31.617204241, 38.948884122, 0], [31.616907797, 38.950148665, 0], [31.616477453, 38.950253477, 0], [31.616496383, 38.950356587, 0], [31.617436574, 38.950374759, 0], [31.616299959, 38.951830159, 0], [31.616934214, 38.9523631, 0], [31.617029243, 38.952413957, 0], [31.616520574, 38.952821814, 0], [31.616161832, 38.953026395, 0], [31.615700303, 38.953402643, 0], [31.614013056, 38.954922659, 0], [31.61315301, 38.955857332, 0], [31.612133621, 38.95654379, 0], [31.611790723, 38.956841882, 0], [31.610695281, 38.957971039, 0], [31.610585389, 38.95815478, 0], [31.610435352, 38.958293808, 0], [31.610423156, 38.958387089, 0], [31.610218191, 38.958672945, 0], [31.609776716, 38.95890589, 0], [31.60942587, 38.959088561, 0], [31.608927583, 38.959437767, 0], [31.608744849, 38.959652171, 0], [31.608530688, 38.959784936, 0], [31.608396319, 38.960008024, 0], [31.608564282, 38.960101201, 0], [31.608435778, 38.960559591, 0], [31.608854861, 38.960683962, 0], [31.608838061, 38.96137252, 0], [31.609362242, 38.961607784, 0], [31.609228595, 38.962158909, 0], [31.609116897, 38.962677772, 0], [31.608986271, 38.963166679, 0], [31.608576393, 38.963062419, 0], [31.608404286, 38.963263345, 0], [31.608101546, 38.963228652, 0], [31.608053405, 38.963475742, 0], [31.608085081, 38.963719731, 0], [31.60805894, 38.963747257, 0], [31.607735568, 38.964144041, 0], [31.607096696, 38.963913166, 0], [31.606720053, 38.964745358, 0], [31.607320053, 38.965046584, 0], [31.607647842, 38.965834211, 0], [31.608185246, 38.96587675, 0], [31.608120757, 38.966817899, 0], [31.607634244, 38.966932097, 0], [31.607584428, 38.967225564, 0], [31.607402783, 38.968078104, 0], [31.607162899, 38.968638138, 0], [31.608398396, 38.968870275, 0], [31.608281849, 38.969329528, 0], [31.609673675, 38.969920732, 0], [31.609878936, 38.970887258, 0], [31.609841237, 38.971155284, 0], [31.609025448, 38.971045648, 0], [31.609021271, 38.971872107, 0], [31.60786023, 38.973804165, 0], [31.608146125, 38.973646491, 0], [31.609202126, 38.973395024, 0], [31.610173733, 38.97289776, 0], [31.61055288, 38.972843626, 0], [31.611972122, 38.972571414, 0], [31.612635677, 38.972410474, 0], [31.613564448, 38.972057811, 0], [31.614820552, 38.971295054, 0], [31.614982928, 38.97119797, 0], [31.616661838, 38.97066391, 0], [31.618791077, 38.970172097, 0], [31.620697597, 38.969786173, 0], [31.621550885, 38.969557422, 0], [31.621909025, 38.969436604, 0], [31.622777794, 38.96926821, 0], [31.623568167, 38.969058432, 0], [31.623829797, 38.969969652, 0], [31.624118336, 38.971586073, 0], [31.624284653, 38.972942306, 0], [31.624303389, 38.973666241, 0], [31.624419624, 38.973813381, 0], [31.624998096, 38.974044441, 0], [31.625969374, 38.974292828, 0], [31.626539339, 38.973033378, 0], [31.626552012, 38.972594236, 0], [31.628053074, 38.972888032, 0], [31.628087355, 38.97262104, 0], [31.628403063, 38.972617725, 0], [31.628425448, 38.97215311, 0], [31.628835744, 38.972126491, 0], [31.628768735, 38.971884525, 0], [31.629598766, 38.971687065, 0], [31.629705089, 38.971864895, 0], [31.632390785, 38.971142965, 0], [31.634623235, 38.970496211, 0], [31.636139918, 38.970019883, 0], [31.638007829, 38.969363756, 0], [31.638640491, 38.969762774, 0], [31.638919241, 38.96997396, 0], [31.639473629, 38.970171243, 0], [31.63948727, 38.970030407, 0], [31.639589323, 38.97002466, 0], [31.639618711, 38.96947868, 0], [31.639808177, 38.969461159, 0], [31.640324701, 38.969154648, 0], [31.639758015, 38.968291981, 0], [31.643188743, 38.968408238, 0], [31.647342288, 38.968540255, 0], [31.647422173, 38.970059876, 0], [31.649926906, 38.970057895, 0], [31.651030259, 38.970049486, 0], [31.654051624, 38.970019065, 0], [31.655234122, 38.970008106, 0], [31.656671492, 38.969988898, 0], [31.656720954, 38.972726218, 0], [31.658311553, 38.972721277, 0], [31.658324561, 38.96997918, 0], [31.662339827, 38.969944473, 0], [31.662759278, 38.969541161, 0], [31.663091552, 38.970412564, 0], [31.663560432, 38.971167239, 0], [31.663783289, 38.971408988, 0], [31.665055681, 38.972669629, 0], [31.665526382, 38.973141605, 0], [31.666372616, 38.973993921, 0], [31.667320479, 38.974793335, 0], [31.667852834, 38.97529889, 0], [31.668694227, 38.97603131, 0], [31.669143965, 38.976781329, 0], [31.669229537, 38.97699024, 0], [31.669748968, 38.977811504, 0], [31.670188303, 38.978401306, 0], [31.671280014, 38.980112266, 0], [31.671750675, 38.980850891, 0], [31.672523645, 38.98190864, 0], [31.673336271, 38.983005575, 0], [31.673802604, 38.983738467, 0], [31.675230094, 38.983181336, 0], [31.67636722, 38.982730176, 0], [31.678141446, 38.982083156, 0], [31.6787135, 38.981914766, 0], [31.680221414, 38.98143155, 0], [31.683467844, 38.980542437, 0], [31.685172617, 38.980025701, 0], [31.686899022, 38.979511525, 0], [31.685050848, 38.978173819, 0], [31.682328381, 38.976204661, 0], [31.680076633, 38.976914455, 0], [31.679484837, 38.976123859, 0], [31.679332315, 38.975751039, 0], [31.679254142, 38.975398611, 0], [31.679195477, 38.974944059, 0], [31.679233153, 38.974248337, 0], [31.678565467, 38.974182756, 0], [31.678261508, 38.974183547, 0], [31.67789313, 38.97414721, 0], [31.677461172, 38.974228173, 0], [31.677402123, 38.974245161, 0], [31.677227141, 38.974241196, 0], [31.677074114, 38.974024228, 0], [31.676972124, 38.973525218, 0], [31.678158084, 38.973674161, 0], [31.679195166, 38.973731224, 0], [31.679724144, 38.973746221, 0], [31.680162112, 38.973741176, 0], [31.680450093, 38.973724163, 0], [31.681173173, 38.973641165, 0], [31.681144098, 38.973556239, 0], [31.681129106, 38.973261195, 0], [31.681025088, 38.972839194, 0], [31.680922134, 38.972529192, 0], [31.680942129, 38.972462208, 0], [31.680984116, 38.972400158, 0], [31.680990098, 38.972293195, 0], [31.680898142, 38.972047193, 0], [31.680793121, 38.97182816, 0], [31.680763166, 38.971770162, 0], [31.680702154, 38.971539194, 0], [31.680687082, 38.971315233, 0], [31.680762128, 38.971118237, 0], [31.680789176, 38.970830155, 0], [31.680861168, 38.970582222, 0], [31.680948096, 38.970314187, 0], [31.681122155, 38.970008217, 0], [31.681271148, 38.969791155, 0], [31.68126817, 38.969464174, 0], [31.681869177, 38.969222219, 0], [31.682082089, 38.969115161, 0], [31.682464151, 38.968879198, 0], [31.682623144, 38.968764233, 0], [31.682702161, 38.968717195, 0], [31.683020155, 38.968543212, 0], [31.683319154, 38.968413159, 0], [31.683508138, 38.968318171, 0], [31.683742164, 38.968191168, 0], [31.684136135, 38.967959207, 0], [31.68448715, 38.967785232, 0], [31.684850174, 38.967605174, 0], [31.685276131, 38.967429158, 0], [31.685789128, 38.967235201, 0], [31.686080153, 38.967129196, 0], [31.686406132, 38.966996196, 0], [31.68666814, 38.966884187, 0], [31.686730135, 38.966841189, 0], [31.686815118, 38.966816199, 0], [31.68706213, 38.966681226, 0], [31.687656169, 38.966283211, 0], [31.688218175, 38.965903212, 0], [31.688529159, 38.965700215, 0], [31.689027136, 38.965380214, 0], [31.689553112, 38.965002236, 0], [31.689944098, 38.964677156, 0], [31.690000148, 38.964631207, 0], [31.690172163, 38.964521153, 0], [31.690624155, 38.964206215, 0], [31.690890149, 38.963980183, 0], [31.691181167, 38.963806235, 0], [31.691538089, 38.963640232, 0], [31.691751179, 38.963563159, 0], [31.691999142, 38.96348918, 0], [31.692498166, 38.963364228, 0], [31.692978155, 38.963213205, 0], [31.693487096, 38.963035205, 0], [31.693868144, 38.962923161, 0], [31.693969141, 38.962891227, 0], [31.694736441, 38.962736024, 0], [31.695534123, 38.962517189, 0], [31.696282162, 38.962301218, 0], [31.696497113, 38.962231185, 0], [31.696625119, 38.962226218, 0], [31.697141171, 38.962111167, 0], [31.697628114, 38.962021194, 0], [31.69829513, 38.961936202, 0], [31.698500122, 38.961864162, 0], [31.69860314, 38.961997208, 0], [31.698861107, 38.962083241, 0], [31.698936478, 38.962146066, 0], [31.698993667, 38.962146703, 0], [31.699115659, 38.962111486, 0], [31.69918605, 38.962009474, 0], [31.69964514, 38.961756204, 0], [31.701596293, 38.960714291, 0], [31.70336846, 38.959756306, 0], [31.705248763, 38.958898956, 0], [31.705896408, 38.958605499, 0], [31.706192702, 38.959263044, 0], [31.706476532, 38.959894592, 0], [31.706773713, 38.96038358, 0], [31.707061712, 38.960650205, 0], [31.708040504, 38.961130254, 0], [31.709159893, 38.961740773, 0], [31.710103852, 38.962437544, 0], [31.710494322, 38.962680878, 0], [31.710797982, 38.963061365, 0], [31.711189539, 38.963413091, 0], [31.711587442, 38.963656413, 0], [31.712242417, 38.963984016, 0], [31.713442243, 38.96458259, 0], [31.713692186, 38.964661204, 0], [31.714081459, 38.964756309, 0], [31.714538737, 38.965096226, 0], [31.714752687, 38.965254895, 0], [31.715056054, 38.965595546, 0], [31.715344033, 38.965845032, 0], [31.715550229, 38.965969469, 0], [31.715783007, 38.966213662, 0], [31.715863363, 38.966301937, 0], [31.716255351, 38.966547791, 0], [31.716673247, 38.965890923, 0], [31.716830781, 38.965120195, 0], [31.717115886, 38.964948909, 0], [31.720247766, 38.966036856, 0], [31.722879774, 38.966604365, 0], [31.724317214, 38.967155066, 0], [31.725246147, 38.967364326, 0], [31.72518545, 38.967421142, 0], [31.724605496, 38.968801341, 0], [31.723475965, 38.968991338, 0], [31.723561423, 38.969214984, 0], [31.724625391, 38.96971925, 0], [31.724750382, 38.96972386, 0], [31.72785021, 38.971083966, 0], [31.728400074, 38.97117618, 0], [31.728656884, 38.971203034, 0], [31.729050648, 38.971358861, 0], [31.729260896, 38.973042835, 0], [31.729493678, 38.97304573, 0], [31.729500764, 38.973666551, 0], [31.729402715, 38.974060813, 0], [31.729264609, 38.974544551, 0], [31.728950008, 38.975518367, 0], [31.728815038, 38.976145748, 0], [31.728661452, 38.976674814, 0], [31.728517398, 38.977000823, 0], [31.728411244, 38.977411212, 0], [31.728401405, 38.977546155, 0], [31.728428008, 38.97773528, 0], [31.728078111, 38.978413833, 0], [31.728248765, 38.978756246, 0], [31.728266664, 38.978788064, 0], [31.728303484, 38.9788318, 0], [31.728065703, 38.980006186, 0], [31.729032273, 38.980101138, 0], [31.729776276, 38.980265013, 0], [31.72976525, 38.980290659, 0], [31.728852352, 38.982911168, 0], [31.728717488, 38.98329755, 0], [31.728784275, 38.983449094, 0], [31.72870287, 38.984072102, 0], [31.729614921, 38.984296099, 0], [31.7300848, 38.984448157, 0], [31.730492795, 38.984547016, 0], [31.732098171, 38.984881513, 0], [31.731742418, 38.9853546, 0], [31.731386851, 38.985827687, 0], [31.731267123, 38.986022608, 0], [31.731155516, 38.98621059, 0], [31.73091276, 38.986609134, 0], [31.730773196, 38.986816452, 0], [31.730600868, 38.987072333, 0], [31.730515646, 38.987184833, 0], [31.730384179, 38.987327822, 0], [31.73024476, 38.987271077, 0], [31.730031623, 38.987151906, 0], [31.729825971, 38.987066781, 0], [31.729814758, 38.987060263, 0], [31.729863049, 38.987357375, 0], [31.729821323, 38.98769432, 0], [31.729947334, 38.988005792, 0], [31.730063558, 38.988470767, 0], [31.729920795, 38.988670211, 0], [31.729609389, 38.989105303, 0], [31.729350571, 38.988899594, 0], [31.72917638, 38.988753368, 0], [31.727605202, 38.992656282, 0], [31.727426564, 38.992582619, 0], [31.726138719, 38.992330626, 0], [31.725629601, 38.992251099, 0], [31.725466488, 38.992241028, 0], [31.725685144, 38.992716406, 0], [31.725979266, 38.993597755, 0], [31.724833768, 38.993880924, 0], [31.724305528, 38.993874157, 0], [31.723907494, 38.993997466, 0], [31.722782037, 38.994346151, 0], [31.721939146, 38.994569629, 0], [31.721650335, 38.994168253, 0], [31.721210309, 38.994344156, 0], [31.720871456, 38.994569998, 0], [31.72059395, 38.994973995, 0], [31.720333335, 38.995375744, 0], [31.720089852, 38.995619206, 0], [31.719911866, 38.995414274, 0], [31.719677252, 38.9952871, 0], [31.719362106, 38.995766089, 0], [31.719485753, 38.995953398, 0], [31.719468322, 38.99598537, 0], [31.719200359, 38.99579071, 0], [31.718767579, 38.995622078, 0], [31.717799695, 38.997593578, 0], [31.717046243, 38.999009302, 0], [31.716775308, 38.99954814, 0], [31.716404649, 39.000351384, 0], [31.716003586, 39.000281292, 0], [31.713679332, 39.00003829, 0], [31.712862648, 38.999945314, 0], [31.712812661, 39.000270718, 0], [31.712774461, 39.000329308, 0], [31.712800966, 39.00104737, 0], [31.712182851, 39.001346502, 0], [31.711443566, 39.002130434, 0], [31.710321315, 39.001631439, 0], [31.71036688, 39.001518786, 0], [31.709607703, 39.001001186, 0], [31.709046488, 39.000757311, 0], [31.707726803, 39.000754049, 0], [31.707033929, 39.000576546, 0], [31.706552326, 39.000741031, 0], [31.70587949, 39.000786182, 0], [31.705272457, 39.000825934, 0], [31.704282597, 39.001028372, 0], [31.70407283, 39.001168298, 0], [31.703789061, 39.001783542, 0], [31.703808998, 39.002522524, 0], [31.70384385, 39.003174822, 0], [31.704008885, 39.003529549, 0], [31.703803835, 39.003661059, 0], [31.703173251, 39.003179531, 0], [31.702705927, 39.003150009, 0], [31.701349965, 39.002258768, 0], [31.70149916, 39.002140516, 0], [31.701902848, 39.001988608, 0], [31.702098781, 39.001845288, 0], [31.700985739, 39.001830646, 0], [31.700200459, 39.001738652, 0], [31.699379627, 39.001877344, 0], [31.697870382, 39.001860505, 0], [31.696784976, 39.00169955, 0], [31.696406245, 39.001710453, 0], [31.694406077, 39.001757363, 0], [31.692639851, 39.00357502, 0], [31.692680911, 39.00376035, 0], [31.693164453, 39.003855591, 0], [31.692919572, 39.00373897, 0], [31.693081183, 39.003495459, 0], [31.694140297, 39.003305784, 0], [31.694177867, 39.003095928, 0], [31.693754616, 39.00290713, 0], [31.694313113, 39.002457784, 0], [31.694733341, 39.002199597, 0], [31.695891355, 39.00212498, 0], [31.696407447, 39.002148227, 0], [31.697204164, 39.002239654, 0], [31.697238095, 39.002341837, 0], [31.69656837, 39.002724817, 0], [31.696123582, 39.003013818, 0], [31.696057516, 39.003069568, 0], [31.696024503, 39.003093794, 0], [31.695000518, 39.00376128, 0], [31.694208946, 39.00429559, 0], [31.693823999, 39.004503898, 0], [31.693454988, 39.004570578, 0], [31.693544786, 39.00467438, 0], [31.693877737, 39.004973522, 0], [31.692800528, 39.005684358, 0], [31.692532737, 39.005430719, 0], [31.691888251, 39.005836477, 0], [31.691993849, 39.006757507, 0], [31.692533337, 39.007275552, 0], [31.692183957, 39.007449298, 0], [31.691193065, 39.007762696, 0], [31.691125119, 39.007790853, 0], [31.690149247, 39.008425321, 0], [31.689506611, 39.008852439, 0], [31.688929458, 39.009312272, 0], [31.688293898, 39.009819464, 0], [31.68755846, 39.010417423, 0], [31.687027522, 39.010848846, 0], [31.687017792, 39.011024778, 0], [31.68623363, 39.011732543, 0], [31.686036442, 39.011919876, 0], [31.686092416, 39.011972851, 0], [31.685792941, 39.012196059, 0], [31.685556656, 39.012390969, 0], [31.685037941, 39.012788376, 0], [31.684692174, 39.013062773, 0], [31.684375555, 39.013316325, 0], [31.684117394, 39.013617115, 0], [31.683574335, 39.014324789, 0], [31.682987436, 39.015023046, 0], [31.682865757, 39.015159243, 0], [31.68261244, 39.015424136, 0], [31.681919679, 39.015102968, 0], [31.681838063, 39.015066549, 0], [31.680905318, 39.016020172, 0], [31.680301415, 39.01663696, 0], [31.679522161, 39.016167767, 0], [31.678733062, 39.016708934, 0], [31.678645404, 39.016777042, 0], [31.678284982, 39.017125129, 0], [31.677885595, 39.017560343, 0], [31.678207124, 39.017904717, 0], [31.677440009, 39.018286841, 0], [31.676714237, 39.018678528, 0], [31.676512164, 39.01878831, 0], [31.676319747, 39.018896129, 0], [31.676144461, 39.018994502, 0], [31.676434267, 39.019849704, 0], [31.67376521, 39.02045138, 0], [31.672576834, 39.020701109, 0], [31.670080038, 39.021159883, 0], [31.668752657, 39.02143015, 0], [31.668719481, 39.021380852, 0], [31.668526466, 39.021082965, 0], [31.668051053, 39.020540047, 0], [31.667452758, 39.019830493, 0], [31.667201051, 39.019615179, 0], [31.666937329, 39.01944117, 0], [31.666398181, 39.019047159, 0], [31.665976229, 39.018732506, 0], [31.665818244, 39.01864448, 0], [31.665201948, 39.018266068, 0], [31.665013693, 39.018151839, 0], [31.664741483, 39.017978989, 0], [31.664316527, 39.017708261, 0], [31.66388874, 39.017522365, 0], [31.663455068, 39.017325319, 0], [31.66296979, 39.017026327, 0], [31.66255863, 39.016762147, 0], [31.662148892, 39.016488342, 0], [31.661872412, 39.016239579, 0], [31.661778007, 39.015977678, 0], [31.661664099, 39.016234936, 0], [31.661635522, 39.016497767, 0], [31.661545759, 39.016504936, 0], [31.661466943, 39.016502319, 0], [31.660913073, 39.016507763, 0], [31.660149168, 39.016524036, 0], [31.659383582, 39.016467939, 0], [31.658112003, 39.016434216, 0], [31.65743353, 39.016460823, 0], [31.656668928, 39.016493822, 0], [31.655812256, 39.016540079, 0], [31.655336666, 39.01660649, 0], [31.654478695, 39.016339291, 0], [31.653891671, 39.015978545, 0], [31.653268948, 39.015592068, 0], [31.652229644, 39.015661236, 0], [31.651284748, 39.015764369, 0], [31.65072959, 39.015787768, 0], [31.649638996, 39.015849112, 0], [31.648770349, 39.015904187, 0], [31.646872019, 39.015418204, 0], [31.646795476, 39.015406415, 0], [31.646428718, 39.015974063, 0], [31.646186383, 39.016145309, 0], [31.646171688, 39.016356494, 0], [31.645963263, 39.01670228, 0], [31.645735167, 39.016960719, 0], [31.645829783, 39.017293357, 0], [31.645671041, 39.017536023, 0], [31.645080629, 39.017499345, 0], [31.644420667, 39.017493568, 0], [31.644245594, 39.01748892, 0], [31.644139012, 39.017409121, 0], [31.643666768, 39.017010468, 0], [31.64334584, 39.016628799, 0], [31.642605649, 39.016889021, 0], [31.642706585, 39.016257839, 0], [31.642626184, 39.01622366, 0], [31.64220015, 39.016337892, 0], [31.642212816, 39.016492368, 0], [31.642142064, 39.016611006, 0], [31.642003615, 39.01668354, 0], [31.641703319, 39.016792027, 0], [31.641623693, 39.016871642, 0], [31.64084589, 39.017016457, 0], [31.640571753, 39.017027137, 0], [31.640602317, 39.017231551, 0], [31.640566837, 39.017492675, 0], [31.640611681, 39.01761293, 0], [31.640316813, 39.017666521, 0], [31.64019652, 39.017377815, 0], [31.63993901, 39.017415444, 0], [31.639864912, 39.017370434, 0], [31.639825719, 39.017084566, 0], [31.639793691, 39.016946712, 0], [31.639753705, 39.016811558, 0], [31.639686781, 39.016680504, 0], [31.63967753, 39.0165867, 0], [31.639716084, 39.015022251, 0], [31.638304055, 39.015038206, 0], [31.638225133, 39.01477818, 0], [31.637851104, 39.014788227, 0], [31.637713146, 39.014160205, 0], [31.637701127, 39.014027179, 0], [31.637751134, 39.013729198, 0], [31.637820092, 39.013451169, 0], [31.637898086, 39.013109189, 0], [31.63799409, 39.012831205, 0], [31.638114088, 39.01246422, 0], [31.638324119, 39.011867199, 0], [31.637914134, 39.011806194, 0], [31.637639059, 39.011807216, 0], [31.6364101, 39.011637175, 0], [31.636261114, 39.01158417, 0], [31.635469082, 39.011545176, 0], [31.634749069, 39.011515218, 0], [31.634578115, 39.011505199, 0], [31.634198126, 39.011504173, 0], [31.633791071, 39.011489225, 0], [31.632949115, 39.011451251, 0], [31.632803133, 39.011445215, 0], [31.632647054, 39.011439241, 0], [31.632327091, 39.011417201, 0], [31.632030135, 39.011402186, 0], [31.631780072, 39.011405199, 0], [31.631255101, 39.011435166, 0], [31.631174089, 39.011433225, 0], [31.6310951, 39.011420225, 0], [31.631113089, 39.010986192, 0], [31.630599078, 39.01099124, 0], [31.630035139, 39.011022185, 0], [31.629960144, 39.011034188, 0], [31.629325115, 39.011067178, 0], [31.629025144, 39.011080229, 0], [31.628766072, 39.011086193, 0], [31.628393112, 39.011091177, 0], [31.628492083, 39.011662173, 0], [31.627984082, 39.011681243, 0], [31.627465059, 39.011684236, 0], [31.626845083, 39.011682164, 0], [31.626544083, 39.011684205, 0], [31.62596515, 39.011697206, 0], [31.625559077, 39.01165125, 0], [31.625240092, 39.011613165, 0], [31.624810093, 39.011578185, 0], [31.624167136, 39.011543214, 0], [31.623500147, 39.011495163, 0], [31.622457136, 39.011433208, 0], [31.622093083, 39.011401159, 0], [31.621370104, 39.0113282, 0], [31.620620129, 39.011272214, 0], [31.619641108, 39.011206216, 0], [31.619583114, 39.01219519, 0], [31.618963088, 39.012210192, 0], [31.617915104, 39.012227238, 0], [31.61677307, 39.012222168, 0], [31.616233141, 39.012237205, 0], [31.615390101, 39.012284228, 0], [31.614097117, 39.012342206, 0], [31.613804114, 39.012388184, 0], [31.613466139, 39.012430203, 0], [31.61310313, 39.012442194, 0], [31.612696056, 39.012467173, 0], [31.611994125, 39.012545219, 0], [31.610847065, 39.012670214, 0], [31.610389146, 39.012738184, 0], [31.61014513, 39.012787169, 0], [31.60908807, 39.012907183, 0], [31.608916118, 39.012943241, 0], [31.60867209, 39.012978169, 0], [31.607504056, 39.013084231, 0], [31.606689126, 39.01311522, 0], [31.606640146, 39.013456173, 0], [31.606630122, 39.013627228, 0], [31.606632098, 39.013866175, 0], [31.606645069, 39.014263184, 0], [31.606639056, 39.015268177, 0], [31.606714141, 39.016067197, 0], [31.605604116, 39.016078165, 0], [31.602753116, 39.016039179, 0], [31.600769104, 39.015601241, 0], [31.600178083, 39.016061184, 0], [31.599884141, 39.01605216, 0], [31.599284147, 39.01658019, 0], [31.599154128, 39.017005213, 0], [31.598041062, 39.016740212, 0], [31.596034103, 39.016466155, 0], [31.595762147, 39.016891176, 0], [31.595914129, 39.016960215, 0], [31.595940118, 39.017004222, 0], [31.595862136, 39.017152205, 0], [31.595569084, 39.017507151, 0], [31.595523074, 39.017565157, 0], [31.595414148, 39.017616188, 0], [31.595160095, 39.017574208, 0], [31.59483208, 39.018107203, 0], [31.594390103, 39.018666211, 0], [31.594168075, 39.018594165, 0], [31.593857112, 39.018833213, 0], [31.592730092, 39.019915223, 0], [31.592580134, 39.020176211, 0], [31.592838144, 39.020456176, 0], [31.59181614, 39.022580182, 0], [31.591438074, 39.023890233, 0], [31.591315521, 39.024281552, 0], [31.590798038, 39.02593866, 0], [31.590030211, 39.028366084, 0], [31.589861208, 39.028888823, 0], [31.589778953, 39.02949009, 0], [31.589681612, 39.03030379, 0], [31.589813603, 39.030344486, 0], [31.589765402, 39.030607871, 0], [31.589776893, 39.030930808, 0], [31.589856251, 39.031237448, 0], [31.589887033, 39.031586744, 0], [31.589895523, 39.032827496, 0], [31.589892345, 39.033485756, 0], [31.58995448, 39.033968856, 0], [31.590097308, 39.034562304, 0], [31.590207754, 39.034858148, 0], [31.590420488, 39.035299555, 0], [31.59059503, 39.035702121, 0], [31.590754565, 39.036078469, 0], [31.590935226, 39.036518496, 0], [31.591052776, 39.03688866, 0], [31.591166207, 39.037322379, 0], [31.591363092, 39.037881252, 0], [31.591513091, 39.038052166, 0], [31.591561062, 39.03813617, 0], [31.591595101, 39.038341178, 0], [31.591788115, 39.039287216, 0], [31.592240122, 39.040568187, 0], [31.592274037, 39.040813195, 0], [31.592275056, 39.041592227, 0], [31.592427112, 39.041607216, 0], [31.592799107, 39.04160621, 0], [31.592803118, 39.041908245, 0], [31.592831038, 39.042220207, 0], [31.592779121, 39.042714182, 0], [31.592581078, 39.04313423, 0], [31.59242629, 39.043323896, 0], [31.59297009, 39.043514876, 0], [31.593223297, 39.043575319, 0], [31.594081215, 39.043696028, 0], [31.594857981, 39.04374323, 0], [31.596349977, 39.043942914, 0], [31.597322611, 39.044049935, 0], [31.599162164, 39.044300521, 0], [31.599981087, 39.044452341, 0], [31.600400096, 39.044503227, 0], [31.601338891, 39.044587466, 0], [31.601734439, 39.044692662, 0], [31.602235009, 39.044772809, 0], [31.60301061, 39.044904268, 0], [31.603856262, 39.045156021, 0], [31.605004359, 39.045397964, 0], [31.606323635, 39.045618608, 0], [31.607344181, 39.045883688, 0], [31.607702833, 39.046024729, 0], [31.608501733, 39.046208323, 0], [31.609177977, 39.0464418, 0], [31.609664985, 39.04656833, 0], [31.610960466, 39.046877018, 0], [31.611178134, 39.046909521, 0], [31.611404687, 39.046931048, 0], [31.611843227, 39.046954108, 0], [31.612259296, 39.046976268, 0], [31.613024482, 39.047077266, 0], [31.613607799, 39.047225286, 0], [31.61432982, 39.047311888, 0], [31.615505777, 39.047467841, 0], [31.616450734, 39.047576266, 0], [31.617375342, 39.047648406, 0], [31.618240332, 39.047719021, 0], [31.618882122, 39.047796265, 0], [31.61932031, 39.047886681, 0], [31.620218684, 39.047975425, 0], [31.620588866, 39.048128095, 0], [31.621349232, 39.04841457, 0], [31.621801391, 39.048727848, 0], [31.621986557, 39.048913282, 0], [31.622312299, 39.049288849, 0], [31.622762243, 39.049844173, 0], [31.6229288, 39.049977313, 0], [31.623429848, 39.050291252, 0], [31.624119881, 39.050707511, 0], [31.624253347, 39.050827376, 0], [31.624516638, 39.051318688, 0], [31.624683634, 39.051802827, 0], [31.624802873, 39.051943965, 0], [31.624926863, 39.052031825, 0], [31.62509946, 39.052089807, 0], [31.625336403, 39.052131971, 0], [31.626293494, 39.052213252, 0], [31.626688034, 39.052236909, 0], [31.627031735, 39.052302309, 0], [31.627433315, 39.052365957, 0], [31.628113592, 39.052485947, 0], [31.628494396, 39.052564572, 0], [31.629034954, 39.052651111, 0], [31.629533155, 39.052779492, 0], [31.631566248, 39.053477706, 0], [31.632536183, 39.053650349, 0], [31.632896607, 39.053669531, 0], [31.633680385, 39.053666646, 0], [31.634712557, 39.053685944, 0], [31.636489359, 39.053859892, 0], [31.637483686, 39.053879984, 0], [31.63859648, 39.05397884, 0], [31.641026882, 39.054017013, 0], [31.641902507, 39.05409992, 0], [31.643459466, 39.054738055, 0], [31.643890778, 39.05581444, 0], [31.644135354, 39.057147666, 0], [31.646504075, 39.057881506, 0], [31.648339623, 39.057350899, 0], [31.651042108, 39.05790653, 0], [31.654513283, 39.058134571, 0], [31.656307138, 39.058307423, 0], [31.65965688, 39.057454884, 0], [31.659699904, 39.057906197, 0], [31.659969109, 39.059026517, 0], [31.660316732, 39.060042421, 0], [31.660147766, 39.060924007, 0], [31.66192506, 39.062886973, 0], [31.662341347, 39.063367974, 0], [31.662757414, 39.063138689, 0], [31.663752451, 39.06256243, 0], [31.664268619, 39.062220051, 0], [31.664954726, 39.061735469, 0], [31.665160651, 39.061550166, 0], [31.665833913, 39.061008133, 0], [31.666196246, 39.060705607, 0], [31.666870256, 39.060209073, 0], [31.667564455, 39.059849705, 0], [31.667624939, 39.059816071, 0], [31.668364234, 39.059369194, 0], [31.669329048, 39.058768037, 0], [31.670962265, 39.057558986, 0], [31.671604419, 39.057040078, 0], [31.672023114, 39.056727995, 0], [31.672736383, 39.056176557, 0], [31.672783343, 39.056035288, 0], [31.673113984, 39.055788596, 0], [31.673270538, 39.055652447, 0], [31.673463323, 39.055510223, 0], [31.673761655, 39.05532965, 0], [31.674278609, 39.055021289, 0], [31.674931745, 39.054529154, 0], [31.675216734, 39.054271757, 0], [31.67613352, 39.053520715, 0], [31.676847677, 39.053010163, 0], [31.677096161, 39.052772797, 0], [31.677092281, 39.052633471, 0], [31.676849047, 39.052318994, 0], [31.676749224, 39.052224616, 0], [31.677256143, 39.051972075, 0], [31.677616616, 39.051743726, 0], [31.677890767, 39.051539984, 0], [31.678241168, 39.051371161, 0], [31.678275817, 39.051408942, 0], [31.685163548, 39.060309599, 0], [31.685257343, 39.06032426, 0], [31.685895282, 39.060131178, 0], [31.686346345, 39.060019232, 0], [31.685758654, 39.059203945, 0], [31.686486025, 39.059069977, 0], [31.689409452, 39.058423043, 0], [31.690063761, 39.058018226, 0], [31.690317001, 39.057759354, 0], [31.691322924, 39.057501274, 0], [31.692259695, 39.05726142, 0], [31.693390325, 39.056979045, 0], [31.694614565, 39.056741492, 0], [31.695676042, 39.05649769, 0], [31.696618445, 39.056302459, 0], [31.697640556, 39.056099822, 0], [31.698345272, 39.055904444, 0], [31.699541709, 39.055590941, 0], [31.700263901, 39.055367008, 0], [31.700492468, 39.055307752, 0], [31.70135338, 39.055158332, 0], [31.702553787, 39.054824391, 0], [31.703373855, 39.054724322, 0], [31.703717426, 39.054639943, 0], [31.703906614, 39.054644118, 0], [31.704149685, 39.054604386, 0], [31.70440139, 39.054603219, 0], [31.704408976, 39.054574024, 0], [31.704806498, 39.054441951, 0], [31.705263314, 39.054293147, 0], [31.705371334, 39.054243625, 0], [31.705481891, 39.054211699, 0], [31.70571195, 39.054101638, 0], [31.706124439, 39.053937654, 0], [31.706219788, 39.0538879, 0], [31.706287288, 39.05387063, 0], [31.707231656, 39.053553711, 0], [31.707335184, 39.053520443, 0], [31.707870776, 39.05393756, 0], [31.708339178, 39.054308163, 0], [31.709020741, 39.05401057, 0], [31.709836604, 39.053669322, 0], [31.709555056, 39.053435931, 0], [31.709100104, 39.052996471, 0], [31.709588886, 39.052818184, 0], [31.70984956, 39.052768996, 0], [31.710356323, 39.05273361, 0], [31.710859302, 39.052670432, 0], [31.711676015, 39.053256408, 0], [31.713317631, 39.054509608, 0], [31.714420896, 39.054552139, 0], [31.715184809, 39.054573262, 0], [31.715303066, 39.054631593, 0], [31.715835541, 39.054713587, 0], [31.71608988, 39.054735397, 0], [31.716293229, 39.05473124, 0], [31.716816259, 39.054734925, 0], [31.717314611, 39.054759418, 0], [31.717625581, 39.054795812, 0], [31.717701005, 39.054798714, 0], [31.718320745, 39.054803456, 0], [31.719396211, 39.054792119, 0], [31.719602425, 39.05516214, 0], [31.720765215, 39.055212832, 0], [31.721814279, 39.055117488, 0], [31.721852409, 39.055101059, 0], [31.722816734, 39.055011804, 0], [31.722795181, 39.054816968, 0], [31.722744891, 39.054566862, 0], [31.72391041, 39.054391422, 0], [31.723952078, 39.054591342, 0], [31.724034203, 39.05483612, 0], [31.724116372, 39.055295588, 0], [31.724300575, 39.05578338, 0], [31.724751896, 39.055678675, 0], [31.725303447, 39.05558065, 0], [31.725689296, 39.055523605, 0], [31.72586778, 39.055503123, 0], [31.726410706, 39.055412926, 0], [31.726357081, 39.055299905, 0], [31.727629919, 39.05508686, 0], [31.727682037, 39.055087519, 0], [31.727676999, 39.05547432, 0], [31.727661124, 39.055525229, 0], [31.727540617, 39.05654709, 0], [31.72772782, 39.056731209, 0], [31.728746137, 39.057532605, 0], [31.729740689, 39.057034424, 0], [31.730471871, 39.057911056, 0], [31.730714037, 39.058240997, 0], [31.731144462, 39.058814074, 0], [31.731313368, 39.05900961, 0], [31.730858094, 39.059243939, 0], [31.730893259, 39.059313243, 0], [31.7309796, 39.059430672, 0], [31.73108527, 39.059575699, 0], [31.731213067, 39.059762499, 0], [31.731249479, 39.059858033, 0], [31.731272128, 39.059955759, 0], [31.731303563, 39.060073761, 0], [31.731646973, 39.06004065, 0], [31.732137311, 39.059961477, 0], [31.732254252, 39.05994545, 0], [31.732446225, 39.059927988, 0], [31.734319236, 39.059738241, 0], [31.734361731, 39.060107089, 0], [31.735435412, 39.060034683, 0], [31.735693049, 39.060594246, 0], [31.736246179, 39.061595491, 0], [31.736831004, 39.062781855, 0], [31.737227601, 39.063497879, 0], [31.737451306, 39.063941302, 0], [31.737557862, 39.064160749, 0], [31.737678153, 39.064363678, 0], [31.737788051, 39.064545412, 0], [31.737879306, 39.064714332, 0], [31.738014956, 39.064959409, 0], [31.738123547, 39.065203923, 0], [31.738507448, 39.065140869, 0], [31.738882999, 39.065086372, 0], [31.739239416, 39.065030496, 0], [31.739352331, 39.06506442, 0], [31.741377615, 39.067008236, 0], [31.74207689, 39.066420905, 0], [31.742517114, 39.066057718, 0], [31.743121442, 39.065561521, 0], [31.74332076, 39.065549795, 0], [31.743347894, 39.065594503, 0], [31.744738077, 39.06761574, 0], [31.745171095, 39.068347985, 0], [31.745473631, 39.068816387, 0], [31.745653862, 39.069097251, 0], [31.745875275, 39.069469461, 0], [31.746062803, 39.069817522, 0], [31.746175082, 39.070022608, 0], [31.746290426, 39.07022151, 0], [31.746592187, 39.070723865, 0], [31.746760739, 39.071013431, 0], [31.74691404, 39.071303013, 0], [31.74700913, 39.071493949, 0], [31.747233919, 39.072021061, 0], [31.747480693, 39.072625798, 0], [31.747599943, 39.072889967, 0], [31.747700502, 39.073062943, 0], [31.747900048, 39.073379237, 0], [31.74811477, 39.073759299, 0], [31.748219992, 39.074013768, 0], [31.748371807, 39.074388199, 0], [31.748681705, 39.074825589, 0], [31.748839716, 39.075081524, 0], [31.749007739, 39.075456128, 0], [31.749164578, 39.075778539, 0], [31.749312331, 39.076151303, 0], [31.749395341, 39.076400848, 0], [31.749506131, 39.076912768, 0], [31.749556256, 39.077178356, 0], [31.749684234, 39.07786695, 0], [31.749766986, 39.078244692, 0], [31.749879245, 39.078679058, 0], [31.749958096, 39.079045677, 0], [31.750050689, 39.079319739, 0], [31.750242928, 39.079824783, 0], [31.750486271, 39.080724077, 0], [31.750872213, 39.082035808, 0], [31.751133597, 39.082832048, 0], [31.751453352, 39.083513685, 0], [31.751683728, 39.084192832, 0], [31.752039141, 39.08509143, 0], [31.752217269, 39.085663078, 0], [31.752340388, 39.086180533, 0], [31.752445001, 39.087136986, 0], [31.752455135, 39.087400523, 0], [31.752512638, 39.087784119, 0], [31.752732436, 39.088431799, 0], [31.752868799, 39.088755427, 0], [31.753036161, 39.089202992, 0], [31.75317126, 39.089479397, 0], [31.753432286, 39.089898143, 0], [31.753799237, 39.090436581, 0], [31.754091007, 39.090885835, 0], [31.754190046, 39.091066176, 0], [31.753303651, 39.091393192, 0], [31.752923605, 39.091522282, 0], [31.752492152, 39.091652083, 0], [31.752354271, 39.091690337, 0], [31.751685498, 39.091846784, 0], [31.751364713, 39.091907944, 0], [31.751966647, 39.092308542, 0], [31.752268702, 39.092487815, 0], [31.752456459, 39.092616944, 0], [31.752716131, 39.092826123, 0], [31.752869361, 39.09297218, 0], [31.752899008, 39.093189078, 0], [31.753258423, 39.095043858, 0], [31.753336347, 39.095427131, 0], [31.753367076, 39.095864224, 0], [31.753450755, 39.096375579, 0], [31.753650654, 39.097613685, 0], [31.759078592, 39.099059191, 0], [31.759139681, 39.099066688, 0], [31.764647033, 39.100160342, 0], [31.764166996, 39.100651298, 0], [31.764471039, 39.10087894, 0], [31.764896151, 39.101065251, 0], [31.765470641, 39.1015063, 0], [31.767883236, 39.103197534, 0], [31.770163181, 39.106019772, 0], [31.770605805, 39.109531261, 0], [31.77043357, 39.110134319, 0], [31.772649856, 39.110074885, 0], [31.772024536, 39.111231472, 0], [31.773220321, 39.111920923, 0], [31.772178749, 39.112550777, 0], [31.771975693, 39.113600006, 0], [31.769377318, 39.113395479, 0], [31.768583376, 39.113308443, 0], [31.768398351, 39.113313425, 0], [31.772069444, 39.113973974, 0], [31.774003823, 39.114838406, 0], [31.777058015, 39.116211238, 0], [31.781447304, 39.118199678, 0], [31.783154053, 39.119018786, 0], [31.786050988, 39.120321361, 0], [31.789783023, 39.118544378, 0], [31.793240947, 39.119729174, 0], [31.796826013, 39.124016134, 0], [31.798627692, 39.126223137, 0], [31.79955502, 39.127774791, 0], [31.800129194, 39.128675764, 0], [31.800932965, 39.130023789, 0], [31.801762463, 39.131381171, 0], [31.805105096, 39.131132966, 0], [31.81014808, 39.130747712, 0], [31.812287862, 39.131315225, 0], [31.812733711, 39.131495177, 0], [31.812923313, 39.131544136, 0], [31.813076991, 39.131653091, 0], [31.813377793, 39.132017151, 0], [31.813627652, 39.132222041, 0], [31.813838477, 39.132359595, 0], [31.814704429, 39.132754178, 0], [31.814850967, 39.132817021, 0], [31.814973302, 39.132610604, 0], [31.81510281, 39.132494171, 0], [31.815202373, 39.132473741, 0], [31.815284224, 39.132479799, 0], [31.815303746, 39.132493331, 0], [31.815501211, 39.132511735, 0], [31.81562156, 39.132520526, 0], [31.815673537, 39.132515919, 0], [31.815733857, 39.132485991, 0], [31.815746947, 39.132456393, 0], [31.815732522, 39.132411922, 0], [31.815576555, 39.132268442, 0], [31.815511654, 39.132230124, 0], [31.815306193, 39.132091187, 0], [31.81513437, 39.131886283, 0], [31.81511241, 39.131841735, 0], [31.815108534, 39.131799803, 0], [31.815202901, 39.131605534, 0], [31.815244482, 39.131572262, 0], [31.815319766, 39.13156591, 0], [31.815541961, 39.13162853, 0], [31.815823154, 39.131705894, 0], [31.815882294, 39.131706495, 0], [31.816070458, 39.131625072, 0], [31.816163059, 39.131593039, 0], [31.816409065, 39.131595358, 0], [31.816552048, 39.131619783, 0], [31.816666585, 39.131633739, 0], [31.816786034, 39.131679097, 0], [31.816866989, 39.131744334, 0], [31.816915175, 39.131806627, 0], [31.816948924, 39.131910665, 0], [31.816952665, 39.132017732, 0], [31.816920716, 39.132125337, 0], [31.816932682, 39.132556187, 0], [31.816923848, 39.132593755, 0], [31.816922993, 39.132644828, 0], [31.816815471, 39.132861488, 0], [31.816865249, 39.132993978, 0], [31.816981877, 39.133048406, 0], [31.817069099, 39.133064247, 0], [31.817148664, 39.133041631, 0], [31.817266682, 39.133013008, 0], [31.817320014, 39.132990216, 0], [31.817405547, 39.132924506, 0], [31.817525326, 39.132887523, 0], [31.817676437, 39.132859686, 0], [31.817802689, 39.132852138, 0], [31.817895197, 39.132842806, 0], [31.81805992, 39.132833846, 0], [31.818270359, 39.132823908, 0], [31.818519438, 39.132808235, 0], [31.818571373, 39.132806149, 0], [31.820034024, 39.132726372, 0], [31.820204991, 39.133086397, 0], [31.820241963, 39.13316344, 0], [31.821603001, 39.13380542, 0], [31.822126992, 39.134199373, 0], [31.822202992, 39.134270412, 0], [31.822623006, 39.134291414, 0], [31.822752954, 39.134285429, 0], [31.823237994, 39.134257355, 0], [31.823711027, 39.134228436, 0], [31.824208024, 39.13422138, 0], [31.824708981, 39.134234361, 0], [31.824738976, 39.134226375, 0], [31.824748986, 39.134192422, 0], [31.824861014, 39.134185443, 0], [31.82503998, 39.134123373, 0], [31.825131006, 39.134111407, 0], [31.825218971, 39.134134367, 0], [31.825338024, 39.134221424, 0], [31.825558014, 39.134314364, 0], [31.82600101, 39.134330359, 0], [31.826396986, 39.134345429, 0], [31.826818981, 39.134310398, 0], [31.827016963, 39.134269418, 0], [31.827181998, 39.134230357, 0], [31.828113019, 39.134757391, 0], [31.829038978, 39.135124363, 0], [31.829050028, 39.135125375, 0], [31.82909094, 39.135103443, 0], [31.829107939, 39.135102443, 0], [31.829761971, 39.13506739, 0], [31.830226949, 39.135058365, 0], [31.830237948, 39.135137395, 0], [31.830470952, 39.135407397, 0], [31.830822025, 39.135553444, 0], [31.831096967, 39.135595393, 0], [31.831923971, 39.135393411, 0], [31.832860951, 39.135464422, 0], [31.833662952, 39.135366414, 0], [31.834381029, 39.135179361, 0], [31.83461599, 39.135094412, 0], [31.836445953, 39.13426944, 0], [31.837029997, 39.134080402, 0], [31.837829019, 39.133866387, 0], [31.837983965, 39.133854418, 0], [31.838207942, 39.133897373, 0], [31.838269985, 39.133872406, 0], [31.838878943, 39.134065415, 0], [31.839124015, 39.13409038, 0], [31.840654026, 39.134499403, 0], [31.840712001, 39.134565386, 0], [31.843580997, 39.135335438, 0], [31.843693484, 39.135341239, 0], [31.843698018, 39.135402366, 0], [31.844039, 39.135420434, 0], [31.844070019, 39.135466418, 0], [31.845741014, 39.146588405, 0], [31.849137004, 39.146720376, 0], [31.849308969, 39.145899448, 0], [31.851548984, 39.145420457, 0], [31.854439, 39.142568403, 0], [31.85914, 39.142697408, 0], [31.859362957, 39.142652383, 0], [31.860838015, 39.141564449, 0], [31.861435981, 39.140262431, 0], [31.861167001, 39.139978445, 0], [31.858969001, 39.13921738, 0], [31.858644013, 39.138349406, 0], [31.860147996, 39.138598456, 0], [31.861783999, 39.138281378, 0], [31.863708946, 39.138762425, 0], [31.865147023, 39.138518416, 0], [31.865172987, 39.13905841, 0], [31.865487009, 39.13895642, 0], [31.866621992, 39.138442409, 0], [31.868629022, 39.13738045, 0], [31.87094103, 39.136150416, 0], [31.873325972, 39.135014466, 0], [31.87508902, 39.134235445, 0], [31.87721099, 39.133171382, 0], [31.877836994, 39.133096419, 0], [31.879771945, 39.131469414, 0], [31.881586011, 39.130639433, 0], [31.881959968, 39.13038743, 0], [31.88224802, 39.130222441, 0], [31.884252976, 39.129159378, 0], [31.884703948, 39.128886391, 0], [31.886367033, 39.12817345, 0], [31.88800496, 39.127626465, 0], [31.888893018, 39.127754398, 0], [31.891931962, 39.126992413, 0], [31.892375966, 39.12695438, 0], [31.893237962, 39.126882388, 0], [31.894031024, 39.126722435, 0], [31.894956976, 39.126873384, 0], [31.896032032, 39.127006459, 0], [31.896734942, 39.127231409, 0], [31.896560944, 39.127096425, 0], [31.896475959, 39.126979402, 0], [31.895890953, 39.126437451, 0], [31.895481956, 39.125987439, 0], [31.89448999, 39.124891431, 0], [31.893641033, 39.123918396, 0], [31.892824038, 39.122879442, 0], [31.891868016, 39.121686453, 0], [31.891609958, 39.121420389, 0], [31.889585037, 39.119912428, 0], [31.889193009, 39.119668416, 0], [31.890541966, 39.118149426, 0], [31.893159984, 39.116493826, 0], [31.896628646, 39.114553061, 0], [31.897084029, 39.114318446, 0], [31.898804155, 39.113336127, 0], [31.900010429, 39.112697501, 0], [31.901947933, 39.111580154, 0], [31.904361801, 39.110208689, 0], [31.90514339, 39.111022812, 0], [31.907961041, 39.109827411, 0], [31.906451008, 39.107295436, 0], [31.905960996, 39.106425408, 0], [31.905497013, 39.105624454, 0], [31.905240048, 39.104887425, 0], [31.904930982, 39.103875394, 0], [31.904964511, 39.103255602, 0], [31.905205006, 39.103207409, 0], [31.905563043, 39.103229871, 0], [31.905684778, 39.103152723, 0], [31.905784983, 39.102852124, 0], [31.905851003, 39.102159571, 0], [31.906061112, 39.101245211, 0], [31.906284404, 39.100452328, 0], [31.906432669, 39.099639191, 0], [31.906718878, 39.099007533, 0], [31.907482502, 39.098051331, 0], [31.90818251, 39.096977048, 0], [31.908960225, 39.097058746, 0], [31.910041036, 39.097366434, 0], [31.910583058, 39.094336365, 0], [31.909702992, 39.094178403, 0], [31.91055505, 39.091633409, 0], [31.912287039, 39.091754361, 0], [31.912567856, 39.089320419, 0], [31.91333504, 39.089362439, 0], [31.913990016, 39.089341425, 0], [31.914278983, 39.089343396, 0], [31.91469003, 39.089355422, 0], [31.914819019, 39.089356443, 0], [31.915150019, 39.089359434, 0], [31.915451003, 39.08936737, 0], [31.915649999, 39.089379402, 0], [31.915903981, 39.089393386, 0], [31.916191968, 39.089434443, 0], [31.916574053, 39.089482411, 0], [31.916708814, 39.08939285, 0], [31.917005579, 39.089047128, 0], [31.917815032, 39.089012391, 0], [31.918221022, 39.088993366, 0], [31.918544022, 39.088989426, 0], [31.919945027, 39.089034398, 0], [31.920499036, 39.089031421, 0], [31.920938013, 39.089006386, 0], [31.921240982, 39.088965405, 0], [31.921665021, 39.088894371, 0], [31.921889972, 39.088867441, 0], [31.921954996, 39.088861376, 0], [31.922053979, 39.088835443, 0], [31.922103009, 39.088796436, 0], [31.922323667, 39.088832261, 0], [31.92349185, 39.088932697, 0], [31.924203608, 39.088939268, 0], [31.924368596, 39.087643902, 0], [31.923695299, 39.087566784, 0], [31.923599809, 39.086629386, 0], [31.923461348, 39.08535158, 0], [31.923328879, 39.084043647, 0], [31.924222091, 39.083712963, 0], [31.925169424, 39.083201594, 0], [31.924728062, 39.082557413, 0], [31.92472898, 39.082484446, 0], [31.924383024, 39.081999436, 0], [31.924697036, 39.0818444, 0], [31.92471305, 39.081819412, 0], [31.926823063, 39.080799361, 0], [31.928070064, 39.080181443, 0], [31.92821703, 39.080316403, 0], [31.928287059, 39.079840364, 0], [31.929147015, 39.079749434, 0], [31.929168066, 39.079435382, 0], [31.929455042, 39.078065359, 0], [31.929750993, 39.076687398, 0], [31.929706061, 39.076279404, 0], [31.929676648, 39.074541596, 0], [31.929693838, 39.074400758, 0], [31.928099981, 39.074324401, 0], [31.928069033, 39.07434736, 0], [31.927709009, 39.075781397, 0], [31.928422016, 39.077133404, 0], [31.928537057, 39.07737438, 0], [31.928832059, 39.07868236, 0], [31.926328065, 39.077008369, 0], [31.925682017, 39.077240443, 0], [31.924722003, 39.076451386, 0], [31.924720014, 39.076425421, 0], [31.924503052, 39.076280442, 0], [31.92279793, 39.07658507, 0], [31.922701453, 39.075989834, 0], [31.922734898, 39.07555211, 0], [31.922812904, 39.074647665, 0], [31.922758718, 39.07398588, 0], [31.922737226, 39.07346215, 0], [31.922703324, 39.07293344, 0], [31.922679569, 39.072295361, 0], [31.92263839, 39.071486664, 0], [31.922628541, 39.071457383, 0], [31.922827551, 39.071477781, 0], [31.923526704, 39.071631091, 0], [31.924635135, 39.071831326, 0], [31.926019025, 39.072008503, 0], [31.926951515, 39.072138535, 0], [31.927537127, 39.072280955, 0], [31.929121283, 39.072832023, 0], [31.929667192, 39.072946679, 0], [31.931206467, 39.073144861, 0], [31.932931588, 39.073352562, 0], [31.93376843, 39.073493376, 0], [31.935229783, 39.073867015, 0], [31.936155795, 39.074094756, 0], [31.936681968, 39.074185685, 0], [31.937785333, 39.074309351, 0], [31.938779349, 39.074357504, 0], [31.940330704, 39.070705898, 0], [31.940754775, 39.06957863, 0], [31.941148933, 39.068468386, 0], [31.941537289, 39.067413856, 0], [31.941630566, 39.067116583, 0], [31.94179273, 39.066667859, 0], [31.941946978, 39.066257622, 0], [31.9421162, 39.065904099, 0], [31.942229353, 39.064664539, 0], [31.941933996, 39.064056701, 0], [31.941844839, 39.063338028, 0], [31.941874663, 39.062828009, 0], [31.941880954, 39.061627931, 0], [31.942043635, 39.060964787, 0], [31.942300773, 39.059905098, 0], [31.941612514, 39.058733673, 0], [31.941678439, 39.058282272, 0], [31.940873989, 39.057177358, 0], [31.939326254, 39.055222043, 0], [31.938858374, 39.054645782, 0], [31.938388643, 39.05276819, 0], [31.938435581, 39.052542032, 0], [31.939430454, 39.051544289, 0], [31.939330296, 39.051506169, 0], [31.938959082, 39.049311805, 0], [31.938736672, 39.048222801, 0], [31.939104865, 39.047262149, 0], [31.939356342, 39.04728732, 0], [31.938483081, 39.046365554, 0], [31.938429748, 39.045555306, 0], [31.938360035, 39.045374574, 0], [31.937952635, 39.044620384, 0], [31.937589664, 39.044424727, 0], [31.937729169, 39.044227161, 0], [31.937176317, 39.043508762, 0], [31.93714852, 39.043424361, 0], [31.935586691, 39.041710677, 0], [31.935114045, 39.040958313, 0], [31.934627924, 39.040126812, 0], [31.933911616, 39.038934181, 0], [31.933503002, 39.038354926, 0], [31.933309059, 39.037990885, 0], [31.93303886, 39.037369559, 0], [31.932805672, 39.036751904, 0], [31.931930189, 39.035624834, 0], [31.931118677, 39.034540957, 0], [31.9298415, 39.032535107, 0], [31.929421746, 39.031846361, 0], [31.929008395, 39.031238847, 0], [31.928840828, 39.030417814, 0], [31.928953094, 39.02936763, 0], [31.92907475, 39.028925755, 0], [31.929430578, 39.027675005, 0], [31.92980876, 39.026381304, 0], [31.9297372, 39.025296186, 0], [31.930046807, 39.02476495, 0], [31.930188228, 39.024559121, 0], [31.930611724, 39.024017486, 0], [31.931591453, 39.022733977, 0], [31.931943981, 39.022323945, 0], [31.932357304, 39.021880503, 0], [31.932533368, 39.021707512, 0], [31.933488228, 39.020927114, 0], [31.934315038, 39.020261399, 0], [31.934716682, 39.019915233, 0], [31.935278771, 39.019496473, 0], [31.936354491, 39.018617691, 0], [31.936846974, 39.018208739, 0], [31.937492735, 39.017753612, 0], [31.939469523, 39.016137747, 0], [31.940513852, 39.015236566, 0], [31.94159142, 39.013975932, 0], [31.942096206, 39.013401926, 0], [31.942794896, 39.012623541, 0], [31.943097834, 39.012184374, 0], [31.943572523, 39.011583061, 0], [31.943926868, 39.011138411, 0], [31.944084893, 39.011002719, 0], [31.944085833, 39.010869117, 0], [31.944343667, 39.011002629, 0], [31.944382017, 39.010966397, 0], [31.945390185, 39.010092233, 0], [31.946835713, 39.009202189, 0], [31.947377653, 39.008493714, 0], [31.949262869, 39.007665718, 0], [31.950192621, 39.007244069, 0], [31.951616533, 39.006616756, 0], [31.952056254, 39.006422139, 0], [31.953468455, 39.005798842, 0], [31.953801545, 39.005659481, 0], [31.954071113, 39.005545947, 0], [31.954749555, 39.004893168, 0], [31.956154486, 39.004605285, 0], [31.956764999, 39.004484074, 0], [31.957539531, 39.004036472, 0], [31.958812233, 39.003321138, 0], [31.961212502, 39.002224106, 0], [31.961044752, 39.001993141, 0], [31.96054879, 39.001492482, 0], [31.960807289, 39.001463252, 0], [31.961020327, 39.001416949, 0], [31.961549612, 39.0012476, 0], [31.962078455, 39.001075631, 0], [31.962317889, 39.001021543, 0], [31.962690244, 39.000968636, 0], [31.963329773, 39.000807376, 0], [31.964041907, 39.000616936, 0], [31.965255304, 39.000322826, 0], [31.965594479, 39.00022655, 0], [31.966243141, 39.000058418, 0], [31.966514537, 38.999980008, 0], [31.967598906, 38.999736535, 0], [31.967912726, 38.999674354, 0], [31.9685967, 38.999559137, 0], [31.969563356, 38.999355057, 0], [31.970777763, 38.999152434, 0], [31.971473188, 38.999015227, 0], [31.972821173, 38.99879376, 0], [31.974756223, 38.9984068, 0], [31.97581619, 38.998115195, 0], [31.976043737, 38.997701856, 0], [31.977207781, 38.997733421, 0], [31.977625872, 38.997736185, 0], [31.978633271, 38.997681764, 0], [31.979150156, 38.997641512, 0], [31.980278815, 38.997531107, 0], [31.980582186, 38.997492225, 0], [31.982531483, 38.997281935, 0], [31.982889357, 38.997247126, 0], [31.983504583, 38.997121672, 0], [31.984439795, 38.996840523, 0], [31.984879475, 38.996651548, 0], [31.984963508, 38.996634981, 0], [31.985076298, 38.996638395, 0], [31.985088567, 38.99653282, 0], [31.985217318, 38.996478802, 0], [31.985178352, 38.996426839, 0], [31.985919024, 38.996164618, 0], [31.986924957, 38.995877217, 0], [31.988740957, 38.995407454, 0], [31.989755579, 38.995123527, 0], [31.990384256, 38.994980854, 0], [31.990932645, 38.994899469, 0], [31.991210949, 38.994881244, 0], [31.991750293, 38.994886898, 0], [31.992218452, 38.994802561, 0], [31.992323285, 38.994863289, 0], [31.992509618, 38.995105992, 0], [31.992589249, 38.995016856, 0], [31.992675371, 38.993811861, 0], [31.991924038, 38.99276883, 0], [31.991731124, 38.990689125, 0], [31.991873604, 38.990666301, 0], [31.991856134, 38.990589029, 0], [31.99209111, 38.990576554, 0], [31.992092068, 38.990509081, 0], [31.992197282, 38.990495485, 0], [31.992120207, 38.988961675, 0], [31.992091689, 38.987052228, 0], [31.992198813, 38.986903686, 0], [31.994785633, 38.985701344, 0], [31.995631889, 38.985314288, 0], [31.997263379, 38.984159881, 0], [31.998306634, 38.983066801, 0], [31.998548574, 38.982808324, 0], [31.99920399, 38.982197878, 0], [31.999585237, 38.981896627, 0], [31.999786765, 38.981728706, 0], [32.000188956, 38.981420425, 0], [32.00090246, 38.980915338, 0], [32.001272749, 38.98070183, 0], [32.002005408, 38.980329881, 0], [32.002676867, 38.979990289, 0], [32.002898231, 38.979900554, 0], [32.00333357, 38.979650296, 0], [32.00443456, 38.979127054, 0], [32.004873877, 38.978863941, 0], [32.005725174, 38.978501449, 0], [32.006449986, 38.978197246, 0], [32.007211808, 38.977866866, 0], [32.007421754, 38.97776216, 0], [32.007528333, 38.977703784, 0], [32.007780843, 38.977550518, 0], [32.00794016, 38.977451326, 0], [32.00831429, 38.977225846, 0], [32.008530379, 38.977103621, 0], [32.00864123, 38.977052848, 0], [32.008807498, 38.976980653, 0], [32.009214639, 38.976756351, 0], [32.009487395, 38.976645778, 0], [32.009655679, 38.976551796, 0], [32.009821756, 38.976452119, 0], [32.010071966, 38.976299278, 0], [32.010220806, 38.976213689, 0], [32.010466279, 38.976031707, 0], [32.010688163, 38.975834569, 0], [32.011133632, 38.975488776, 0], [32.011601669, 38.975142182, 0], [32.01217816, 38.974820559, 0], [32.012666041, 38.97457981, 0], [32.01303875, 38.974420252, 0], [32.01345764, 38.974259641, 0], [32.013899197, 38.974084355, 0], [32.014295623, 38.973978329, 0], [32.014919653, 38.973872242, 0], [32.015209044, 38.973851261, 0], [32.015898829, 38.973829242, 0], [32.017294926, 38.973711993, 0], [32.018056809, 38.973645791, 0], [32.019188414, 38.973572872, 0], [32.019701672, 38.973567366, 0], [32.02037165, 38.973566236, 0], [32.021095829, 38.973583216, 0], [32.022148933, 38.973590786, 0], [32.022559656, 38.973593056, 0], [32.023348965, 38.973574169, 0], [32.023866643, 38.973565618, 0], [32.024232313, 38.973549036, 0], [32.024640279, 38.973530284, 0], [32.024880841, 38.973515627, 0], [32.025922402, 38.973427655, 0], [32.027251128, 38.973383333, 0], [32.027587144, 38.973349465, 0], [32.028154612, 38.973228961, 0], [32.028693248, 38.973093619, 0], [32.02913934, 38.972966423, 0], [32.02955245, 38.972863367, 0], [32.03034032, 38.972698016, 0], [32.030721765, 38.972613163, 0], [32.031841807, 38.972338752, 0], [32.032787542, 38.972148747, 0], [32.033152482, 38.972108165, 0], [32.033751802, 38.971946994, 0], [32.034032834, 38.971825621, 0], [32.034347033, 38.971568026, 0], [32.034764914, 38.971294711, 0], [32.035145379, 38.971014598, 0], [32.035681096, 38.970713334, 0], [32.036274942, 38.970371823, 0], [32.037510769, 38.969619367, 0], [32.038082919, 38.969276047, 0], [32.038739992, 38.968846572, 0], [32.03905254, 38.968652558, 0], [32.03968327, 38.968283945, 0], [32.040566665, 38.967713971, 0], [32.040781186, 38.967595908, 0], [32.041175765, 38.967374093, 0], [32.041810201, 38.96699721, 0], [32.042417548, 38.966659383, 0], [32.042569816, 38.966562248, 0], [32.042756135, 38.966700272, 0], [32.043888583, 38.9663353, 0], [32.045276599, 38.965912406, 0], [32.045624531, 38.966689443, 0], [32.046200407, 38.966524953, 0], [32.046659044, 38.966400856, 0], [32.048994212, 38.965735367, 0], [32.049879023, 38.965478956, 0], [32.051836403, 38.964881508, 0], [32.052929194, 38.964601266, 0], [32.054448419, 38.964167975, 0], [32.05668489, 38.963563067, 0], [32.058051247, 38.963213453, 0], [32.06019638, 38.9625799, 0], [32.06189551, 38.962080749, 0], [32.062566498, 38.961886579, 0], [32.064396448, 38.961374117, 0], [32.064761053, 38.961259466, 0], [32.06514393, 38.96117379, 0], [32.065739912, 38.961051348, 0], [32.065871556, 38.961006633, 0], [32.066028508, 38.960926353, 0], [32.066177531, 38.960681585, 0], [32.066201659, 38.960699617, 0], [32.06694131, 38.960115857, 0], [32.06774007, 38.959479949, 0], [32.068137581, 38.959155266, 0], [32.0681952, 38.959152303, 0], [32.068227791, 38.959061927, 0], [32.068769841, 38.95908076, 0], [32.069330126, 38.95909523, 0], [32.070263845, 38.95908988, 0], [32.070718205, 38.959118727, 0], [32.0708436, 38.959012782, 0], [32.071195775, 38.958820618, 0], [32.071593606, 38.958863697, 0], [32.072114386, 38.95898091, 0], [32.072548213, 38.959343661, 0], [32.072846182, 38.959461982, 0], [32.073376802, 38.959562239, 0], [32.074014146, 38.959542973, 0], [32.074124869, 38.959547545, 0], [32.074236431, 38.959575369, 0], [32.074341965, 38.959612966, 0], [32.074447625, 38.959604344, 0], [32.074486368, 38.959581857, 0], [32.074491163, 38.959549821, 0], [32.074483557, 38.959468764, 0], [32.074440004, 38.959283092, 0], [32.074326561, 38.959070737, 0], [32.074277329, 38.958948537, 0], [32.074221192, 38.958684111, 0], [32.074195137, 38.958477675, 0], [32.074149297, 38.958189996, 0], [32.074154662, 38.95784362, 0], [32.074167488, 38.957772186, 0], [32.074219989, 38.957606556, 0], [32.074235291, 38.957593523, 0], [32.074625432, 38.957605537, 0], [32.075488334, 38.957716528, 0], [32.078131819, 38.957958448, 0], [32.078523437, 38.957988931, 0], [32.080219734, 38.958124845, 0], [32.082156348, 38.958275418, 0], [32.084026475, 38.958290655, 0], [32.085009194, 38.958411255, 0], [32.08852111, 38.959053015, 0], [32.091703719, 38.959618228, 0], [32.093876329, 38.960008387, 0], [32.094399476, 38.959973167, 0], [32.096469333, 38.95936611, 0], [32.097933219, 38.958959392, 0], [32.098424735, 38.958813361, 0], [32.103071097, 38.957355289, 0], [32.104227079, 38.956997298, 0], [32.105636778, 38.956578444, 0], [32.105576632, 38.955980376, 0], [32.105498947, 38.955240723, 0], [32.105400356, 38.954120434, 0], [32.1053833, 38.953955608, 0], [32.106175666, 38.953795813, 0], [32.107202258, 38.953565639, 0], [32.108357124, 38.953282558, 0], [32.109572234, 38.953021188, 0], [32.111407342, 38.952599292, 0], [32.111389323, 38.952479958, 0], [32.113322764, 38.952130137, 0], [32.114245638, 38.951933619, 0], [32.116886086, 38.951317643, 0], [32.118460853, 38.950948264, 0], [32.119436236, 38.950727955, 0], [32.119476023, 38.951357757, 0], [32.119498751, 38.951666598, 0], [32.119544148, 38.952343022, 0], [32.119587, 38.952986722, 0], [32.119604334, 38.95324705, 0], [32.119642094, 38.953802417, 0], [32.119718162, 38.954869098, 0], [32.119775259, 38.955784635, 0], [32.119857255, 38.9568801, 0], [32.119872525, 38.95705356, 0], [32.119917615, 38.958101447, 0], [32.119944897, 38.958973242, 0], [32.124641441, 38.958885949, 0], [32.132510478, 38.95871263, 0], [32.135875164, 38.95855308, 0], [32.138313426, 38.958534983, 0], [32.14115039, 38.958065506, 0], [32.141696891, 38.965603362, 0], [32.142096348, 38.970764836, 0], [32.142316077, 38.973579157, 0], [32.142489327, 38.975915175, 0], [32.142585114, 38.975921465, 0], [32.142490897, 38.975919241, 0], [32.142646675, 38.978220804, 0], [32.142845181, 38.980098328, 0], [32.143528083, 38.986361306, 0], [32.144339112, 38.993798619, 0], [32.14334361, 38.994025651, 0], [32.141079655, 38.99431668, 0], [32.137626534, 38.994664829, 0], [32.137488444, 38.99900317, 0], [32.137490962, 38.999376094, 0], [32.137531915, 39.001179388, 0], [32.137545125, 39.001675641, 0], [32.137494633, 39.002837769, 0], [32.137561808, 39.004889289, 0], [32.137601471, 39.00561485, 0], [32.134768889, 39.005683788, 0], [32.133107354, 39.005703345, 0], [32.129978049, 39.015919466, 0], [32.129874091, 39.016676481, 0], [32.127553093, 39.023691428, 0], [32.12714205, 39.025286459, 0], [32.127110037, 39.025844449, 0], [32.133456031, 39.026417478, 0], [32.13437803, 39.023017468, 0], [32.134619076, 39.022170471, 0], [32.134896086, 39.021037417, 0], [32.135146066, 39.019956417, 0], [32.135240024, 39.019695478, 0], [32.135856088, 39.019057485, 0], [32.136060069, 39.018811414, 0], [32.136219086, 39.018573479, 0], [32.136695069, 39.018142474, 0], [32.136787086, 39.018040447, 0], [32.136981028, 39.017726459, 0], [32.137186056, 39.017307411, 0], [32.137354039, 39.016989446, 0], [32.137496019, 39.016663451, 0], [32.137671087, 39.01613048, 0], [32.137800005, 39.015648433, 0], [32.137914066, 39.015299436, 0], [32.13809903, 39.01503349, 0], [32.138423068, 39.014507476, 0], [32.138885046, 39.013649486, 0], [32.13917804, 39.013035487, 0], [32.139287023, 39.012939439, 0], [32.139404064, 39.012901472, 0], [32.139501024, 39.012901466, 0], [32.139902033, 39.013009475, 0], [32.141586079, 39.013434428, 0], [32.142783058, 39.013677479, 0], [32.14516901, 39.014134475, 0], [32.145335022, 39.014166414, 0], [32.146445081, 39.014376447, 0], [32.149637047, 39.015010429, 0], [32.15089404, 39.015241491, 0], [32.151655013, 39.015382442, 0], [32.152876052, 39.0156025, 0], [32.15404102, 39.015812499, 0], [32.154771097, 39.015941493, 0], [32.156555087, 39.016265417, 0], [32.156461009, 39.016535473, 0], [32.154806031, 39.022902507, 0], [32.154166027, 39.025416479, 0], [32.153450057, 39.028129456, 0], [32.153031005, 39.029747495, 0], [32.152671058, 39.031153427, 0], [32.153161021, 39.031098514, 0], [32.154077997, 39.03110643, 0], [32.154877075, 39.031206463, 0], [32.156747006, 39.03124946, 0], [32.158126083, 39.031342491, 0], [32.159724066, 39.031510511, 0], [32.160798042, 39.031664469, 0], [32.161244083, 39.031738493, 0], [32.161939, 39.031713487, 0], [32.162727035, 39.031717435, 0], [32.164706001, 39.032049482, 0], [32.165783025, 39.032229453, 0], [32.166519999, 39.032379506, 0], [32.167319052, 39.032492517, 0], [32.168216035, 39.032663522, 0], [32.168509054, 39.032772464, 0], [32.168915042, 39.032997443, 0], [32.169220052, 39.033026464, 0], [32.169579043, 39.033042446, 0], [32.169917001, 39.033048455, 0], [32.170312023, 39.033095503, 0], [32.171606066, 39.033189482, 0], [32.172274082, 39.033225488, 0], [32.172597021, 39.033220482, 0], [32.173065064, 39.033133436, 0], [32.173467073, 39.03306349, 0], [32.173559033, 39.03305351, 0], [32.173654024, 39.033069499, 0], [32.173762069, 39.033134503, 0], [32.173880005, 39.033225523, 0], [32.174184072, 39.033458501, 0], [32.174410015, 39.033593441, 0], [32.174544995, 39.03364449, 0], [32.174778001, 39.033696502, 0], [32.174928055, 39.033729457, 0], [32.175127007, 39.033760506, 0], [32.175272074, 39.033763514, 0], [32.175451064, 39.033741445, 0], [32.175750002, 39.03367851, 0], [32.175910018, 39.033649459, 0], [32.176076029, 39.033637478, 0], [32.176167006, 39.0336465, 0], [32.176421064, 39.033723523, 0], [32.177864045, 39.033570453, 0], [32.179342076, 39.033409502, 0], [32.180623024, 39.033269492, 0], [32.180840079, 39.033234528, 0], [32.181265009, 39.033167508, 0], [32.181753017, 39.033091469, 0], [32.182353012, 39.03300351, 0], [32.182318047, 39.032879474, 0], [32.182233044, 39.032517506, 0], [32.182186067, 39.032278514, 0], [32.182121015, 39.032012457, 0], [32.182070003, 39.031776501, 0], [32.181963068, 39.03129248, 0], [32.181883059, 39.030993523, 0], [32.182285058, 39.030914446, 0], [32.182483056, 39.030862498, 0], [32.182760062, 39.030791462, 0], [32.183076026, 39.030704481, 0], [32.183580028, 39.030528451, 0], [32.183460056, 39.029984517, 0], [32.183385991, 39.029582444, 0], [32.183334056, 39.029277468, 0], [32.183251997, 39.028866509, 0], [32.183217045, 39.028592465, 0], [32.183182072, 39.028386442, 0], [32.183137018, 39.028104489, 0], [32.183074995, 39.027699437, 0], [32.183011016, 39.027348518, 0], [32.182897051, 39.026821473, 0], [32.182845043, 39.026473521, 0], [32.182761057, 39.026048493, 0], [32.182709065, 39.025798475, 0], [32.182612034, 39.025265511, 0], [32.182525073, 39.024685499, 0], [32.182508012, 39.024479511, 0], [32.182529058, 39.024306496, 0], [32.182313087, 39.024332461, 0], [32.181807049, 39.024399456, 0], [32.17997204, 39.024629465, 0], [32.179614052, 39.024678482, 0], [32.179184081, 39.024724469, 0], [32.178754007, 39.024754506, 0], [32.178663073, 39.02476747, 0], [32.178600019, 39.024725492, 0], [32.178568051, 39.024664453, 0], [32.178539836, 39.02450965, 0], [32.178503042, 39.024075492, 0], [32.178444035, 39.023593517, 0], [32.178540078, 39.023188494, 0], [32.178595074, 39.023103471, 0], [32.178688086, 39.023042501, 0], [32.178871008, 39.023007481, 0], [32.178821016, 39.022956495, 0], [32.178765042, 39.022928442, 0], [32.178513039, 39.022874502, 0], [32.178461008, 39.02267043, 0], [32.178428997, 39.022407486, 0], [32.178408012, 39.022212462, 0], [32.178368, 39.021735486, 0], [32.178359068, 39.021585504, 0], [32.178340996, 39.021451495, 0], [32.178335064, 39.020902502, 0], [32.178342088, 39.02060848, 0], [32.178359059, 39.020294437, 0], [32.178372091, 39.019950455, 0], [32.178393056, 39.019653468, 0], [32.178657004, 39.019645507, 0], [32.178748031, 39.019640472, 0], [32.178844091, 39.019628445, 0], [32.178893058, 39.019611491, 0], [32.179213073, 39.019351476, 0], [32.17939406, 39.019186433, 0], [32.179521066, 39.019076509, 0], [32.179419075, 39.018736493, 0], [32.179283086, 39.018140455, 0], [32.179216035, 39.01777744, 0], [32.179171077, 39.017571435, 0], [32.179009021, 39.016849441, 0], [32.178945007, 39.016586452, 0], [32.178932074, 39.016510501, 0], [32.178907055, 39.016252472, 0], [32.178920055, 39.016141476, 0], [32.178948044, 39.015994457, 0], [32.179040065, 39.015532464, 0], [32.179171513, 39.014955517, 0], [32.179320475, 39.015071437, 0], [32.179445753, 39.015159801, 0], [32.179556197, 39.015229591, 0], [32.1797873, 39.015367261, 0], [32.180073024, 39.015525946, 0], [32.180325812, 39.015658271, 0], [32.18043521, 39.015703367, 0], [32.180588713, 39.015747961, 0], [32.180775382, 39.015782788, 0], [32.180932391, 39.015804252, 0], [32.181055267, 39.015812233, 0], [32.181261437, 39.015816203, 0], [32.181392443, 39.015812888, 0], [32.181473844, 39.015807963, 0], [32.181559504, 39.015805321, 0], [32.181718449, 39.01579112, 0], [32.181836944, 39.015774203, 0], [32.181981561, 39.015738728, 0], [32.182131636, 39.015675903, 0], [32.182363406, 39.015557701, 0], [32.182818439, 39.015323759, 0], [32.183219268, 39.015123311, 0], [32.183389186, 39.015049271, 0], [32.183538196, 39.014996077, 0], [32.183629399, 39.014975092, 0], [32.183701685, 39.01496749, 0], [32.183775794, 39.014967017, 0], [32.183867305, 39.014977298, 0], [32.183989486, 39.014995902, 0], [32.184092562, 39.015019237, 0], [32.18427669, 39.015067915, 0], [32.184545862, 39.015150973, 0], [32.184877621, 39.015241586, 0], [32.185264013, 39.015335732, 0], [32.185291445, 39.015368899, 0], [32.185298317, 39.015375974, 0], [32.185192605, 39.01548263, 0], [32.185052663, 39.015675267, 0], [32.184989894, 39.015783033, 0], [32.184987045, 39.01586527, 0], [32.18503275, 39.015966136, 0], [32.185104671, 39.016081691, 0], [32.18519387, 39.016227097, 0], [32.185261921, 39.016339562, 0], [32.185284625, 39.016402967, 0], [32.185298468, 39.01640856, 0], [32.188075452, 39.017328699, 0], [32.188431571, 39.016997824, 0], [32.189045096, 39.017280396, 0], [32.189062287, 39.01735971, 0], [32.189436165, 39.01890159, 0], [32.189451485, 39.018928004, 0], [32.192676406, 39.018417007, 0], [32.195220196, 39.018026184, 0], [32.199259143, 39.017389619, 0], [32.199987138, 39.017272716, 0], [32.200642852, 39.017179638, 0], [32.2012636, 39.017095597, 0], [32.201683284, 39.017027385, 0], [32.20403675, 39.01662894, 0], [32.204802766, 39.016509203, 0], [32.207420124, 39.016120327, 0], [32.209826473, 39.015757352, 0], [32.210291735, 39.015674732, 0], [32.211285194, 39.015520003, 0], [32.21186543, 39.015453561, 0], [32.212710908, 39.015320794, 0], [32.213774077, 39.015157685, 0], [32.21388214, 39.01561754, 0], [32.219291, 39.015270063, 0], [32.219309924, 39.015264154, 0], [32.219082914, 39.014773505, 0], [32.218843823, 39.01431629, 0], [32.218768145, 39.01408721, 0], [32.218744388, 39.013943799, 0], [32.218793431, 39.013944668, 0], [32.219051091, 39.013934591, 0], [32.21931599, 39.013924472, 0], [32.219895241, 39.013928438, 0], [32.220427771, 39.013893617, 0], [32.220920033, 39.013874112, 0], [32.221382231, 39.013842782, 0], [32.221773163, 39.013804668, 0], [32.22205251, 39.013788512, 0], [32.222419355, 39.013758074, 0], [32.222727303, 39.013722016, 0], [32.222903358, 39.013709765, 0], [32.223092521, 39.013709583, 0], [32.223612692, 39.01371593, 0], [32.224001179, 39.013726984, 0], [32.224102915, 39.013725859, 0], [32.224220307, 39.013712856, 0], [32.224333974, 39.013430531, 0], [32.224453707, 39.013133381, 0], [32.224619585, 39.012674905, 0], [32.224613481, 39.012571074, 0], [32.22463824, 39.012423212, 0], [32.224725689, 39.012221348, 0], [32.224847713, 39.011932141, 0], [32.224917225, 39.011706823, 0], [32.224936984, 39.011615597, 0], [32.224992046, 39.01150992, 0], [32.225066938, 39.011271574, 0], [32.225108443, 39.011133913, 0], [32.225248495, 39.010850592, 0], [32.225311508, 39.010644601, 0], [32.225316607, 39.010570126, 0], [32.225441836, 39.010231026, 0], [32.225499584, 39.01005356, 0], [32.225582213, 39.009908965, 0], [32.225615047, 39.009797644, 0], [32.225653377, 39.009688973, 0], [32.225759522, 39.009370378, 0], [32.225853521, 39.009169818, 0], [32.225953138, 39.008986864, 0], [32.225988122, 39.008931597, 0], [32.226017228, 39.00886521, 0], [32.226066165, 39.008770574, 0], [32.226106912, 39.008658494, 0], [32.226160928, 39.008499834, 0], [32.226197322, 39.008323938, 0], [32.226245306, 39.008098206, 0], [32.226300635, 39.00788892, 0], [32.226328361, 39.007739275, 0], [32.226416498, 39.007377134, 0], [32.226464718, 39.00712969, 0], [32.226539265, 39.006799713, 0], [32.22657818, 39.006575813, 0], [32.226582956, 39.006460792, 0], [32.226600719, 39.006351443, 0], [32.226632595, 39.006240296, 0], [32.226645877, 39.006175065, 0], [32.226662481, 39.006093368, 0], [32.226716405, 39.005907858, 0], [32.226852129, 39.005460711, 0], [32.2268756, 39.00536059, 0], [32.226953293, 39.005152353, 0], [32.227077276, 39.004873697, 0], [32.227293691, 39.004441139, 0], [32.227336236, 39.004312133, 0], [32.227411445, 39.004008108, 0], [32.227491976, 39.003652582, 0], [32.227541109, 39.003460733, 0], [32.227552748, 39.003415041, 0], [32.227679428, 39.002826563, 0], [32.227775356, 39.002421046, 0], [32.22788791, 39.001984015, 0], [32.22810649, 39.000974135, 0], [32.228113751, 39.000945713, 0], [32.228116953, 39.00092267, 0], [32.228119907, 39.000896291, 0], [32.228143307, 39.000732201, 0], [32.228178347, 39.000496021, 0], [32.228216144, 39.000312836, 0], [32.228241522, 39.000089386, 0], [32.228277393, 38.99977672, 0], [32.228315106, 38.999495961, 0], [32.228404978, 38.999033552, 0], [32.22847469, 38.998726155, 0], [32.228528306, 38.998287563, 0], [32.228573929, 38.997865765, 0], [32.228745129, 38.996543027, 0], [32.228947376, 38.99484191, 0], [32.229174395, 38.993357907, 0], [32.229224136, 38.992749007, 0], [32.229729057, 38.992751441, 0], [32.230724609, 38.992677645, 0], [32.231707443, 38.992714394, 0], [32.232346865, 38.992712027, 0], [32.231855371, 38.991379694, 0], [32.231299209, 38.989698622, 0], [32.231226012, 38.989362081, 0], [32.231252083, 38.989354955, 0], [32.232498184, 38.989202429, 0], [32.234585953, 38.989449585, 0], [32.234596185, 38.989445507, 0], [32.23709312, 38.988432155, 0], [32.237423243, 38.988448188, 0], [32.237457279, 38.988461745, 0], [32.237763281, 38.989510391, 0], [32.237858523, 38.98984518, 0], [32.238468363, 38.991987233, 0], [32.238952014, 38.99203706, 0], [32.239018411, 38.99253203, 0], [32.2402585, 38.99269616, 0], [32.241094294, 38.993261367, 0], [32.241969006, 38.993170021, 0], [32.243525082, 38.992794781, 0], [32.24459205, 38.992567445, 0], [32.246546959, 38.991941847, 0], [32.246589706, 38.991933384, 0], [32.245923965, 38.991159662, 0], [32.245586199, 38.990319674, 0], [32.245598787, 38.990317863, 0], [32.246816552, 38.989980934, 0], [32.247758894, 38.991456302, 0], [32.249265351, 38.990994624, 0], [32.249278486, 38.991022098, 0], [32.249355191, 38.990998896, 0], [32.250680792, 38.990638475, 0], [32.252691515, 38.990091605, 0], [32.254781082, 38.989749994, 0], [32.256911468, 38.990100994, 0], [32.258391589, 38.990521251, 0], [32.258439396, 38.990547773, 0], [32.259912364, 38.990120791, 0], [32.261264416, 38.991001042, 0], [32.261637983, 38.991236216, 0], [32.262258028, 38.991631426, 0], [32.262514682, 38.991801619, 0], [32.263151505, 38.992416225, 0], [32.263245433, 38.992531511, 0], [32.262718964, 38.992862171, 0], [32.26222961, 38.992946741, 0], [32.261907991, 38.993126881, 0], [32.261684959, 38.994201488, 0], [32.262082026, 38.995091177, 0], [32.26075495, 38.995929408, 0], [32.260430946, 38.996318642, 0], [32.260733234, 38.996762479, 0], [32.263792172, 38.99677723, 0], [32.271030456, 38.996705564, 0], [32.272365989, 38.997587925, 0], [32.272616564, 38.997621562, 0], [32.27312833, 38.997600696, 0], [32.274305072, 38.997392062, 0], [32.275010413, 38.997251574, 0], [32.275483984, 38.997352721, 0], [32.277627004, 38.99781442, 0], [32.278051939, 38.998194914, 0], [32.278601172, 38.998910883, 0], [32.278709509, 38.999064085, 0], [32.279279669, 39.000065064, 0], [32.279692564, 38.999944813, 0], [32.279870713, 39.000210255, 0], [32.279783946, 39.000239722, 0], [32.279852808, 39.000341865, 0], [32.280341263, 39.000743736, 0], [32.281020591, 39.000973796, 0], [32.282046676, 39.000608559, 0], [32.282085295, 39.000575281, 0], [32.283936326, 39.00153375, 0], [32.288610902, 39.003951882, 0], [32.29204798, 39.00574084, 0], [32.294905995, 39.007241133, 0], [32.296482084, 39.008069533, 0], [32.296547819, 39.00815408, 0], [32.296595583, 39.008216534, 0], [32.296497072, 39.008325497, 0], [32.296463062, 39.008374484, 0], [32.298270089, 39.00892054, 0], [32.298404063, 39.009405523, 0], [32.298671036, 39.009539479, 0], [32.300065071, 39.009686511, 0], [32.300583062, 39.009776561, 0], [32.301243024, 39.009870522, 0], [32.301616996, 39.009952497, 0], [32.301871088, 39.010031501, 0], [32.301924071, 39.010125518, 0], [32.301635072, 39.010351551, 0], [32.301298089, 39.010633516, 0], [32.301722043, 39.01095049, 0], [32.301992064, 39.012635551, 0], [32.303989013, 39.013041564, 0], [32.304773051, 39.013161563, 0], [32.305611992, 39.013316571, 0], [32.306879067, 39.013618541, 0], [32.306991032, 39.013613531, 0], [32.307489994, 39.013744521, 0], [32.308217049, 39.013995518, 0], [32.308893054, 39.014119534, 0], [32.309447064, 39.014124527, 0], [32.309516037, 39.014103493, 0], [32.310943002, 39.015540494, 0], [32.310970012, 39.015603541, 0], [32.311395081, 39.015842553, 0], [32.311802035, 39.01608353, 0], [32.312095021, 39.016290497, 0], [32.313535024, 39.016694503, 0], [32.314962006, 39.016623518, 0], [32.315383043, 39.016650497, 0], [32.315667038, 39.016625495, 0], [32.315876036, 39.016564555, 0], [32.316070016, 39.016470551, 0], [32.317023073, 39.015770503, 0], [32.317969059, 39.014991573, 0], [32.318023002, 39.014948552, 0], [32.318241049, 39.015402559, 0], [32.318672054, 39.016057554, 0], [32.318842005, 39.016273515, 0], [32.318973004, 39.016399514, 0], [32.319274049, 39.016632548, 0], [32.319454047, 39.016774509, 0], [32.319720008, 39.016931566, 0], [32.320021995, 39.017096581, 0], [32.319757009, 39.017344512, 0], [32.319674045, 39.017493497, 0], [32.319409058, 39.01813857, 0], [32.319282016, 39.018483527, 0], [32.318997013, 39.019198577, 0], [32.318742054, 39.019849564, 0], [32.318102026, 39.019909521, 0], [32.317588015, 39.020336543, 0], [32.317804026, 39.020468536, 0], [32.318070032, 39.02090958, 0], [32.318476989, 39.02153254, 0], [32.318818024, 39.022037538, 0], [32.319180026, 39.02260158, 0], [32.319592986, 39.023226553, 0], [32.319976062, 39.023799545, 0], [32.320027048, 39.023936518, 0], [32.325106989, 39.030873588, 0], [32.325934025, 39.032007543, 0], [32.327374041, 39.034019588, 0], [32.327713005, 39.034494546, 0], [32.329306027, 39.028718574, 0], [32.331240046, 39.027557532, 0], [32.335248004, 39.025166506, 0], [32.338058053, 39.025311596, 0], [32.338394069, 39.02532954, 0], [32.338456027, 39.025325567, 0], [32.347560019, 39.028074598, 0], [32.34865505, 39.028413533, 0], [32.351607987, 39.029317524, 0], [32.366516008, 39.030235549, 0], [32.375777024, 39.030764618, 0], [32.37552599, 39.027419539, 0], [32.375560067, 39.02613459, 0], [32.375578008, 39.025037586, 0], [32.375685062, 39.018196525, 0], [32.374254997, 39.017269519, 0], [32.37620006, 39.01413657, 0], [32.375769051, 39.014083539, 0], [32.374933072, 39.013800575, 0], [32.375107094, 39.013291562, 0], [32.37526117, 39.012938219, 0], [32.37654427, 39.009995601, 0], [32.376962775, 39.009006957, 0], [32.377420041, 39.007550197, 0], [32.378311607, 39.00725322, 0], [32.378522484, 39.006903058, 0], [32.37946428, 39.006142343, 0], [32.380078297, 39.00456928, 0], [32.380585299, 39.004409169, 0], [32.380696506, 39.004379578, 0], [32.380794727, 39.004342979, 0], [32.381511248, 39.004116675, 0], [32.383943664, 39.004805991, 0], [32.385789277, 39.004977898, 0], [32.386050844, 39.004763044, 0], [32.387741672, 39.00481698, 0], [32.388112783, 39.004620805, 0], [32.388475221, 39.004082217, 0], [32.389631403, 39.003214517, 0], [32.390539367, 39.003003123, 0], [32.391041744, 39.002312093, 0], [32.391207084, 39.002343589, 0], [32.392225026, 39.000696527, 0], [32.392551076, 39.000264591, 0], [32.392920058, 38.999722599, 0], [32.393667996, 38.998717587, 0], [32.394211073, 38.997981527, 0], [32.394690006, 38.997295585, 0], [32.395221062, 38.996559547, 0], [32.39571204, 38.995854563, 0], [32.395819076, 38.99570853, 0], [32.396220063, 38.995159575, 0], [32.396729072, 38.994414586, 0], [32.398059008, 38.992642588, 0], [32.398724496, 38.991607745, 0], [32.399160764, 38.990968595, 0], [32.399190418, 38.990929916, 0], [32.399428695, 38.990598145, 0], [32.399724076, 38.990201528, 0], [32.400258081, 38.989543595, 0], [32.400646048, 38.98906258, 0], [32.400824069, 38.988806539, 0], [32.401059043, 38.988548537, 0], [32.401276068, 38.988273595, 0], [32.401326063, 38.988193575, 0], [32.401590047, 38.987859589, 0], [32.401860063, 38.987532571, 0], [32.402155076, 38.987210546, 0], [32.40237209, 38.986958576, 0], [32.402713046, 38.986516595, 0], [32.402907057, 38.986259551, 0], [32.402998031, 38.986140548, 0], [32.403100052, 38.985998537, 0], [32.403793084, 38.985091563, 0], [32.403999028, 38.984818541, 0], [32.40437008, 38.984361572, 0], [32.404523075, 38.984157563, 0], [32.404832029, 38.983702529, 0], [32.405005062, 38.983447537, 0], [32.40512307, 38.983305515, 0], [32.405315007, 38.983123507, 0], [32.405642016, 38.98279659, 0], [32.406080055, 38.982307523, 0], [32.40633208, 38.981986529, 0], [32.406423051, 38.981866532, 0], [32.406628046, 38.981613592, 0], [32.406910014, 38.981240583, 0], [32.40716503, 38.980902574, 0], [32.407435095, 38.980540585, 0], [32.407649758, 38.980234625, 0], [32.407849224, 38.979981384, 0], [32.40748133, 38.979608227, 0], [32.407241223, 38.979232384, 0], [32.406914892, 38.978784926, 0], [32.406680662, 38.978458395, 0], [32.406244353, 38.977923342, 0], [32.405963183, 38.977495752, 0], [32.405951779, 38.977481999, 0], [32.406349356, 38.977365095, 0], [32.406776156, 38.977225633, 0], [32.407335417, 38.977012603, 0], [32.407807818, 38.976849674, 0], [32.408250056, 38.976673166, 0], [32.409280582, 38.976432063, 0], [32.409955838, 38.976303939, 0], [32.410554006, 38.976080999, 0], [32.410927878, 38.975812957, 0], [32.410971766, 38.975732271, 0], [32.41133686, 38.975477698, 0], [32.411823008, 38.975227248, 0], [32.412156403, 38.975144597, 0], [32.412987854, 38.974936245, 0], [32.414882715, 38.974163091, 0], [32.416681321, 38.973514389, 0], [32.417952956, 38.973382441, 0], [32.418480533, 38.973334437, 0], [32.418844044, 38.973268766, 0], [32.419224658, 38.973230208, 0], [32.419652468, 38.973229003, 0], [32.420275302, 38.973161283, 0], [32.421400529, 38.972957664, 0], [32.422240508, 38.972759468, 0], [32.422625757, 38.972677045, 0], [32.42279884, 38.972650872, 0], [32.423105607, 38.972655813, 0], [32.423338588, 38.972697418, 0], [32.423714381, 38.9727127, 0], [32.424042784, 38.972714321, 0], [32.424682906, 38.972650087, 0], [32.424963918, 38.972637958, 0], [32.42533203, 38.972531835, 0], [32.42559217, 38.972428514, 0], [32.425878528, 38.972284867, 0], [32.426177693, 38.972158221, 0], [32.426490062, 38.972011277, 0], [32.426667833, 38.971934577, 0], [32.426772091, 38.971860849, 0], [32.426959584, 38.971652655, 0], [32.427142222, 38.971515252, 0], [32.427398139, 38.971391724, 0], [32.428018024, 38.971155197, 0], [32.428512163, 38.970965351, 0], [32.42901938, 38.970758719, 0], [32.429860056, 38.970455869, 0], [32.430440386, 38.97030689, 0], [32.431315144, 38.970061498, 0], [32.431644439, 38.969961923, 0], [32.432523971, 38.969666001, 0], [32.433017927, 38.969496407, 0], [32.433204427, 38.969409559, 0], [32.433787762, 38.968869285, 0], [32.434253883, 38.96839259, 0], [32.434475896, 38.96818455, 0], [32.43501482, 38.967792446, 0], [32.435380136, 38.96749401, 0], [32.435563067, 38.967316142, 0], [32.435576199, 38.967292601, 0], [32.435628637, 38.967221948, 0], [32.435868565, 38.966926328, 0], [32.436143059, 38.966640875, 0], [32.436765224, 38.966107532, 0], [32.437026686, 38.965832195, 0], [32.437396773, 38.965469717, 0], [32.437766111, 38.965201566, 0], [32.438394191, 38.964735725, 0], [32.438667237, 38.964366018, 0], [32.43914209, 38.963872406, 0], [32.439611574, 38.963503642, 0], [32.440113377, 38.963151788, 0], [32.440441007, 38.962967849, 0], [32.440920947, 38.962659765, 0], [32.441470654, 38.962254257, 0], [32.441972385, 38.961909242, 0], [32.442276637, 38.961683021, 0], [32.44279832, 38.961280706, 0], [32.442972398, 38.961122966, 0], [32.44316817, 38.960941724, 0], [32.443344816, 38.96072327, 0], [32.443475722, 38.960560278, 0], [32.443517219, 38.960511643, 0], [32.443877201, 38.960326137, 0], [32.444129571, 38.960099663, 0], [32.444396347, 38.959965968, 0], [32.445151233, 38.959569798, 0], [32.445617039, 38.959396683, 0], [32.446433314, 38.959157656, 0], [32.446820993, 38.959031286, 0], [32.446790739, 38.958980868, 0], [32.446984843, 38.958901962, 0], [32.447301855, 38.958805799, 0], [32.447440785, 38.958857993, 0], [32.447565606, 38.958998955, 0], [32.447725181, 38.959125847, 0], [32.447965173, 38.959290329, 0], [32.448312048, 38.959503789, 0], [32.44871536, 38.959742561, 0], [32.449087106, 38.959928206, 0], [32.449639226, 38.960173624, 0], [32.449900391, 38.960271981, 0], [32.450110309, 38.960412711, 0], [32.450396956, 38.960637683, 0], [32.450531737, 38.960747156, 0], [32.450645797, 38.96086545, 0], [32.450979964, 38.961025865, 0], [32.451387655, 38.96119257, 0], [32.451731462, 38.961325188, 0], [32.451880088, 38.961355258, 0], [32.452053167, 38.961398777, 0], [32.452282289, 38.961494005, 0], [32.452498209, 38.961597999, 0], [32.452759575, 38.961671304, 0], [32.453007887, 38.961734275, 0], [32.453425571, 38.961815698, 0], [32.453804424, 38.961810084, 0], [32.454035611, 38.961884776, 0], [32.454227222, 38.961969463, 0], [32.454392701, 38.962011501, 0], [32.454739132, 38.962051322, 0], [32.455059154, 38.962096965, 0], [32.455011329, 38.962202246, 0], [32.454899278, 38.962702213, 0], [32.454966249, 38.962793794, 0], [32.455074283, 38.962929805, 0], [32.455151217, 38.963075221, 0], [32.455219632, 38.963288891, 0], [32.455263084, 38.963406761, 0], [32.455361942, 38.963684633, 0], [32.455419021, 38.96378797, 0], [32.455543054, 38.963935588, 0], [32.455744786, 38.964141501, 0], [32.455945413, 38.964305332, 0], [32.455958086, 38.964440357, 0], [32.456254742, 38.964593194, 0], [32.456594193, 38.964800828, 0], [32.456743642, 38.96497361, 0], [32.456927587, 38.965315845, 0], [32.457032315, 38.965673839, 0], [32.457133692, 38.966221651, 0], [32.457108955, 38.96674383, 0], [32.457060845, 38.967123186, 0], [32.456980429, 38.967283185, 0], [32.456845119, 38.967476715, 0], [32.456838458, 38.967613542, 0], [32.456865428, 38.96803298, 0], [32.456887459, 38.968102187, 0], [32.456882746, 38.968233167, 0], [32.456817306, 38.968413777, 0], [32.456729277, 38.968585544, 0], [32.456724638, 38.968694359, 0], [32.456770821, 38.968816746, 0], [32.456800276, 38.968911035, 0], [32.456810771, 38.969019921, 0], [32.456808271, 38.96904811, 0], [32.456927476, 38.96904425, 0], [32.456926653, 38.969077312, 0], [32.456946391, 38.969209847, 0], [32.45691761, 38.969525955, 0], [32.456877264, 38.969873002, 0], [32.456836295, 38.970052375, 0], [32.456778113, 38.970266896, 0], [32.456755677, 38.970487439, 0], [32.45671986, 38.970989024, 0], [32.456726449, 38.97159667, 0], [32.456771953, 38.972057369, 0], [32.456837589, 38.97231265, 0], [32.456890521, 38.97243651, 0], [32.456988591, 38.97253346, 0], [32.45714357, 38.972620134, 0], [32.457372793, 38.972720127, 0], [32.457653038, 38.972845404, 0], [32.457842387, 38.972956473, 0], [32.457988962, 38.973059324, 0], [32.45810525, 38.973251772, 0], [32.458266415, 38.97361381, 0], [32.458383322, 38.973887527, 0], [32.458422008, 38.974032583, 0], [32.458726224, 38.974373752, 0], [32.461778034, 38.974532387, 0], [32.461898041, 38.974536995, 0], [32.472124696, 38.976142127, 0], [32.481179725, 38.977628358, 0], [32.48532371, 38.978307577, 0], [32.488139013, 38.978779639, 0], [32.488203103, 38.978777037, 0], [32.489639727, 38.980482384, 0], [32.48968227, 38.980537169, 0], [32.489813559, 38.980695954, 0], [32.490772092, 38.981862486, 0], [32.493816629, 38.985476919, 0], [32.494472649, 38.986263519, 0], [32.494695281, 38.986540901, 0], [32.494968655, 38.986872741, 0], [32.495472503, 38.987464968, 0], [32.495884728, 38.987954716, 0], [32.500584257, 38.993552929, 0], [32.50093129, 38.993966338, 0], [32.501820357, 38.995028058, 0], [32.50187499, 38.995113072, 0], [32.506574491, 39.003304029, 0], [32.510394702, 39.002712694, 0], [32.510460009, 39.003033713, 0], [32.510428157, 39.003302519, 0], [32.510385565, 39.003499202, 0], [32.510522748, 39.003768987, 0], [32.510573299, 39.00390984, 0], [32.510582006, 39.004138903, 0], [32.510518953, 39.004319463, 0], [32.51043052, 39.004451714, 0], [32.510496582, 39.00458056, 0], [32.510516433, 39.004685065, 0], [32.510484774, 39.004801518, 0], [32.510468432, 39.004933982, 0], [32.510380013, 39.005050196, 0], [32.510415055, 39.005202967, 0], [32.510351474, 39.005459927, 0], [32.510302712, 39.005805244, 0], [32.510321383, 39.006094623, 0], [32.510256388, 39.006556457, 0], [32.510198448, 39.006741002, 0], [32.510166483, 39.006901601, 0], [32.510222194, 39.007026439, 0], [32.510221639, 39.007106803, 0], [32.510133535, 39.007190763, 0], [32.510065834, 39.007299046, 0], [32.510110746, 39.007512133, 0], [32.510156255, 39.007624855, 0], [32.51013499, 39.007725224, 0], [32.51009285, 39.007869652, 0], [32.510101721, 39.00807466, 0], [32.51003811, 39.008335583, 0], [32.509964739, 39.008520064, 0], [32.509839621, 39.008736581, 0], [32.509637014, 39.008988811, 0], [32.509543458, 39.009116986, 0], [32.50943374, 39.009337532, 0], [32.509329147, 39.009574137, 0], [32.509279943, 39.009665288, 0], [32.509257635, 39.009682222, 0], [32.509157015, 39.009771175, 0], [32.509059894, 39.009822392, 0], [32.509032168, 39.009878946, 0], [32.509080694, 39.009940957, 0], [32.509100589, 39.009997711, 0], [32.50899996, 39.010184238, 0], [32.508959299, 39.010210556, 0], [32.508820465, 39.010288716, 0], [32.508678246, 39.010415423, 0], [32.5085256, 39.010617588, 0], [32.50839032, 39.010787391, 0], [32.508307118, 39.010946421, 0], [32.508220395, 39.011132466, 0], [32.50840419, 39.011205228, 0], [32.508563811, 39.011275275, 0], [32.508744149, 39.011283423, 0], [32.509108487, 39.011197113, 0], [32.509767611, 39.01102726, 0], [32.51000347, 39.010994915, 0], [32.510423229, 39.010978748, 0], [32.510518603, 39.011015187, 0], [32.510596699, 39.010988216, 0], [32.51075974, 39.010990882, 0], [32.510973048, 39.011038086, 0], [32.51114829, 39.011094681, 0], [32.511368549, 39.011128399, 0], [32.511652992, 39.011149952, 0], [32.511914955, 39.011158077, 0], [32.512305208, 39.011139167, 0], [32.512653822, 39.011039446, 0], [32.513342924, 39.01087177, 0], [32.513757133, 39.011025941, 0], [32.514257201, 39.011118572, 0], [32.514714732, 39.011191924, 0], [32.5151413, 39.011322356, 0], [32.515347171, 39.011427183, 0], [32.515557754, 39.011274173, 0], [32.516129118, 39.010660913, 0], [32.5162538, 39.010464209, 0], [32.516484439, 39.010470391, 0], [32.516796331, 39.010405011, 0], [32.516460963, 39.011218277, 0], [32.516275767, 39.011517621, 0], [32.516182228, 39.011798335, 0], [32.515781906, 39.012301666, 0], [32.515627539, 39.012548791, 0], [32.51559009, 39.012662969, 0], [32.515809816, 39.012678207, 0], [32.516412638, 39.012817384, 0], [32.516875895, 39.013058962, 0], [32.517155571, 39.013250675, 0], [32.517270024, 39.013479814, 0], [32.517348295, 39.013637357, 0], [32.51748152, 39.013809452, 0], [32.517505126, 39.013923883, 0], [32.517424037, 39.014180863, 0], [32.517312503, 39.014418528, 0], [32.517175842, 39.0147515, 0], [32.517027993, 39.014936667, 0], [32.516558437, 39.01484895, 0], [32.516326612, 39.014805103, 0], [32.516186217, 39.01480452, 0], [32.516088071, 39.0148661, 0], [32.516062911, 39.014966003, 0], [32.516171559, 39.015152323, 0], [32.516299079, 39.015267185, 0], [32.516390415, 39.015310449, 0], [32.516463531, 39.015329763, 0], [32.51652452, 39.015339566, 0], [32.515061965, 39.017567892, 0], [32.51532379, 39.017683313, 0], [32.515469731, 39.017779242, 0], [32.515376994, 39.01794076, 0], [32.515381203, 39.018217105, 0], [32.515324226, 39.018512295, 0], [32.515199932, 39.018830991, 0], [32.515162739, 39.018907058, 0], [32.51499675, 39.019068361, 0], [32.514781179, 39.019334241, 0], [32.514608473, 39.019585973, 0], [32.514509504, 39.019766655, 0], [32.514447404, 39.01991884, 0], [32.51443456, 39.020014019, 0], [32.514402353, 39.020252101, 0], [32.5144491, 39.020562047, 0], [32.514495032, 39.020991009, 0], [32.514565774, 39.021358086, 0], [32.514551496, 39.021662914, 0], [32.514398116, 39.021762373, 0], [32.514061132, 39.021922963, 0], [32.513864491, 39.022093597, 0], [32.513752933, 39.022331348, 0], [32.513622986, 39.022583347, 0], [32.513480848, 39.022820969, 0], [32.513534604, 39.022997422, 0], [32.513613428, 39.023088298, 0], [32.513636802, 39.023236064, 0], [32.513580956, 39.023364489, 0], [32.513179046, 39.024087008, 0], [32.511155924, 39.02606995, 0], [32.511039403, 39.026140908, 0], [32.510906648, 39.026797786, 0], [32.510501622, 39.027067637, 0], [32.510414165, 39.027357921, 0], [32.510327073, 39.027581446, 0], [32.510204155, 39.027695262, 0], [32.50984433, 39.027612753, 0], [32.509722267, 39.02760269, 0], [32.509612134, 39.027630878, 0], [32.509751478, 39.027869859, 0], [32.509443054, 39.028096596, 0], [32.509350999, 39.028210631, 0], [32.509235057, 39.028224649, 0], [32.509100977, 39.028147593, 0], [32.509010046, 39.028071619, 0], [32.508550041, 39.028340602, 0], [32.508440029, 39.028378609, 0], [32.508293037, 39.028377629, 0], [32.508170978, 39.028325669, 0], [32.50807997, 39.02832961, 0], [32.50788999, 39.028400615, 0], [32.50780997, 39.028509655, 0], [32.508117981, 39.028920623, 0], [32.50834903, 39.029068635, 0], [32.508741982, 39.028880638, 0], [32.509066043, 39.02877668, 0], [32.509196454, 39.02875074, 0], [32.509249246, 39.028790154, 0], [32.509388107, 39.028809749, 0], [32.509451356, 39.028797402, 0], [32.510785368, 39.029327097, 0], [32.511455547, 39.029568122, 0], [32.51212635, 39.029732923, 0], [32.512577381, 39.029868152, 0], [32.512865072, 39.029913231, 0], [32.51297364, 39.02997459, 0], [32.513374761, 39.030108526, 0], [32.513436407, 39.030190952, 0], [32.513567124, 39.030273395, 0], [32.5136675, 39.030334809, 0], [32.514368605, 39.030528375, 0], [32.515562847, 39.030971571, 0], [32.515989373, 39.031125785, 0], [32.516178152, 39.031202881, 0], [32.516336465, 39.031388776, 0], [32.516698565, 39.031924369, 0], [32.517322833, 39.032646375, 0], [32.518004691, 39.033321855, 0], [32.518335978, 39.033670095, 0], [32.518688423, 39.033933551, 0], [32.519108133, 39.034197373, 0], [32.519630953, 39.034571086, 0], [32.520396676, 39.035150675, 0], [32.520706291, 39.035437824, 0], [32.520582798, 39.035623095, 0], [32.520349161, 39.035850889, 0], [32.520201437, 39.036012185, 0], [32.519930052, 39.036397041, 0], [32.519645341, 39.03694852, 0], [32.519563781, 39.03727208, 0], [32.519458831, 39.037433641, 0], [32.519433538, 39.037552644, 0], [32.518735008, 39.038764623, 0], [32.518488092, 39.039149486, 0], [32.5184361, 39.039341177, 0], [32.51844653, 39.039433028, 0], [32.518388979, 39.039643436, 0], [32.518299647, 39.03988957, 0], [32.518132533, 39.040196109, 0], [32.517998269, 39.040421786, 0], [32.51794237, 39.040487055, 0], [32.518155542, 39.040596051, 0], [32.51920858, 39.040996191, 0], [32.519742613, 39.041198946, 0], [32.520161073, 39.041330588, 0], [32.520466725, 39.041446808, 0], [32.520862474, 39.04158358, 0], [32.521366908, 39.041768367, 0], [32.521656014, 39.041880191, 0], [32.522123741, 39.042026353, 0], [32.522505273, 39.04215297, 0], [32.522849867, 39.042274659, 0], [32.523274436, 39.04242064, 0], [32.523644005, 39.042484677, 0], [32.524069157, 39.042544165, 0], [32.524518569, 39.042637807, 0], [32.524697174, 39.042731875, 0], [32.524826972, 39.042743576, 0], [32.525490875, 39.042723845, 0], [32.525415507, 39.043207356, 0], [32.525530521, 39.043264134, 0], [32.525717987, 39.043287421, 0], [32.525970305, 39.043316557, 0], [32.526200768, 39.04337939, 0], [32.526639503, 39.043589294, 0], [32.526862501, 39.043685882, 0], [32.527107411, 39.043754447, 0], [32.527287413, 39.043811397, 0], [32.527546881, 39.043840559, 0], [32.527893208, 39.043847638, 0], [32.528023008, 39.043859425, 0], [32.528202973, 39.04392205, 0], [32.528440475, 39.044001755, 0], [32.528717701, 39.043552754, 0], [32.528856853, 39.043232574, 0], [32.528893426, 39.043163437, 0], [32.528951344, 39.043137363, 0], [32.529117721, 39.043064877, 0], [32.529348971, 39.043009501, 0], [32.529847805, 39.042865287, 0], [32.529934697, 39.042809327, 0], [32.530130747, 39.042630104, 0], [32.530442894, 39.042344405, 0], [32.530920332, 39.042149376, 0], [32.531222786, 39.042046351, 0], [32.531274542, 39.042043946, 0], [32.531570157, 39.041923053, 0], [32.531874738, 39.04184373, 0], [32.532819634, 39.041881306, 0], [32.533408209, 39.041896817, 0], [32.53345386, 39.041895468, 0], [32.533179439, 39.042256917, 0], [32.533398844, 39.042292032, 0], [32.533624641, 39.042340326, 0], [32.534301803, 39.042506197, 0], [32.53468562, 39.042288255, 0], [32.534786695, 39.042277396, 0], [32.535118275, 39.042323767, 0], [32.535716105, 39.042483637, 0], [32.535788677, 39.042416444, 0], [32.536077419, 39.042383807, 0], [32.536250499, 39.042407019, 0], [32.536416242, 39.042430203, 0], [32.536546372, 39.042391348, 0], [32.536497306, 39.042171678, 0], [32.536483763, 39.042042246, 0], [32.536578773, 39.041851349, 0], [32.537167187, 39.041234724, 0], [32.53738477, 39.041066837, 0], [32.539115075, 39.040139659, 0], [32.539958275, 39.041397671, 0], [32.540693698, 39.042587771, 0], [32.540871486, 39.042987958, 0], [32.541020003, 39.043449926, 0], [32.541076909, 39.043579529, 0], [32.541184439, 39.043675634, 0], [32.541551088, 39.043885289, 0], [32.542003715, 39.044179611, 0], [32.542170685, 39.044028364, 0], [32.542315567, 39.04393325, 0], [32.54246018, 39.043894446, 0], [32.542575427, 39.043917422, 0], [32.5433228, 39.044387321, 0], [32.543933028, 39.044862355, 0], [32.544234236, 39.045144813, 0], [32.544849984, 39.045889973, 0], [32.545251376, 39.046302288, 0], [32.546040139, 39.045940382, 0], [32.545810136, 39.045638114, 0], [32.545965124, 39.045586461, 0], [32.546362421, 39.045507642, 0], [32.546734092, 39.045412594, 0], [32.547559745, 39.045255069, 0], [32.547453703, 39.044909048, 0], [32.547276582, 39.044397964, 0], [32.547787716, 39.044263272, 0], [32.548122443, 39.045104538, 0], [32.548457631, 39.045889494, 0], [32.548755128, 39.046099669, 0], [32.549044475, 39.045988259, 0], [32.549271509, 39.045815701, 0], [32.549763879, 39.045575694, 0], [32.550208805, 39.045363613, 0], [32.55064647, 39.045154115, 0], [32.550686883, 39.04510733, 0], [32.550708005, 39.04494704, 0], [32.550595859, 39.04443432, 0], [32.550546828, 39.044262047, 0], [32.550482991, 39.044050615, 0], [32.550439685, 39.043757094, 0], [32.550495927, 39.043482967, 0], [32.55064804, 39.042996673, 0], [32.550840004, 39.042852628, 0], [32.551271963, 39.042668692, 0], [32.551725027, 39.042642775, 0], [32.551904004, 39.04286456, 0], [32.552322999, 39.042847069, 0], [32.55267484, 39.042795532, 0], [32.553391028, 39.042673224, 0], [32.553426428, 39.042937883, 0], [32.553518465, 39.043015177, 0], [32.553759026, 39.043006548, 0], [32.554092351, 39.042959712, 0], [32.555148116, 39.042780939, 0], [32.55527148, 39.042786275, 0], [32.555357567, 39.042825074, 0], [32.555377059, 39.042938129, 0], [32.555467983, 39.043223811, 0], [32.555554241, 39.043433074, 0], [32.555632333, 39.043531396, 0], [32.555903494, 39.043444856, 0], [32.556186381, 39.043327005, 0], [32.556561144, 39.043236353, 0], [32.557506878, 39.042946141, 0], [32.558155876, 39.042733002, 0], [32.559271732, 39.042404589, 0], [32.560150405, 39.042092028, 0], [32.560485352, 39.041920577, 0], [32.561498962, 39.041357776, 0], [32.562572646, 39.040723386, 0], [32.563205697, 39.040355372, 0], [32.564487564, 39.039733276, 0], [32.564689298, 39.039621499, 0], [32.565133288, 39.039486479, 0], [32.565964817, 39.039176131, 0], [32.565710353, 39.038656769, 0], [32.565553052, 39.038266335, 0], [32.565512708, 39.038117435, 0], [32.56550291, 39.038037033, 0], [32.565529053, 39.037968837, 0], [32.565900955, 39.037825527, 0], [32.566195043, 39.037770401, 0], [32.566317166, 39.038024027, 0], [32.568029805, 39.037732976, 0], [32.568865442, 39.037603446, 0], [32.569701468, 39.037393546, 0], [32.570124538, 39.037310686, 0], [32.570260104, 39.037061979, 0], [32.570369826, 39.036801193, 0], [32.570480568, 39.036387608, 0], [32.570585239, 39.036126803, 0], [32.571492005, 39.036158249, 0], [32.571518992, 39.035949414, 0], [32.571628076, 39.035809084, 0], [32.571788656, 39.035661015, 0], [32.571985319, 39.035533169, 0], [32.572176402, 39.035461523, 0], [32.572553688, 39.035273974, 0], [32.572909933, 39.035162749, 0], [32.57318862, 39.035083403, 0], [32.573694156, 39.035004886, 0], [32.574101532, 39.0349461, 0], [32.574555426, 39.034883428, 0], [32.574606066, 39.034239963, 0], [32.574406402, 39.03385326, 0], [32.574319292, 39.033222807, 0], [32.573934966, 39.033300148, 0], [32.573015303, 39.033407062, 0], [32.572738274, 39.032452915, 0], [32.572361881, 39.031230546, 0], [32.572254121, 39.030678759, 0], [32.57224578, 39.030387266, 0], [32.572176326, 39.030182222, 0], [32.57209625, 39.030063811, 0], [32.571863986, 39.030047192, 0], [32.571763572, 39.029952312, 0], [32.571735322, 39.029613445, 0], [32.571756374, 39.0294718, 0], [32.571974506, 39.029225105, 0], [32.572309507, 39.028934872, 0], [32.572442608, 39.028696063, 0], [32.572535675, 39.028334125, 0], [32.572637891, 39.02812971, 0], [32.57271953, 39.028003964, 0], [32.572851043, 39.027965074, 0], [32.573164323, 39.027926759, 0], [32.573245771, 39.027816778, 0], [32.573226902, 39.027596153, 0], [32.573157352, 39.027406875, 0], [32.572982794, 39.026921065, 0], [32.574595291, 39.026742621, 0], [32.574718044, 39.026702435, 0], [32.574996467, 39.026772644, 0], [32.575281901, 39.026674308, 0], [32.576154607, 39.026359442, 0], [32.576421918, 39.02626428, 0], [32.576565742, 39.026204888, 0], [32.576696334, 39.026127788, 0], [32.576872146, 39.026039861, 0], [32.577194445, 39.02595697, 0], [32.577457554, 39.025975132, 0], [32.577760177, 39.026044882, 0], [32.577814707, 39.02605436, 0], [32.578052882, 39.026116307, 0], [32.578178266, 39.026177846, 0], [32.578334954, 39.026261933, 0], [32.578425954, 39.026322536, 0], [32.578508441, 39.026356711, 0], [32.578685474, 39.026399786, 0], [32.578844284, 39.026431533, 0], [32.579081939, 39.026452933, 0], [32.579216971, 39.026478197, 0], [32.579501973, 39.026531932, 0], [32.579659185, 39.026560159, 0], [32.579903915, 39.026593655, 0], [32.579971695, 39.026602008, 0], [32.580268326, 39.026638574, 0], [32.580420104, 39.026667591, 0], [32.580576898, 39.026702122, 0], [32.580797414, 39.02675454, 0], [32.581038367, 39.026798743, 0], [32.581258989, 39.026833321, 0], [32.58138109, 39.026854572, 0], [32.58142563, 39.02661994, 0], [32.581635943, 39.02662574, 0], [32.581951298, 39.026669937, 0], [32.582306664, 39.026698059, 0], [32.582701922, 39.026746775, 0], [32.58299537, 39.026774313, 0], [32.583317256, 39.026809701, 0], [32.58358475, 39.02686057, 0], [32.583860022, 39.02686858, 0], [32.58417338, 39.026880149, 0], [32.584683628, 39.026895932, 0], [32.585348293, 39.026929741, 0], [32.585632043, 39.026970663, 0], [32.585637387, 39.026544975, 0], [32.586092699, 39.026636508, 0], [32.586444324, 39.026653162, 0], [32.586742416, 39.026684942, 0], [32.58736683, 39.026759771, 0], [32.587939014, 39.026806122, 0], [32.588743491, 39.026879598, 0], [32.589463022, 39.026997277, 0], [32.590068642, 39.027110587, 0], [32.589997983, 39.026132969, 0], [32.590014713, 39.025710654, 0], [32.590150465, 39.025331283, 0], [32.590245363, 39.025081238, 0], [32.590242529, 39.025077174, 0], [32.590265082, 39.025081487, 0], [32.590568244, 39.024299882, 0], [32.591372214, 39.024208731, 0], [32.593307742, 39.023978993, 0], [32.593377489, 39.024358634, 0], [32.594883932, 39.024399465, 0], [32.59606901, 39.024448264, 0], [32.59674135, 39.024419237, 0], [32.597079451, 39.024416982, 0], [32.597423762, 39.024411414, 0], [32.59793912, 39.024363549, 0], [32.598472027, 39.024311777, 0], [32.598653929, 39.024303754, 0], [32.598694953, 39.024309842, 0], [32.59866597, 39.024414885, 0], [32.598694367, 39.024413451, 0], [32.598741679, 39.02441929, 0], [32.598886957, 39.024486371, 0], [32.598944156, 39.024495938, 0], [32.599077803, 39.024497208, 0], [32.599140143, 39.024490395, 0], [32.59926671, 39.024497047, 0], [32.59967092, 39.024546096, 0], [32.599914237, 39.02461108, 0], [32.600240602, 39.024662924, 0], [32.600264022, 39.024682465, 0], [32.600268562, 39.024857359, 0], [32.600267685, 39.025266575, 0], [32.600274179, 39.025331377, 0], [32.600308431, 39.025389787, 0], [32.600364855, 39.025452598, 0], [32.600594724, 39.025436177, 0], [32.601104755, 39.025320166, 0], [32.601497005, 39.025243754, 0], [32.601754119, 39.025193457, 0], [32.601957149, 39.025138471, 0], [32.602326315, 39.025067202, 0], [32.602695218, 39.025025664, 0], [32.602858238, 39.024987387, 0], [32.602979913, 39.024915183, 0], [32.603113187, 39.024846983, 0], [32.603261315, 39.024796943, 0], [32.603562337, 39.024730665, 0], [32.603718601, 39.024707861, 0], [32.603966344, 39.024663293, 0], [32.604057728, 39.024658468, 0], [32.604132241, 39.024706653, 0], [32.604199397, 39.024861036, 0], [32.604308807, 39.025211254, 0], [32.604361162, 39.025355226, 0], [32.604408517, 39.025456205, 0], [32.604456537, 39.025523309, 0], [32.604605117, 39.025648687, 0], [32.604807617, 39.025774248, 0], [32.605094285, 39.025925411, 0], [32.605455899, 39.026081691, 0], [32.606091732, 39.026350167, 0], [32.606138413, 39.026487182, 0], [32.606103249, 39.026849522, 0], [32.606083149, 39.02710668, 0], [32.606114624, 39.0272031, 0], [32.60619387, 39.027360316, 0], [32.606337208, 39.027607756, 0], [32.606295976, 39.0276387, 0], [32.606056963, 39.027773668, 0], [32.605823002, 39.027873696, 0], [32.605620046, 39.027931663, 0], [32.605383015, 39.027949691, 0], [32.604902962, 39.027966716, 0], [32.60461999, 39.027988641, 0], [32.604375965, 39.028013671, 0], [32.604358043, 39.028067038, 0], [32.604302374, 39.028072885, 0], [32.604175066, 39.028454013, 0], [32.604057521, 39.028690028, 0], [32.60391371, 39.028852705, 0], [32.603803987, 39.028950267, 0], [32.603650049, 39.02906669, 0], [32.603536966, 39.029151717, 0], [32.603529673, 39.029161062, 0], [32.603463946, 39.029210662, 0], [32.60340695, 39.029283267, 0], [32.603329555, 39.029374992, 0], [32.60309178, 39.029695288, 0], [32.602843252, 39.029962029, 0], [32.602567585, 39.030192007, 0], [32.602764998, 39.030462069, 0], [32.602963475, 39.030695375, 0], [32.60313984, 39.030862474, 0], [32.603566989, 39.031212061, 0], [32.603770191, 39.03135096, 0], [32.603988608, 39.031478017, 0], [32.604188398, 39.031579694, 0], [32.604603053, 39.031847967, 0], [32.605014919, 39.032155602, 0], [32.605212641, 39.032321418, 0], [32.605511251, 39.032608576, 0], [32.605722429, 39.032770834, 0], [32.605911022, 39.032899859, 0], [32.60627577, 39.03313327, 0], [32.60673426, 39.033385917, 0], [32.606680937, 39.033517729, 0], [32.606698992, 39.033560676, 0], [32.606897131, 39.033704057, 0], [32.60800973, 39.03420892, 0], [32.608910978, 39.034566026, 0], [32.609247538, 39.034696534, 0], [32.609488279, 39.034752659, 0], [32.609611657, 39.034770912, 0], [32.609783149, 39.034789325, 0], [32.610018041, 39.034904263, 0], [32.609781965, 39.035316206, 0], [32.60948587, 39.035865075, 0], [32.609318268, 39.036160391, 0], [32.609112276, 39.036540719, 0], [32.609001899, 39.036773339, 0], [32.608915245, 39.037006128, 0], [32.608856854, 39.037279646, 0], [32.608802948, 39.037586424, 0], [32.608770742, 39.038053017, 0], [32.608752443, 39.038261168, 0], [32.608723696, 39.038618756, 0], [32.608673688, 39.038840586, 0], [32.608953844, 39.039025953, 0], [32.609034927, 39.039095419, 0], [32.61100996, 39.041246684, 0], [32.611601012, 39.041786711, 0], [32.612011356, 39.042162158, 0], [32.612191379, 39.042418721, 0], [32.612333963, 39.042708676, 0], [32.612393019, 39.042869695, 0], [32.612484964, 39.043062717, 0], [32.612556014, 39.043208729, 0], [32.612926948, 39.044050652, 0], [32.613200956, 39.044617728, 0], [32.613328959, 39.0448397, 0], [32.613564956, 39.045213662, 0], [32.613824632, 39.045666897, 0], [32.61383199, 39.045680706, 0], [32.613976985, 39.045932735, 0], [32.614108007, 39.046248687, 0], [32.614406995, 39.046991711, 0], [32.614483505, 39.047098818, 0], [32.614495023, 39.047118678, 0], [32.614559258, 39.047204842, 0], [32.614936988, 39.047733695, 0], [32.61496598, 39.047764694, 0], [32.615050667, 39.047787588, 0], [32.61541794, 39.047961695, 0], [32.615425012, 39.048010731, 0], [32.615364006, 39.04806666, 0], [32.615315022, 39.048119745, 0], [32.614801246, 39.048811431, 0], [32.614795013, 39.048818708, 0], [32.614929021, 39.049077728, 0], [32.614937175, 39.049085323, 0], [32.615942951, 39.051033732, 0], [32.616882943, 39.051921662, 0], [32.618676007, 39.052205668, 0], [32.621466637, 39.052125296, 0], [32.62241951, 39.051809445, 0], [32.622542537, 39.051863901, 0], [32.622572943, 39.052399983, 0], [32.622785651, 39.055498456, 0], [32.622782589, 39.055590254, 0], [32.62081997, 39.055484691, 0], [32.620481408, 39.055492149, 0], [32.620200003, 39.055486728, 0], [32.619574978, 39.055507664, 0], [32.618948156, 39.055525979, 0], [32.618277989, 39.055540725, 0], [32.617338321, 39.055551609, 0], [32.617184016, 39.055552725, 0], [32.616891981, 39.055556721, 0], [32.617027012, 39.056335687, 0], [32.616491277, 39.056656651, 0], [32.616342934, 39.056735718, 0], [32.616344124, 39.056744731, 0], [32.616294021, 39.056774749, 0], [32.616294975, 39.057742747, 0], [32.616374038, 39.057785713, 0], [32.616373018, 39.057815711, 0], [32.616427349, 39.057814629, 0], [32.616500996, 39.057854694, 0], [32.617638952, 39.057787706, 0], [32.617798102, 39.057896253, 0], [32.617775287, 39.058203407, 0], [32.617766312, 39.058559889, 0], [32.617722889, 39.05901212, 0], [32.617693055, 39.059401328, 0], [32.617674065, 39.059829584, 0], [32.61760541, 39.060435887, 0], [32.61752001, 39.060842211, 0], [32.617968092, 39.061085949, 0], [32.618433184, 39.061286495, 0], [32.619018625, 39.06179457, 0], [32.619499403, 39.062163914, 0], [32.620057053, 39.062684867, 0], [32.619762713, 39.063059609, 0], [32.61918429, 39.062750312, 0], [32.619442625, 39.063205421, 0], [32.619684589, 39.063621464, 0], [32.619871477, 39.063963899, 0], [32.620063707, 39.064323559, 0], [32.620300057, 39.064756971, 0], [32.620481536, 39.065060376, 0], [32.620635349, 39.065350716, 0], [32.620805844, 39.06564111, 0], [32.620849706, 39.065745044, 0], [32.620937312, 39.065957325, 0], [32.62100292, 39.066147911, 0], [32.621120232, 39.06647354, 0], [32.621184625, 39.066641959, 0], [32.621308264, 39.06697896, 0], [32.621436948, 39.067335438, 0], [32.62157062, 39.067668507, 0], [32.62166453, 39.067950543, 0], [32.621808077, 39.06832671, 0], [32.621839058, 39.068415735, 0], [32.621900825, 39.068594686, 0], [32.621952044, 39.068731889, 0], [32.622037965, 39.068975337, 0], [32.622075616, 39.069082763, 0], [32.622120881, 39.069192557, 0], [32.622196242, 39.069396599, 0], [32.62224891, 39.069548131, 0], [32.622361969, 39.069851221, 0], [32.622441919, 39.070052934, 0], [32.622518718, 39.070273648, 0], [32.62259105, 39.070474076, 0], [32.62272371, 39.070838044, 0], [32.622771945, 39.070963343, 0], [32.622865376, 39.07121159, 0], [32.622886545, 39.071264095, 0], [32.622904486, 39.071332085, 0], [32.623041731, 39.071694896, 0], [32.62309446, 39.071835706, 0], [32.623230112, 39.072211575, 0], [32.623365836, 39.07257429, 0], [32.623430559, 39.072754511, 0], [32.623543539, 39.073074267, 0], [32.623614395, 39.073266401, 0], [32.623713928, 39.073533677, 0], [32.623795291, 39.073758008, 0], [32.623893224, 39.074021765, 0], [32.624254801, 39.074580266, 0], [32.624229563, 39.074737492, 0], [32.624658253, 39.074847439, 0], [32.625222166, 39.07496764, 0], [32.625137778, 39.075079538, 0], [32.626051415, 39.075533854, 0], [32.626335079, 39.075614228, 0], [32.628067119, 39.076293866, 0], [32.628870966, 39.076784749, 0], [32.630663968, 39.077886732, 0], [32.630991978, 39.078076703, 0], [32.631058947, 39.078086735, 0], [32.631412945, 39.077606742, 0], [32.631073828, 39.078066601, 0], [32.631066949, 39.078087752, 0], [32.629328958, 39.08088071, 0], [32.628000935, 39.083212758, 0], [32.627885958, 39.083211761, 0], [32.627186955, 39.084796747, 0], [32.627104938, 39.084818739, 0], [32.625437997, 39.087709707, 0], [32.625435996, 39.087817725, 0], [32.625393948, 39.087925705, 0], [32.625297948, 39.0880127, 0], [32.62520697, 39.08803376, 0], [32.62486692, 39.088274754, 0], [32.624396912, 39.088496768, 0], [32.624530976, 39.088747756, 0], [32.624600963, 39.088729782, 0], [32.622742898, 39.091572794, 0], [32.622237125, 39.091969559, 0], [32.621809703, 39.092263868, 0], [32.621192481, 39.092601254, 0], [32.620928043, 39.092747521, 0], [32.620823414, 39.092823312, 0], [32.621283326, 39.092659932, 0], [32.621544305, 39.092554196, 0], [32.621862029, 39.092410984, 0], [32.622563838, 39.092053146, 0], [32.623408257, 39.091683241, 0], [32.623735625, 39.091553929, 0], [32.6242003, 39.091316945, 0], [32.624373939, 39.091262726, 0], [32.624654138, 39.091234979, 0], [32.62530357, 39.091147783, 0], [32.626744513, 39.09108042, 0], [32.627145985, 39.09098278, 0], [32.627484912, 39.090883767, 0], [32.628225989, 39.09062972, 0], [32.628553965, 39.090563735, 0], [32.629044906, 39.090495744, 0], [32.629678919, 39.090455776, 0], [32.629860966, 39.090451759, 0], [32.629842912, 39.090986781, 0], [32.629695942, 39.091466705, 0], [32.629630922, 39.091628761, 0], [32.629546951, 39.092186728, 0], [32.629488987, 39.092439713, 0], [32.629455953, 39.092975768, 0], [32.62942393, 39.093409748, 0], [32.629360974, 39.09375975, 0], [32.629122968, 39.094450749, 0], [32.62895991, 39.094795747, 0], [32.628733972, 39.09522073, 0], [32.628388966, 39.095892736, 0], [32.627840944, 39.096725725, 0], [32.627719923, 39.096926792, 0], [32.627406916, 39.097494747, 0], [32.627337974, 39.097638769, 0], [32.627250982, 39.097950763, 0], [32.627225959, 39.098229709, 0], [32.627171956, 39.098361707, 0], [32.627037988, 39.098575706, 0], [32.626869967, 39.098899783, 0], [32.626843926, 39.099045745, 0], [32.626801959, 39.099209765, 0], [32.626721914, 39.099505744, 0], [32.626652962, 39.09981374, 0], [32.626516979, 39.10011972, 0], [32.626462974, 39.100305775, 0], [32.626308897, 39.100714766, 0], [32.626205975, 39.100917781, 0], [32.626033698, 39.101215265, 0], [32.625930904, 39.10150171, 0], [32.625997905, 39.101527782, 0], [32.626477989, 39.10170672, 0], [32.627054951, 39.101834792, 0], [32.62796591, 39.102013751, 0], [32.628569931, 39.102147757, 0], [32.629484971, 39.10240474, 0], [32.630411964, 39.102711756, 0], [32.631448969, 39.103101731, 0], [32.632878952, 39.103611771, 0], [32.634075935, 39.104035741, 0], [32.634890927, 39.104283718, 0], [32.635554964, 39.104529775, 0], [32.636237912, 39.104789763, 0], [32.637070941, 39.105075801, 0], [32.638204926, 39.105519804, 0], [32.639556904, 39.105990779, 0], [32.640080906, 39.106154751, 0], [32.642147957, 39.106958733, 0], [32.642651953, 39.106497728, 0], [32.642915937, 39.106102747, 0], [32.643355898, 39.105344768, 0], [32.643659915, 39.104971801, 0], [32.644226933, 39.10435773, 0], [32.644434927, 39.104150784, 0], [32.644609917, 39.10409672, 0], [32.648820905, 39.108262804, 0], [32.651250923, 39.109938763, 0], [32.654010901, 39.112585799, 0], [32.652388928, 39.107890776, 0], [32.655630951, 39.107904725, 0], [32.657425948, 39.1071888, 0], [32.658165928, 39.106898793, 0], [32.658448946, 39.106573747, 0], [32.658572894, 39.106561767, 0], [32.658516927, 39.106913787, 0], [32.658361965, 39.107363811, 0], [32.661144933, 39.108013777, 0], [32.671243978, 39.112584786, 0], [32.671088918, 39.113008789, 0], [32.672557904, 39.113213749, 0], [32.672893892, 39.113367765, 0], [32.673226951, 39.113412756, 0], [32.674136927, 39.111585823, 0], [32.674751952, 39.11183179, 0], [32.67503092, 39.111960775, 0], [32.674891974, 39.112183824, 0], [32.674761886, 39.112471767, 0], [32.674556949, 39.112815811, 0], [32.674558886, 39.113472793, 0], [32.675267908, 39.114003812, 0], [32.675233892, 39.112645797, 0], [32.675848959, 39.112323796, 0], [32.676554976, 39.112030785, 0], [32.676824951, 39.111289776, 0], [32.677644965, 39.111198799, 0], [32.677683951, 39.111036824, 0], [32.676771971, 39.110756804, 0], [32.677059932, 39.110106751, 0], [32.676730943, 39.110008806, 0], [32.676886891, 39.109673813, 0], [32.67763093, 39.109820747, 0], [32.678379533, 39.109929759, 0], [32.678879927, 39.11002574, 0], [32.679017979, 39.109785745, 0], [32.678989887, 39.10943979, 0], [32.679827915, 39.109514803, 0], [32.679898946, 39.109119748, 0], [32.68131598, 39.109242738, 0], [32.682143969, 39.109280768, 0], [32.682876889, 39.109292765, 0], [32.683470977, 39.109253747, 0], [32.683753922, 39.109219829, 0], [32.683961969, 39.109554828, 0], [32.684132906, 39.109763773, 0], [32.684241887, 39.109771817, 0], [32.684604833, 39.109657477, 0], [32.684938958, 39.109503777, 0], [32.685103903, 39.109409802, 0], [32.685261962, 39.109319773, 0], [32.68548789, 39.109238756, 0], [32.685765923, 39.109236804, 0], [32.686106889, 39.109259796, 0], [32.686743918, 39.109301783, 0], [32.686941963, 39.109270782, 0], [32.687147955, 39.109189798, 0], [32.68769591, 39.108905755, 0], [32.687963968, 39.108764752, 0], [32.688344901, 39.108656756, 0], [32.688859971, 39.108539747, 0], [32.68906893, 39.10849877, 0], [32.689266889, 39.108464792, 0], [32.689588966, 39.108379789, 0], [32.689887979, 39.108355809, 0], [32.69016697, 39.108395742, 0], [32.690333919, 39.108451775, 0], [32.690452931, 39.108542818, 0], [32.690503969, 39.108583767, 0], [32.69059493, 39.108633831, 0], [32.690726962, 39.10860481, 0], [32.690940928, 39.108530779, 0], [32.691096908, 39.108521822, 0], [32.691417912, 39.108572766, 0], [32.691649949, 39.108597796, 0], [32.691846043, 39.108554078, 0], [32.692189959, 39.108446782, 0], [32.69227298, 39.108436821, 0], [32.692714954, 39.108282752, 0], [32.692593916, 39.108393791, 0], [32.692512894, 39.108426823, 0], [32.692403973, 39.108514829, 0], [32.692384932, 39.1085728, 0], [32.692604939, 39.109039806, 0], [32.69273992, 39.109385769, 0], [32.692882953, 39.10983275, 0], [32.692967931, 39.110492745, 0], [32.693245897, 39.111826803, 0], [32.693310973, 39.112282768, 0], [32.693754922, 39.113505812, 0], [32.693920909, 39.114426755, 0], [32.695145894, 39.114633763, 0], [32.695529952, 39.114690806, 0], [32.695881948, 39.114728755, 0], [32.696472968, 39.114813814, 0], [32.696922905, 39.114967788, 0], [32.696702883, 39.11571681, 0], [32.697184967, 39.115715812, 0], [32.697988918, 39.115706816, 0], [32.69832592, 39.115750755, 0], [32.698487905, 39.115790816, 0], [32.698765917, 39.115911813, 0], [32.698981901, 39.116016792, 0], [32.699221962, 39.116067775, 0], [32.699277946, 39.115867818, 0], [32.69933995, 39.115754817, 0], [32.699724951, 39.115816805, 0], [32.699995883, 39.115875795, 0], [32.700281923, 39.11590383, 0], [32.700606953, 39.115914756, 0], [32.701150931, 39.115916783, 0], [32.701424885, 39.115915774, 0], [32.701646886, 39.115906792, 0], [32.701774941, 39.115895768, 0], [32.70184892, 39.115882803, 0], [32.70195393, 39.115907758, 0], [32.702029881, 39.1159248, 0], [32.702114941, 39.115930784, 0], [32.702216913, 39.115929783, 0], [32.702435915, 39.115930793, 0], [32.703250884, 39.11597882, 0], [32.703621935, 39.116001838, 0], [32.703823897, 39.116017758, 0], [32.704183887, 39.116062819, 0], [32.704488931, 39.116108821, 0], [32.704908912, 39.116178808, 0], [32.705345935, 39.116210817, 0], [32.705785887, 39.116226795, 0], [32.706708947, 39.116248762, 0], [32.707360964, 39.116213823, 0], [32.70776391, 39.116205825, 0], [32.708451924, 39.116184844, 0], [32.709171889, 39.116280793, 0], [32.709585881, 39.11632381, 0], [32.710203972, 39.116350846, 0], [32.711589935, 39.116375818, 0], [32.711883907, 39.116401772, 0], [32.712297885, 39.116448833, 0], [32.712655937, 39.116479809, 0], [32.713315894, 39.116556844, 0], [32.714158739, 39.116555491, 0], [32.714748025, 39.116535763, 0], [32.715299244, 39.116541256, 0], [32.715601151, 39.116515865, 0], [32.71587804, 39.116520595, 0], [32.715966184, 39.116519188, 0], [32.716350821, 39.116509854, 0], [32.716477456, 39.116495837, 0], [32.716581121, 39.116500954, 0], [32.716772881, 39.116492952, 0], [32.717245726, 39.116490046, 0], [32.717249743, 39.116272655, 0], [32.717325027, 39.116242746, 0], [32.719543484, 39.115292192, 0], [32.725037966, 39.117034222, 0], [32.728867349, 39.119336579, 0], [32.732128747, 39.12231142, 0], [32.736580519, 39.122751866, 0], [32.736725494, 39.122784448, 0], [32.740732529, 39.12204447, 0], [32.740847088, 39.121995262, 0], [32.745499362, 39.120569213, 0], [32.745638296, 39.120530776, 0], [32.749670016, 39.119546204, 0], [32.751647134, 39.118964002, 0], [32.751683921, 39.118973631, 0], [32.751750815, 39.118966566, 0], [32.751805022, 39.118959383, 0], [32.751869409, 39.118932492, 0], [32.752205683, 39.118844193, 0], [32.752276866, 39.118810739, 0], [32.752655513, 39.118716582, 0], [32.752812258, 39.11868394, 0], [32.753222916, 39.11862814, 0], [32.753365084, 39.11861727, 0], [32.753475221, 39.118601015, 0], [32.753746954, 39.11858312, 0], [32.754016191, 39.118542155, 0], [32.754114291, 39.11853083, 0], [32.754177875, 39.118515107, 0], [32.754321378, 39.118504508, 0], [32.754424299, 39.118506077, 0], [32.754573263, 39.118488552, 0], [32.754861099, 39.118475373, 0], [32.754986402, 39.118459149, 0], [32.755118464, 39.118446903, 0], [32.755289431, 39.118438703, 0], [32.755364834, 39.118425618, 0], [32.755692438, 39.118415133, 0], [32.755906495, 39.11841423, 0], [32.756126526, 39.118423971, 0], [32.756482704, 39.118453727, 0], [32.756701826, 39.11847788, 0], [32.757146905, 39.11850845, 0], [32.757308573, 39.118513472, 0], [32.757840807, 39.11855341, 0], [32.758074243, 39.118576329, 0], [32.758238421, 39.118600455, 0], [32.758386373, 39.118627791, 0], [32.758536971, 39.118662339, 0], [32.758708601, 39.118711527, 0], [32.758823586, 39.118727531, 0], [32.758929283, 39.118754148, 0], [32.758992726, 39.118751667, 0], [32.759096599, 39.118753683, 0], [32.759204866, 39.118753907, 0], [32.759456237, 39.11877659, 0], [32.75991647, 39.118783666, 0], [32.760055481, 39.118775753, 0], [32.760057123, 39.11879765, 0], [32.760581093, 39.11877206, 0], [32.760726223, 39.118759744, 0], [32.761306904, 39.118803821, 0], [32.761294516, 39.118828392, 0], [32.761556533, 39.118834424, 0], [32.761781489, 39.118911646, 0], [32.761835082, 39.11891635, 0], [32.761885902, 39.118923391, 0], [32.761908009, 39.118930284, 0], [32.761886175, 39.119012136, 0], [32.761636242, 39.11960932, 0], [32.761731328, 39.11961501, 0], [32.762044363, 39.119655021, 0], [32.762206655, 39.119674003, 0], [32.762559263, 39.119689858, 0], [32.762804488, 39.119697835, 0], [32.762951263, 39.119707234, 0], [32.763122118, 39.119704608, 0], [32.763150774, 39.119835665, 0], [32.763174729, 39.120031312, 0], [32.763206535, 39.120190125, 0], [32.763225843, 39.120406393, 0], [32.763683461, 39.120400205, 0], [32.764026228, 39.120393512, 0], [32.764128275, 39.120400115, 0], [32.764368535, 39.120381501, 0], [32.764460826, 39.120367723, 0], [32.764538911, 39.120351483, 0], [32.764589685, 39.120429789, 0], [32.764677917, 39.120603311, 0], [32.76497882, 39.121166926, 0], [32.765873681, 39.120799606, 0], [32.766461174, 39.120578339, 0], [32.766715105, 39.120463706, 0], [32.766854507, 39.120685079, 0], [32.767200814, 39.121110032, 0], [32.767716034, 39.121748487, 0], [32.767865902, 39.121979791, 0], [32.76801789, 39.122291824, 0], [32.768185264, 39.122567219, 0], [32.768465144, 39.123006902, 0], [32.768577557, 39.123199659, 0], [32.768619646, 39.123281369, 0], [32.7686581, 39.123395146, 0], [32.768676611, 39.123481314, 0], [32.769164758, 39.123217312, 0], [32.769880494, 39.122813568, 0], [32.77000677, 39.122733992, 0], [32.770361618, 39.122535761, 0], [32.771030287, 39.122139215, 0], [32.77127807, 39.121948969, 0], [32.771333054, 39.12205548, 0], [32.771389101, 39.12218758, 0], [32.77145578, 39.122306007, 0], [32.771565555, 39.122579392, 0], [32.771595762, 39.122707837, 0], [32.771632723, 39.122930626, 0], [32.771666392, 39.123050789, 0], [32.771781094, 39.123246341, 0], [32.771829258, 39.123279411, 0], [32.771872874, 39.123273099, 0], [32.771923573, 39.123230133, 0], [32.772117357, 39.123012301, 0], [32.772322779, 39.122823862, 0], [32.772401773, 39.122762571, 0], [32.772454649, 39.122783757, 0], [32.772582663, 39.122874733, 0], [32.772719327, 39.122827339, 0], [32.77291155, 39.122737889, 0], [32.77310492, 39.122618168, 0], [32.773704427, 39.122127953, 0], [32.773725566, 39.122110155, 0], [32.773748521, 39.122091189, 0], [32.773783525, 39.122122791, 0], [32.773872012, 39.122194859, 0], [32.773972464, 39.122283798, 0], [32.774123103, 39.122429774, 0], [32.774286905, 39.122576677, 0], [32.774624039, 39.122873474, 0], [32.774666371, 39.122940677, 0], [32.774726221, 39.122988994, 0], [32.775155599, 39.123378676, 0], [32.775275581, 39.123477112, 0], [32.775365032, 39.12357684, 0], [32.775566694, 39.123819226, 0], [32.775970534, 39.123359975, 0], [32.776100908, 39.123189404, 0], [32.776273596, 39.123001887, 0], [32.77638348, 39.122885063, 0], [32.776443369, 39.122830941, 0], [32.776741788, 39.122431489, 0], [32.776829918, 39.122285252, 0], [32.776936089, 39.122135266, 0], [32.777105543, 39.121912874, 0], [32.777185596, 39.121816805, 0], [32.777550509, 39.121382791, 0], [32.777574049, 39.121389773, 0], [32.777599778, 39.121398562, 0], [32.778035594, 39.121714367, 0], [32.779306391, 39.122675579, 0], [32.779957323, 39.123211347, 0], [32.780399314, 39.123511749, 0], [32.781187337, 39.124112638, 0], [32.782217076, 39.123455969, 0], [32.782723541, 39.123888652, 0], [32.783641213, 39.124714645, 0], [32.784323362, 39.125260267, 0], [32.784931838, 39.125723402, 0], [32.786419705, 39.124739323, 0], [32.786604244, 39.125010848, 0], [32.786761915, 39.12523989, 0], [32.78685498, 39.125412593, 0], [32.786925971, 39.125566336, 0], [32.786987866, 39.125731054, 0], [32.787072272, 39.125991674, 0], [32.787109051, 39.126133642, 0], [32.787476707, 39.126043677, 0], [32.787898638, 39.125923988, 0], [32.788273042, 39.125810158, 0], [32.788497873, 39.125755248, 0], [32.788821314, 39.125679073, 0], [32.789340232, 39.125569375, 0], [32.789668909, 39.125496541, 0], [32.789936338, 39.125424046, 0], [32.790117917, 39.12563736, 0], [32.78997577, 39.125669808, 0], [32.789865484, 39.125703485, 0], [32.789724897, 39.125756838, 0], [32.78965203, 39.125814908, 0], [32.789495945, 39.125946887, 0], [32.789434147, 39.126003806, 0], [32.789327479, 39.126135332, 0], [32.789210996, 39.126295131, 0], [32.789127115, 39.126431024, 0], [32.789091903, 39.126561959, 0], [32.789167776, 39.126712016, 0], [32.788898128, 39.126727384, 0], [32.788531282, 39.12673717, 0], [32.788358973, 39.126741992, 0], [32.788213992, 39.126764523, 0], [32.788254629, 39.126956681, 0], [32.788479361, 39.128051569, 0], [32.788804245, 39.12915637, 0], [32.788874497, 39.129368402, 0], [32.788954871, 39.129705144, 0], [32.788983574, 39.12986944, 0], [32.789319845, 39.129816352, 0], [32.789944294, 39.129744322, 0], [32.7904559, 39.129697313, 0], [32.790925787, 39.129594457, 0], [32.791453945, 39.129498281, 0], [32.791983198, 39.129451296, 0], [32.792482537, 39.129421734, 0], [32.792818643, 39.129422873, 0], [32.793152039, 39.129470135, 0], [32.793328737, 39.129532435, 0], [32.793834176, 39.129701268, 0], [32.794188973, 39.129804244, 0], [32.795065268, 39.129968952, 0], [32.795299495, 39.129999456, 0], [32.795322247, 39.12965416, 0], [32.795266935, 39.128691392, 0], [32.795229657, 39.128155888, 0], [32.795392888, 39.128124011, 0], [32.79558743, 39.128118767, 0], [32.795564267, 39.127913849, 0], [32.795563771, 39.12775546, 0], [32.79601372, 39.127744446, 0], [32.796354945, 39.127721618, 0], [32.796615686, 39.127686126, 0], [32.797043345, 39.127596326, 0], [32.797152129, 39.127587506, 0], [32.797238595, 39.127643065, 0], [32.797244385, 39.127719926, 0], [32.797258226, 39.127783558, 0], [32.797290197, 39.12784623, 0], [32.79735919, 39.127939959, 0], [32.797368014, 39.127956823, 0], [32.797381737, 39.128028653, 0], [32.797360306, 39.128282865, 0], [32.797333033, 39.128411474, 0], [32.797343922, 39.128440233, 0], [32.797372369, 39.128467672, 0], [32.797534411, 39.128551112, 0], [32.797589923, 39.128588868, 0], [32.797622425, 39.128633071, 0], [32.797637543, 39.128684182, 0], [32.797625047, 39.128816691, 0], [32.797633939, 39.128909865, 0], [32.797644831, 39.128937453, 0], [32.797736731, 39.129028519, 0], [32.797784957, 39.129078786, 0], [32.797823063, 39.129131378, 0], [32.797839217, 39.129187445, 0], [32.797837302, 39.129256635, 0], [32.797817922, 39.129294532, 0], [32.797764065, 39.129344802, 0], [32.797698422, 39.129413251, 0], [32.797673009, 39.129458795, 0], [32.797668623, 39.129491312, 0], [32.797676669, 39.129546734, 0], [32.797704549, 39.12957237, 0], [32.797763216, 39.12960842, 0], [32.797747697, 39.129630556, 0], [32.797730341, 39.129661069, 0], [32.797589715, 39.12976083, 0], [32.797407076, 39.129905567, 0], [32.79731169, 39.129965585, 0], [32.79749167, 39.130215913, 0], [32.797726661, 39.130513456, 0], [32.797886146, 39.130725457, 0], [32.797909125, 39.130796853, 0], [32.797813775, 39.130877142, 0], [32.797479337, 39.131057113, 0], [32.797525916, 39.131149632, 0], [32.797815597, 39.131507454, 0], [32.797888339, 39.131626326, 0], [32.797907123, 39.131663658, 0], [32.797901845, 39.131741221, 0], [32.79774216, 39.132164933, 0], [32.79775834, 39.132445248, 0], [32.797897407, 39.132459004, 0], [32.798090501, 39.132463483, 0], [32.798182707, 39.132482563, 0], [32.798273041, 39.132522001, 0], [32.798396106, 39.13259348, 0], [32.798556848, 39.132701242, 0], [32.79885728, 39.132906368, 0], [32.799101781, 39.133085449, 0], [32.79897461, 39.133216138, 0], [32.798992849, 39.133378522, 0], [32.799261901, 39.133648371, 0], [32.799340238, 39.133747251, 0], [32.799393913, 39.133862575, 0], [32.799397832, 39.133994662, 0], [32.799392136, 39.134118984, 0], [32.79929141, 39.134445136, 0], [32.799242278, 39.134644703, 0], [32.799246702, 39.134699669, 0], [32.799143913, 39.134743818, 0], [32.798973881, 39.134746859, 0], [32.799244884, 39.13513789, 0], [32.799073924, 39.135164894, 0], [32.79973189, 39.135870844, 0], [32.799746881, 39.135765818, 0], [32.800361925, 39.136166897, 0], [32.800878915, 39.136491856, 0], [32.801433926, 39.136835886, 0], [32.8012649, 39.137055881, 0], [32.801198873, 39.137055859, 0], [32.800629876, 39.136798835, 0], [32.800033882, 39.136642849, 0], [32.8007469, 39.137560882, 0], [32.800809949, 39.137432874, 0], [32.800974861, 39.137386847, 0], [32.801085912, 39.137424877, 0], [32.801235868, 39.137607846, 0], [32.801221864, 39.137667826, 0], [32.801241911, 39.137765884, 0], [32.801360886, 39.137836902, 0], [32.801468877, 39.137877899, 0], [32.801516857, 39.138086822, 0], [32.801505886, 39.138255822, 0], [32.80142487, 39.138529845, 0], [32.801469881, 39.138674885, 0], [32.801772875, 39.139134887, 0], [32.801956886, 39.139390891, 0], [32.802501859, 39.140331871, 0], [32.803731869, 39.140620904, 0], [32.803820855, 39.141322897, 0], [32.803357886, 39.141386895, 0], [32.803270929, 39.141465852, 0], [32.80351787, 39.142360825, 0], [32.80406187, 39.142876906, 0], [32.804384916, 39.143275851, 0], [32.804664941, 39.143739861, 0], [32.804940934, 39.143729873, 0], [32.805616916, 39.144284909, 0], [32.805771854, 39.144469863, 0], [32.805821942, 39.144542833, 0], [32.805932942, 39.144847901, 0], [32.805986935, 39.144923851, 0], [32.806166929, 39.145089836, 0], [32.8062939, 39.145208883, 0], [32.806369882, 39.14530487, 0], [32.806418886, 39.14542586, 0], [32.806658856, 39.145609872, 0], [32.806680878, 39.145617837, 0], [32.806766868, 39.145578879, 0], [32.806807902, 39.145578857, 0], [32.806837923, 39.145592871, 0], [32.806872862, 39.145657888, 0], [32.806923914, 39.145762843, 0], [32.807036852, 39.145954843, 0], [32.807137854, 39.146079883, 0], [32.807258888, 39.146172881, 0], [32.807336882, 39.146231843, 0], [32.807332865, 39.146269856, 0], [32.807263866, 39.146306861, 0], [32.807075937, 39.146213842, 0], [32.807328879, 39.146436886, 0], [32.807323849, 39.146461834, 0], [32.807278897, 39.146533836, 0], [32.807261877, 39.146615885, 0], [32.807299923, 39.1467319, 0], [32.807391901, 39.146911882, 0], [32.807501851, 39.14711586, 0], [32.807649861, 39.147360893, 0], [32.807762861, 39.147496853, 0], [32.807979848, 39.14771389, 0], [32.808071914, 39.147792875, 0], [32.807298902, 39.148434879, 0], [32.807677872, 39.148603893, 0], [32.806742851, 39.149333919, 0], [32.806707847, 39.14936188, 0], [32.806651937, 39.149426836, 0], [32.806140878, 39.149747897, 0], [32.805736923, 39.150056881, 0], [32.804956846, 39.150510919, 0], [32.804780916, 39.150596845, 0], [32.804681881, 39.150656863, 0], [32.804557917, 39.150758913, 0], [32.804011916, 39.151421907, 0], [32.803760898, 39.151808893, 0], [32.803667885, 39.151967845, 0], [32.80323692, 39.15267986, 0], [32.803157852, 39.152867845, 0], [32.803050871, 39.153174889, 0], [32.802903918, 39.153509885, 0], [32.80280693, 39.153654864, 0], [32.802454875, 39.154127897, 0], [32.802261884, 39.154337852, 0], [32.802043842, 39.154529835, 0], [32.801820918, 39.154692888, 0], [32.801770871, 39.154739832, 0], [32.801771935, 39.154768845, 0], [32.801456926, 39.155265904, 0], [32.801368916, 39.155372877, 0], [32.800534902, 39.15607086, 0], [32.799886853, 39.15654491, 0], [32.798991882, 39.157020873, 0], [32.798064842, 39.157392893, 0], [32.79773389, 39.15754485, 0], [32.798668924, 39.158286871, 0], [32.798931861, 39.158390845, 0], [32.799279886, 39.158511902, 0], [32.799730876, 39.158639893, 0], [32.800217933, 39.158738843, 0], [32.800407923, 39.158752863, 0], [32.800641887, 39.158775878, 0], [32.80129989, 39.158839889, 0], [32.801648859, 39.158898865, 0], [32.802026869, 39.15894888, 0], [32.802164876, 39.158950917, 0], [32.802320905, 39.158924874, 0], [32.802526928, 39.158905853, 0], [32.802726908, 39.158862856, 0], [32.802892932, 39.158777907, 0], [32.803254856, 39.158469854, 0], [32.803377872, 39.158370867, 0], [32.803490851, 39.158311865, 0], [32.803810885, 39.158238887, 0], [32.80426788, 39.158096855, 0], [32.804518863, 39.158039886, 0], [32.804934841, 39.157922919, 0], [32.804879876, 39.157815884, 0], [32.805770912, 39.157336897, 0], [32.805836845, 39.157412867, 0], [32.80596485, 39.157371907, 0], [32.806421895, 39.157764851, 0], [32.806726911, 39.158015912, 0], [32.806999864, 39.158265838, 0], [32.807180875, 39.158456869, 0], [32.807307851, 39.158303918, 0], [32.807424879, 39.158193925, 0], [32.807543916, 39.15811691, 0], [32.807806886, 39.158002924, 0], [32.807863844, 39.157975899, 0], [32.80804285, 39.157851863, 0], [32.808135888, 39.15778886, 0], [32.808250898, 39.157717874, 0], [32.809257876, 39.158473894, 0], [32.809157845, 39.158687886, 0], [32.809042846, 39.158824912, 0], [32.809785854, 39.159223898, 0], [32.809896907, 39.159169842, 0], [32.81011186, 39.15912992, 0], [32.810248922, 39.159128882, 0], [32.810395853, 39.159148852, 0], [32.81068087, 39.159212923, 0], [32.810852863, 39.159247889, 0], [32.811036838, 39.159263865, 0], [32.81110586, 39.15925785, 0], [32.811228887, 39.159222912, 0], [32.811307921, 39.15918493, 0], [32.81140784, 39.159117881, 0], [32.811650923, 39.159194855, 0], [32.81227088, 39.159393885, 0], [32.812341902, 39.159425894, 0], [32.812434878, 39.159492894, 0], [32.812376889, 39.15954893, 0], [32.81232087, 39.15965389, 0], [32.812266849, 39.159796874, 0], [32.812166845, 39.159931855, 0], [32.811992927, 39.1601169, 0], [32.812350917, 39.160342896, 0], [32.812628901, 39.160541913, 0], [32.813041446, 39.160856827, 0], [32.813544861, 39.161243872, 0], [32.813720902, 39.161338843, 0], [32.814176849, 39.161014869, 0], [32.814522905, 39.161282913, 0], [32.814824882, 39.16154485, 0], [32.815054922, 39.161722883, 0], [32.81550085, 39.162053878, 0], [32.815780916, 39.162228926, 0], [32.816278892, 39.162514863, 0], [32.816461839, 39.162305861, 0], [32.816540857, 39.162237874, 0], [32.816775837, 39.162059855, 0], [32.817360902, 39.162552874, 0], [32.819274858, 39.163742861, 0], [32.820067728, 39.164320427, 0], [32.820137015, 39.164362248, 0], [32.820309723, 39.164423329, 0], [32.824667533, 39.16651513, 0], [32.820955237, 39.171656965, 0], [32.824099055, 39.17400026, 0], [32.831436551, 39.179402657, 0], [32.835803062, 39.180059291, 0], [32.840659984, 39.181655852, 0], [32.841619715, 39.181776897, 0], [32.843284464, 39.184379194, 0], [32.844315763, 39.186094269, 0], [32.846645082, 39.188526584, 0], [32.845124856, 39.193011914, 0], [32.843504893, 39.193039929, 0], [32.841953818, 39.193134956, 0], [32.836943858, 39.192285932, 0], [32.8358459, 39.191473898, 0], [32.828066854, 39.192603898, 0], [32.822807878, 39.193614893, 0], [32.821731877, 39.194560955, 0], [32.815505858, 39.196712893, 0], [32.815048873, 39.197200931, 0], [32.812940844, 39.198693942, 0], [32.812428808, 39.199186926, 0], [32.811987808, 39.199861923, 0], [32.811227807, 39.200865877, 0], [32.811331815, 39.201076957, 0], [32.810561811, 39.201636904, 0], [32.809654814, 39.201393882, 0], [32.808796815, 39.201221927, 0], [32.808739817, 39.201391932, 0], [32.808570848, 39.201928887, 0], [32.808161864, 39.202996914, 0], [32.807392826, 39.204129932, 0], [32.807320855, 39.204219908, 0], [32.808087825, 39.204513891, 0], [32.808570825, 39.204679919, 0], [32.808753871, 39.204764909, 0], [32.808703848, 39.204826902, 0], [32.808548878, 39.205129905, 0], [32.808329836, 39.205672903, 0], [32.808351855, 39.205688886, 0], [32.808310875, 39.205796932, 0], [32.808318849, 39.205814964, 0], [32.808315858, 39.205860907, 0], [32.808260856, 39.206137947, 0], [32.808149826, 39.206962938, 0], [32.808069823, 39.207616891, 0], [32.808260808, 39.207664956, 0], [32.808276813, 39.207679938, 0], [32.80828288, 39.207696885, 0], [32.808274857, 39.207731919, 0], [32.808218815, 39.207863905, 0], [32.808076823, 39.208272969, 0], [32.807916162, 39.208627496, 0], [32.807557018, 39.208565008, 0], [32.807532753, 39.20856695, 0], [32.807526668, 39.208591716, 0], [32.807497458, 39.208970244, 0], [32.807448299, 39.209343693, 0], [32.807410343, 39.209497241, 0], [32.807394259, 39.209580912, 0], [32.80743192, 39.20960548, 0], [32.807538222, 39.209641604, 0], [32.80753777, 39.209737283, 0], [32.807505393, 39.209876425, 0], [32.807493216, 39.20992857, 0], [32.807437808, 39.210002085, 0], [32.805188386, 39.210238174, 0], [32.805190824, 39.211394718, 0], [32.806222088, 39.213275445, 0], [32.807461386, 39.215250114, 0], [32.808435652, 39.216706652, 0], [32.808657773, 39.217046583, 0], [32.809323897, 39.218160609, 0], [32.809405242, 39.218670134, 0], [32.809684825, 39.219914972, 0], [32.81004483, 39.220919929, 0], [32.809564881, 39.22117294, 0], [32.809533802, 39.221219919, 0], [32.809145882, 39.220541956, 0], [32.808971826, 39.220261928, 0], [32.808780805, 39.219967908, 0], [32.808668791, 39.219777895, 0], [32.808512878, 39.21960691, 0], [32.808270828, 39.219285957, 0], [32.808088798, 39.219059971, 0], [32.807855796, 39.218714977, 0], [32.807810877, 39.218547958, 0], [32.807718841, 39.218214908, 0], [32.807706862, 39.218438953, 0], [32.807737847, 39.218915962, 0], [32.807789846, 39.219638964, 0], [32.807872832, 39.219928933, 0], [32.807944857, 39.220279969, 0], [32.808021791, 39.220617949, 0], [32.808222863, 39.221394891, 0], [32.807169606, 39.221448289, 0], [32.80586379, 39.221597927, 0], [32.805828824, 39.22159895, 0], [32.805095872, 39.222031979, 0], [32.80352281, 39.222946943, 0], [32.802230846, 39.224818892, 0], [32.801802855, 39.227364942, 0], [32.802098799, 39.230094933, 0], [32.802572857, 39.231735898, 0], [32.804205846, 39.233945958, 0], [32.802853842, 39.23555996, 0], [32.802138795, 39.23714494, 0], [32.801805806, 39.238670924, 0], [32.80422685, 39.241097914, 0], [32.80531179, 39.243100987, 0], [32.806298834, 39.244585937, 0], [32.807157832, 39.247268914, 0], [32.804329862, 39.248485954, 0], [32.805391788, 39.252804933, 0], [32.805993835, 39.253967965, 0], [32.808925151, 39.256187405, 0], [32.80943053, 39.25655032, 0], [32.810141781, 39.256950957, 0], [32.812193802, 39.257638998, 0], [32.818939819, 39.261232979, 0], [32.819460838, 39.261457941, 0], [32.822613153, 39.263740172, 0], [32.823004364, 39.264015913, 0], [32.823041199, 39.264040204, 0], [32.823083083, 39.26407144, 0], [32.823605307, 39.264439454, 0], [32.824050447, 39.263602979, 0], [32.824417274, 39.263424698, 0], [32.824502951, 39.263373744, 0], [32.824616197, 39.263306255, 0], [32.824666895, 39.263291286, 0], [32.824729358, 39.26327291, 0], [32.824845622, 39.263222093, 0], [32.824914185, 39.263172194, 0], [32.825026653, 39.263033169, 0], [32.825173807, 39.26293699, 0], [32.825299218, 39.262858707, 0], [32.825439307, 39.262797473, 0], [32.825633059, 39.262719923, 0], [32.825826543, 39.262673274, 0], [32.825947383, 39.262626516, 0], [32.826131105, 39.262506966, 0], [32.826338589, 39.262326008, 0], [32.826513173, 39.262152028, 0], [32.826647612, 39.262248898, 0], [32.826860818, 39.261994521, 0], [32.826995518, 39.261869221, 0], [32.827206639, 39.261723313, 0], [32.827481544, 39.261564706, 0], [32.8278062, 39.261425272, 0], [32.828168052, 39.261279675, 0], [32.82812752, 39.261242226, 0], [32.828139341, 39.261216027, 0], [32.828180676, 39.261159239, 0], [32.828322167, 39.261030073, 0], [32.828629989, 39.260815203, 0], [32.829199282, 39.26045963, 0], [32.829378717, 39.260329709, 0], [32.829591652, 39.260141455, 0], [32.829679681, 39.260063112, 0], [32.829828533, 39.259971074, 0], [32.829997485, 39.259867263, 0], [32.830236888, 39.259720129, 0], [32.830650975, 39.259469282, 0], [32.830715884, 39.259425681, 0], [32.831113855, 39.259158141, 0], [32.831142767, 39.259138722, 0], [32.831478452, 39.258895956, 0], [32.831644092, 39.258776192, 0], [32.831662959, 39.258760543, 0], [32.831859861, 39.258597307, 0], [32.832568557, 39.258045695, 0], [32.833283236, 39.2575058, 0], [32.833320194, 39.257478554, 0], [32.833977958, 39.2569938, 0], [32.833981405, 39.256991282, 0], [32.83399931, 39.256977614, 0], [32.834015403, 39.256962321, 0], [32.834049248, 39.256998226, 0], [32.834486545, 39.257553735, 0], [32.834721911, 39.257856784, 0], [32.834839032, 39.258003353, 0], [32.834944968, 39.258110894, 0], [32.835033413, 39.258218141, 0], [32.835117509, 39.258346283, 0], [32.835190837, 39.258501348, 0], [32.835228054, 39.258608342, 0], [32.835253513, 39.258715679, 0], [32.835425638, 39.258680606, 0], [32.835531595, 39.258657152, 0], [32.835663688, 39.258615445, 0], [32.835811888, 39.258552498, 0], [32.838625774, 39.258955999, 0], [32.839920774, 39.259675023, 0], [32.844033822, 39.262298997, 0], [32.846356832, 39.262070998, 0], [32.849794774, 39.261234013, 0], [32.852833769, 39.261266006, 0], [32.857819785, 39.262153951, 0], [32.859567835, 39.262629966, 0], [32.861021771, 39.261424008, 0], [32.862016245, 39.260875621, 0], [32.862129637, 39.260810708, 0], [32.862324358, 39.259873515, 0], [32.862334991, 39.259812444, 0], [32.862344379, 39.259752723, 0], [32.862366335, 39.259669322, 0], [32.862376273, 39.259621945, 0], [32.862391326, 39.259548897, 0], [32.862712137, 39.258156879, 0], [32.864577272, 39.25696055, 0], [32.865107092, 39.256394296, 0], [32.867068159, 39.254861718, 0], [32.868858018, 39.254431751, 0], [32.870830059, 39.253874835, 0], [32.871773701, 39.253900205, 0], [32.871810798, 39.253891957, 0], [32.873528334, 39.257244329, 0], [32.874628383, 39.258236639, 0], [32.875162014, 39.258713448, 0], [32.87581669, 39.259117858, 0], [32.876017212, 39.259228887, 0], [32.876192446, 39.259317546, 0], [32.876961505, 39.260017037, 0], [32.877430503, 39.260411782, 0], [32.878257881, 39.26095186, 0], [32.879313897, 39.261553344, 0], [32.87953507, 39.261668983, 0], [32.879852564, 39.261969143, 0], [32.880769572, 39.262885887, 0], [32.881141266, 39.263303311, 0], [32.881699661, 39.264108955, 0], [32.881709185, 39.264129777, 0], [32.881721562, 39.26415889, 0], [32.881149178, 39.264899505, 0], [32.881930995, 39.265808534, 0], [32.8838514, 39.267128895, 0], [32.886046857, 39.268768876, 0], [32.887869507, 39.270163762, 0], [32.889593899, 39.271472847, 0], [32.891611377, 39.273022729, 0], [32.894790426, 39.27212976, 0], [32.896492942, 39.271666316, 0], [32.900219425, 39.270718456, 0], [32.901499856, 39.267976923, 0], [32.902258576, 39.264743658, 0], [32.903311594, 39.262156961, 0], [32.902878629, 39.260058592, 0], [32.902615476, 39.259174103, 0], [32.902406237, 39.258495433, 0], [32.902399685, 39.258464255, 0], [32.902395323, 39.258439385, 0], [32.902787075, 39.258390252, 0], [32.903685577, 39.258139368, 0], [32.904527215, 39.257879511, 0], [32.90450636, 39.257822555, 0], [32.905533844, 39.257455001, 0], [32.905672695, 39.257402049, 0], [32.905402355, 39.256867304, 0], [32.905499784, 39.256769901, 0], [32.906381517, 39.256312939, 0], [32.905903812, 39.255966504, 0], [32.90617373, 39.255671124, 0], [32.905976267, 39.25553114, 0], [32.905906499, 39.255172961, 0], [32.906115492, 39.254979969, 0], [32.905404691, 39.25456343, 0], [32.905267003, 39.254395924, 0], [32.905346159, 39.254309679, 0], [32.905556325, 39.254167952, 0], [32.905368434, 39.253949953, 0], [32.907874658, 39.25211991, 0], [32.910539219, 39.250052357, 0], [32.912410161, 39.248203435, 0], [32.911446914, 39.24702464, 0], [32.910732645, 39.246442448, 0], [32.90958111, 39.244659142, 0], [32.908311423, 39.24361306, 0], [32.906560074, 39.243281562, 0], [32.906783732, 39.242666491, 0], [32.906175793, 39.240588978, 0], [32.905645722, 39.239683646, 0], [32.903475109, 39.235653675, 0], [32.901856406, 39.23258507, 0], [32.902312603, 39.232535362, 0], [32.90278088, 39.232247364, 0], [32.903331564, 39.230809291, 0], [32.904699767, 39.230352292, 0], [32.905037841, 39.229679115, 0], [32.905279202, 39.229730305, 0], [32.905655712, 39.228956883, 0], [32.905878535, 39.229009679, 0], [32.90600839, 39.228782116, 0], [32.908698781, 39.228625243, 0], [32.908467771, 39.228109183, 0], [32.908938252, 39.228291272, 0], [32.90899174, 39.228301855, 0], [32.909155508, 39.228363877, 0], [32.909367766, 39.228459903, 0], [32.909671558, 39.228550504, 0], [32.909777439, 39.228605904, 0], [32.909809989, 39.228628362, 0], [32.909845022, 39.228651994, 0], [32.910238814, 39.228741312, 0], [32.910377653, 39.22880025, 0], [32.910537666, 39.228812356, 0], [32.910565347, 39.228756609, 0], [32.911129981, 39.228984439, 0], [32.911274779, 39.229092032, 0], [32.911017813, 39.230046022, 0], [32.912512811, 39.230909987, 0], [32.915532777, 39.231800997, 0], [32.918023807, 39.233578442, 0], [32.917709163, 39.236039227, 0], [32.918246623, 39.235794821, 0], [32.918284367, 39.235875121, 0], [32.918303187, 39.236207041, 0], [32.917402176, 39.23651813, 0], [32.917014791, 39.237350682, 0], [32.917328591, 39.237910029, 0], [32.917944304, 39.237927493, 0], [32.917968165, 39.237950393, 0], [32.9180647, 39.238172363, 0], [32.918177774, 39.238387497, 0], [32.91840071, 39.238788121, 0], [32.918402308, 39.238810645, 0], [32.918386705, 39.238834239, 0], [32.918349709, 39.238849259, 0], [32.918313103, 39.238857522, 0], [32.918143379, 39.238876863, 0], [32.918075141, 39.238888437, 0], [32.917956647, 39.23889547, 0], [32.917896152, 39.238904167, 0], [32.917791517, 39.238908417, 0], [32.917955968, 39.239149985, 0], [32.918295121, 39.239530601, 0], [32.918603807, 39.239902184, 0], [32.918641022, 39.239946717, 0], [32.919632897, 39.24092952, 0], [32.91983586, 39.241597796, 0], [32.919776027, 39.241778033, 0], [32.919658716, 39.24183327, 0], [32.919464103, 39.241885389, 0], [32.919462587, 39.242374058, 0], [32.91945167, 39.242478018, 0], [32.919473806, 39.242507584, 0], [32.919525749, 39.242542757, 0], [32.920397056, 39.242869857, 0], [32.920435833, 39.242887452, 0], [32.920294535, 39.242943033, 0], [32.920227521, 39.242967222, 0], [32.920167585, 39.24298565, 0], [32.92011769, 39.242997689, 0], [32.920061301, 39.243006119, 0], [32.919907528, 39.24302277, 0], [32.919807265, 39.243042612, 0], [32.919670861, 39.243079366, 0], [32.919615893, 39.243099239, 0], [32.919557188, 39.243127218, 0], [32.919506895, 39.243152499, 0], [32.919460522, 39.243176162, 0], [32.919395123, 39.243208821, 0], [32.919302171, 39.243268308, 0], [32.919272228, 39.243297568, 0], [32.919259964, 39.243325488, 0], [32.919265568, 39.243355584, 0], [32.919290161, 39.243408576, 0], [32.919369498, 39.243555214, 0], [32.91939344, 39.243592709, 0], [32.919435126, 39.243657065, 0], [32.9194751, 39.243714212, 0], [32.919539231, 39.243788044, 0], [32.919681982, 39.243884363, 0], [32.919729819, 39.243918091, 0], [32.919947263, 39.244045273, 0], [32.920086885, 39.244121138, 0], [32.920136347, 39.244154687, 0], [32.920173677, 39.244184984, 0], [32.920204514, 39.244210321, 0], [32.920228647, 39.244248988, 0], [32.920237688, 39.244365306, 0], [32.920246317, 39.244424773, 0], [32.920276317, 39.244513897, 0], [32.920356381, 39.244696842, 0], [32.920419301, 39.244913561, 0], [32.920422252, 39.244923924, 0], [32.920434075, 39.245031504, 0], [32.92043899, 39.245079707, 0], [32.920449667, 39.245187197, 0], [32.920462104, 39.245343518, 0], [32.920480661, 39.245411642, 0], [32.920493146, 39.245441201, 0], [32.920520827, 39.245469329, 0], [32.920563614, 39.245491521, 0], [32.920750637, 39.245568679, 0], [32.921032241, 39.245668785, 0], [32.921224255, 39.245727026, 0], [32.921296191, 39.245746805, 0], [32.92131095, 39.245537707, 0], [32.921329749, 39.245391317, 0], [32.922704156, 39.245875322, 0], [32.922856005, 39.245875333, 0], [32.924811692, 39.246494297, 0], [32.925852641, 39.246150267, 0], [32.925900328, 39.246149306, 0], [32.926431762, 39.246139463, 0], [32.927977229, 39.24611079, 0], [32.928198461, 39.246106692, 0], [32.927937589, 39.246372218, 0], [32.927918514, 39.246429055, 0], [32.927872604, 39.246560744, 0], [32.927817431, 39.2466863, 0], [32.927746191, 39.246822838, 0], [32.927634691, 39.24698692, 0], [32.92747401, 39.247209171, 0], [32.927347111, 39.247384775, 0], [32.927262305, 39.247515988, 0], [32.927274406, 39.247550862, 0], [32.927445689, 39.247612684, 0], [32.927960438, 39.247762109, 0], [32.927999032, 39.247775286, 0], [32.927994015, 39.247822673, 0], [32.92796341, 39.247938965, 0], [32.927933137, 39.248104538, 0], [32.927899324, 39.248274615, 0], [32.927887623, 39.24831533, 0], [32.927870279, 39.248360996, 0], [32.927832097, 39.248410614, 0], [32.927782252, 39.24846491, 0], [32.927730883, 39.248513258, 0], [32.9276364, 39.248575454, 0], [32.927735733, 39.248630023, 0], [32.927864601, 39.248678483, 0], [32.92792431, 39.248697981, 0], [32.928318654, 39.248660745, 0], [32.928980664, 39.248635926, 0], [32.929328751, 39.248601091, 0], [32.929708192, 39.24951244, 0], [32.929568644, 39.250008952, 0], [32.930452702, 39.249952455, 0], [32.930616973, 39.250350137, 0], [32.930442185, 39.250633467, 0], [32.930043998, 39.251160817, 0], [32.930732818, 39.251399798, 0], [32.930555534, 39.251982058, 0], [32.930159185, 39.25200029, 0], [32.929943449, 39.252704963, 0], [32.92972966, 39.253370176, 0], [32.930239811, 39.253480037, 0], [32.930711763, 39.255307059, 0], [32.93072179, 39.255315984, 0], [32.930751776, 39.255340057, 0], [32.934098832, 39.258073012, 0], [32.935551759, 39.259286037, 0], [32.936138781, 39.259112029, 0], [32.936706786, 39.259568034, 0], [32.936364811, 39.25986903, 0], [32.938020767, 39.261047989, 0], [32.942029791, 39.267307054, 0], [32.942536796, 39.268139049, 0], [32.943495828, 39.269622999, 0], [32.94567975, 39.270525065, 0], [32.947837759, 39.272154042, 0], [32.949917827, 39.27516705, 0], [32.950991823, 39.276394039, 0], [32.951766796, 39.277214033, 0], [32.952076788, 39.278553039, 0], [32.952063796, 39.278817007, 0], [32.952058744, 39.278936018, 0], [32.950458752, 39.281246059, 0], [32.950367734, 39.281377016, 0], [32.950058786, 39.281823025, 0], [32.951520766, 39.283081076, 0], [32.951563741, 39.283015056, 0], [32.95163177, 39.282945082, 0], [32.951992744, 39.282612067, 0], [32.952049763, 39.282562089, 0], [32.953278784, 39.283101077, 0], [32.953329794, 39.283173082, 0], [32.953360759, 39.283193095, 0], [32.953416768, 39.283223029, 0], [32.953615787, 39.283295093, 0], [32.953688821, 39.283317015, 0], [32.953919726, 39.283317016, 0], [32.954036087, 39.283317153, 0], [32.954159008, 39.284105337, 0], [32.954206138, 39.284118149, 0], [32.954322766, 39.284150088, 0], [32.954391767, 39.284201018, 0], [32.954645772, 39.284414097, 0], [32.954817781, 39.284565071, 0], [32.95497477, 39.284730092, 0], [32.955136795, 39.284647089, 0], [32.955359776, 39.284485097, 0], [32.955427775, 39.284458095, 0], [32.955525806, 39.284418042, 0], [32.955692798, 39.284340085, 0], [32.955827748, 39.284280044, 0], [32.955852801, 39.28427708, 0], [32.955887787, 39.284290067, 0], [32.955915789, 39.284312061, 0], [32.955957731, 39.28436406, 0], [32.956049808, 39.284515091, 0], [32.956163767, 39.284690096, 0], [32.956319799, 39.284862052, 0], [32.95647577, 39.284980043, 0], [32.95665278, 39.285093086, 0], [32.956707741, 39.285122026, 0], [32.956748746, 39.285145015, 0], [32.956799787, 39.285174044, 0], [32.956850732, 39.285202082, 0], [32.956972791, 39.28527204, 0], [32.957055761, 39.285312072, 0], [32.957100783, 39.285333081, 0], [32.957245787, 39.285406019, 0], [32.957275805, 39.285416031, 0], [32.957378754, 39.285464088, 0], [32.957603787, 39.285542101, 0], [32.957823759, 39.285610022, 0], [32.958185796, 39.285712048, 0], [32.958380735, 39.285751038, 0], [32.958587818, 39.285789042, 0], [32.958630748, 39.285791039, 0], [32.958663738, 39.285788078, 0], [32.9587018, 39.285776019, 0], [32.958732787, 39.285763056, 0], [32.958775732, 39.28574208, 0], [32.958804812, 39.285720017, 0], [32.958837817, 39.285691019, 0], [32.958874742, 39.285661031, 0], [32.958908797, 39.285634015, 0], [32.958939788, 39.285615017, 0], [32.959017794, 39.285643063, 0], [32.959061769, 39.285659025, 0], [32.959311755, 39.285745062, 0], [32.959480773, 39.285801069, 0], [32.959551797, 39.285834068, 0], [32.959645755, 39.285890048, 0], [32.959712753, 39.285941065, 0], [32.959740752, 39.285971075, 0], [32.959748786, 39.285967024, 0], [32.960617735, 39.285484062, 0], [32.96078378, 39.285384025, 0], [32.960868811, 39.285334052, 0], [32.96087675, 39.285328018, 0], [32.960910805, 39.285300101, 0], [32.961044808, 39.285218071, 0], [32.961087754, 39.285192048, 0], [32.961121783, 39.285211069, 0], [32.961162789, 39.285235048, 0], [32.961727782, 39.285584076, 0], [32.962924762, 39.285839069, 0], [32.962984809, 39.285839088, 0], [32.963029756, 39.285825047, 0], [32.963063818, 39.285783075, 0], [32.96314076, 39.285657059, 0], [32.963245761, 39.285446094, 0], [32.963378807, 39.2851791, 0], [32.963563799, 39.284858066, 0], [32.963628762, 39.284780065, 0], [32.963642727, 39.284770069, 0], [32.963716799, 39.284828023, 0], [32.963773753, 39.284891106, 0], [32.963791814, 39.284911022, 0], [32.963863771, 39.284990056, 0], [32.963901802, 39.285037097, 0], [32.96397882, 39.285131088, 0], [32.964062729, 39.285211026, 0], [32.964110787, 39.285284107, 0], [32.964177754, 39.285400078, 0], [32.964235752, 39.285479107, 0], [32.964238811, 39.285482081, 0], [32.96430876, 39.285563097, 0], [32.964378817, 39.285622039, 0], [32.964493811, 39.28568604, 0], [32.964567774, 39.285772102, 0], [32.964962727, 39.286231067, 0], [32.965097758, 39.286384086, 0], [32.965293769, 39.286587034, 0], [32.965356763, 39.286623091, 0], [32.965375796, 39.286612105, 0], [32.965407744, 39.286589051, 0], [32.965502755, 39.286460065, 0], [32.96564473, 39.286300102, 0], [32.965704804, 39.286246064, 0], [32.965745727, 39.286249049, 0], [32.965808732, 39.28626105, 0], [32.96582279, 39.28625709, 0], [32.965860746, 39.28626602, 0], [32.965886744, 39.286286029, 0], [32.965879745, 39.286325037, 0], [32.965869794, 39.286338098, 0], [32.965906783, 39.286369101, 0], [32.965963761, 39.286390109, 0], [32.966008799, 39.286385077, 0], [32.966048771, 39.286376079, 0], [32.966091805, 39.286363029, 0], [32.966194806, 39.286319093, 0], [32.966343805, 39.286262107, 0], [32.966464781, 39.286220069, 0], [32.966519762, 39.286217022, 0], [32.966674757, 39.286217066, 0], [32.966763775, 39.286220065, 0], [32.966806798, 39.286231069, 0], [32.966807744, 39.286252061, 0], [32.966810804, 39.28625107, 0], [32.967643755, 39.287634056, 0], [32.967582733, 39.287672058, 0], [32.967480773, 39.287735095, 0], [32.967337772, 39.287845059, 0], [32.967546748, 39.287946022, 0], [32.96777474, 39.288077081, 0], [32.967891745, 39.28815108, 0], [32.967931795, 39.288182083, 0], [32.967952729, 39.288198035, 0], [32.967971746, 39.288222095, 0], [32.967986746, 39.288248046, 0], [32.967988753, 39.28825111, 0], [32.968506778, 39.288135032, 0], [32.969520799, 39.289729051, 0], [32.969260733, 39.289890069, 0], [32.969423739, 39.289957051, 0], [32.969580816, 39.290026104, 0], [32.969758727, 39.290124081, 0], [32.970023736, 39.290255056, 0], [32.970221727, 39.290357092, 0], [32.970365802, 39.290423077, 0], [32.970431773, 39.290443095, 0], [32.970501767, 39.290449059, 0], [32.970629813, 39.290431073, 0], [32.970798802, 39.290375077, 0], [32.970983763, 39.290310076, 0], [32.971014752, 39.290292066, 0], [32.971019727, 39.290286031, 0], [32.97193575, 39.290150035, 0], [32.971952754, 39.290194095, 0], [32.972032746, 39.290303037, 0], [32.972146764, 39.290453069, 0], [32.972239759, 39.290570033, 0], [32.972325783, 39.290662038, 0], [32.972382755, 39.290712053, 0], [32.972463727, 39.290764057, 0], [32.972534752, 39.290822093, 0], [32.972602803, 39.290907067, 0], [32.972627749, 39.290937074, 0], [32.972631764, 39.290940048, 0], [32.972644766, 39.290947079, 0], [32.972662741, 39.290953029, 0], [32.9726658, 39.29095303, 0], [32.972683777, 39.290954115, 0], [32.972720789, 39.29094106, 0], [32.972768802, 39.290915035, 0], [32.972894783, 39.290799114, 0], [32.973010812, 39.290700039, 0], [32.97305079, 39.290679057, 0], [32.973090765, 39.290668074, 0], [32.973160765, 39.29065809, 0], [32.973292722, 39.290666049, 0], [32.973371797, 39.290680032, 0], [32.973448803, 39.290602029, 0], [32.973598791, 39.290466112, 0], [32.973719799, 39.290346046, 0], [32.973853808, 39.29023409, 0], [32.973942767, 39.290154108, 0], [32.973992794, 39.290109072, 0], [32.974005803, 39.290097093, 0], [32.974025794, 39.290081061, 0], [32.974026751, 39.290081061, 0], [32.974208783, 39.290168041, 0], [32.974366813, 39.290261053, 0], [32.974402759, 39.290284034, 0], [32.974526752, 39.290363073, 0], [32.974734755, 39.290563036, 0], [32.97474374, 39.290572047, 0], [32.974960728, 39.290787056, 0], [32.974965797, 39.290782102, 0], [32.975044748, 39.290878068, 0], [32.975135739, 39.290997101, 0], [32.975254728, 39.291174069, 0], [32.975342741, 39.291333103, 0], [32.97545474, 39.291541061, 0], [32.975530807, 39.291681082, 0], [32.975631725, 39.291860028, 0], [32.975737786, 39.292095104, 0], [32.975797767, 39.292304042, 0], [32.975821738, 39.292392068, 0], [32.97610279, 39.292925117, 0], [32.976154726, 39.292894046, 0], [32.976352812, 39.292764082, 0], [32.976572797, 39.292626104, 0], [32.97664778, 39.292589091, 0], [32.977845762, 39.291739118, 0], [32.977978802, 39.291656077, 0], [32.978163771, 39.291553046, 0], [32.978325794, 39.291440099, 0], [32.978396767, 39.291377047, 0], [32.978647809, 39.291282046, 0], [32.980055737, 39.290748045, 0], [32.981407794, 39.290236091, 0], [32.981534795, 39.290179082, 0], [32.981758764, 39.290100106, 0], [32.981149723, 39.290181092, 0], [32.981878773, 39.288982069, 0], [32.982962738, 39.288951061, 0], [32.983130808, 39.288683059, 0], [32.983184771, 39.288546035, 0], [32.983256731, 39.288324056, 0], [32.983314733, 39.288089101, 0], [32.983412725, 39.287760095, 0], [32.983447738, 39.287694062, 0], [32.983189769, 39.287648077, 0], [32.98303975, 39.287617063, 0], [32.982908763, 39.287573078, 0], [32.982688766, 39.287485114, 0], [32.982392745, 39.287424077, 0], [32.982431764, 39.287398046, 0], [32.983109811, 39.286942095, 0], [32.983964772, 39.286349043, 0], [32.984663739, 39.285890113, 0], [32.984753727, 39.285833096, 0], [32.984851747, 39.285771035, 0], [32.984938753, 39.285798074, 0], [32.984978812, 39.285814116, 0], [32.985057808, 39.285736105, 0], [32.985343758, 39.285468115, 0], [32.985602745, 39.28518111, 0], [32.985823763, 39.284933111, 0], [32.985930781, 39.284814111, 0], [32.985945795, 39.284799067, 0], [32.986034808, 39.284825115, 0], [32.98634478, 39.284888037, 0], [32.986506747, 39.284913102, 0], [32.986536785, 39.284836076, 0], [32.986574764, 39.284736077, 0], [32.986601741, 39.284664096, 0], [32.986621737, 39.284597069, 0], [32.986634744, 39.284583106, 0], [32.986652818, 39.284568062, 0], [32.986665821, 39.284570046, 0], [32.986704736, 39.284572032, 0], [32.986957816, 39.284639091, 0], [32.987251817, 39.284716063, 0], [32.987450785, 39.284753113, 0], [32.987499739, 39.284760056, 0], [32.987552805, 39.284764116, 0], [32.987596787, 39.284765111, 0], [32.987625762, 39.284745114, 0], [32.987646803, 39.284718088, 0], [32.987656751, 39.284691061, 0], [32.987662778, 39.284674034, 0], [32.987649776, 39.284663041, 0], [32.9876428, 39.28464304, 0], [32.987634787, 39.284538081, 0], [32.987641787, 39.284423032, 0], [32.987646764, 39.284399068, 0], [32.987656811, 39.284355104, 0], [32.98766877, 39.28431204, 0], [32.98768178, 39.284277085, 0], [32.987701773, 39.28422105, 0], [32.987728745, 39.284174114, 0], [32.987751794, 39.284138079, 0], [32.987771785, 39.28409808, 0], [32.987791774, 39.284062045, 0], [32.988937802, 39.283481059, 0], [32.990361776, 39.28275909, 0], [32.990394767, 39.282724046, 0], [32.99049479, 39.282630087, 0], [32.990511812, 39.282610088, 0], [32.990539732, 39.282596036, 0], [32.990611732, 39.282565049, 0], [32.990647779, 39.282562079, 0], [32.990686788, 39.282562083, 0], [32.990729813, 39.28256605, 0], [32.990769779, 39.282570108, 0], [32.990839765, 39.282582096, 0], [32.991043792, 39.282651033, 0], [32.99125776, 39.28274808, 0], [32.991389795, 39.282792055, 0], [32.991408752, 39.282587095, 0], [32.991432783, 39.282322042, 0], [32.991451741, 39.28210609, 0], [32.991464764, 39.281942031, 0], [32.991464771, 39.281891038, 0], [32.991466788, 39.281811036, 0], [32.991486787, 39.281680041, 0], [32.991505744, 39.281466071, 0], [32.996897819, 39.281015069, 0], [32.997094791, 39.280659115, 0], [32.997116786, 39.28053803, 0], [32.997156755, 39.280437037, 0], [32.997167751, 39.280416045, 0], [32.997181807, 39.280389108, 0], [32.997183815, 39.280384063, 0], [32.997209822, 39.280358116, 0], [32.997250744, 39.280318116, 0], [32.99735477, 39.280225052, 0], [32.997365766, 39.280215052, 0], [32.998791762, 39.280754105, 0], [32.998911751, 39.280794108, 0], [32.998937757, 39.280806091, 0], [32.998983746, 39.280759063, 0], [32.999105745, 39.280636086, 0], [32.999163781, 39.280604104, 0], [32.999222772, 39.280584104, 0], [32.9991808, 39.280551039, 0], [32.999161774, 39.280535092, 0], [32.999141792, 39.280520047, 0], [32.999039777, 39.280479053, 0], [32.998886803, 39.28042905, 0], [32.998801807, 39.280395084, 0], [32.998677805, 39.280264087, 0], [32.998668818, 39.280243095, 0], [32.998662796, 39.280185075, 0], [32.998668821, 39.280098045, 0], [32.99863479, 39.279838035, 0], [32.998631733, 39.279733076, 0], [32.998620739, 39.279701093, 0], [32.998610796, 39.279684065, 0], [33.000724777, 39.278471057, 0], [33.000724777, 39.278473039, 0], [33.000734816, 39.278497094, 0], [33.000752791, 39.27852205, 0], [33.000788739, 39.27855106, 0], [33.000893811, 39.27861007, 0], [33.001043819, 39.278667098, 0], [33.001299759, 39.278728089, 0], [33.001500821, 39.278757097, 0], [33.001683813, 39.278783041, 0], [33.001698823, 39.278785113, 0], [33.001907821, 39.278821058, 0], [33.002096741, 39.278854119, 0], [33.002154775, 39.278865109, 0], [33.002439781, 39.27890006, 0], [33.002543801, 39.27889204, 0], [33.002603746, 39.278879065, 0], [33.002555747, 39.278745097, 0], [33.002517786, 39.278588065, 0], [33.002490819, 39.27840905, 0], [33.002478767, 39.27824409, 0], [33.002492817, 39.278127058, 0], [33.002543772, 39.278037054, 0], [33.002625799, 39.277961104, 0], [33.00277475, 39.277880106, 0], [33.003023796, 39.277721086, 0], [33.003138805, 39.277624052, 0], [33.003307741, 39.277653058, 0], [33.00437376, 39.277957089, 0], [33.004468794, 39.277984113, 0], [33.003487818, 39.276742119, 0], [33.003154814, 39.276390043, 0], [33.003415809, 39.276328052, 0], [33.005853809, 39.277656114, 0], [33.007685753, 39.277223111, 0], [33.007658789, 39.277194102, 0], [33.007645785, 39.277177076, 0], [33.007613755, 39.277152032, 0], [33.007540805, 39.277124107, 0], [33.00719977, 39.276994034, 0], [33.006833781, 39.276835041, 0], [33.006440737, 39.276670102, 0], [33.006105825, 39.276537052, 0], [33.005925798, 39.276480032, 0], [33.005908781, 39.276479041, 0], [33.005997778, 39.276363087, 0], [33.006121762, 39.276203075, 0], [33.006225767, 39.276070091, 0], [33.006359791, 39.275932061, 0], [33.006416766, 39.275878092, 0], [33.006474792, 39.275825114, 0], [33.009335759, 39.276942081, 0], [33.009392743, 39.276969104, 0], [33.010609805, 39.27708405, 0], [33.010656748, 39.277092065, 0], [33.011716776, 39.277456121, 0], [33.013261781, 39.277084052, 0], [33.013282815, 39.277088104, 0], [33.013367807, 39.277083049, 0], [33.013634823, 39.277042116, 0], [33.013904799, 39.276989109, 0], [33.014168763, 39.276986105, 0], [33.014547744, 39.277008041, 0], [33.015154756, 39.277098058, 0], [33.015287746, 39.277118041, 0], [33.016112743, 39.277226043, 0], [33.016392775, 39.277250059, 0], [33.016850732, 39.277289095, 0], [33.01707981, 39.277327081, 0], [33.017155819, 39.277340043, 0], [33.017564753, 39.277467105, 0], [33.017931807, 39.277570116, 0], [33.018774748, 39.277527099, 0], [33.019709805, 39.277665059, 0], [33.020605762, 39.277797072, 0], [33.020501762, 39.278194041, 0], [33.020635808, 39.278213118, 0], [33.021152762, 39.278252126, 0], [33.021618764, 39.278310061, 0], [33.021643814, 39.27831312, 0], [33.022101795, 39.278399073, 0], [33.022539791, 39.278473046, 0], [33.022946815, 39.278556123, 0], [33.023231742, 39.278615078, 0], [33.024618791, 39.277752061, 0], [33.025169765, 39.277752124, 0], [33.025687757, 39.277756066, 0], [33.026145805, 39.277759118, 0], [33.026897743, 39.277762101, 0], [33.027455794, 39.277764043, 0], [33.029892783, 39.277774077, 0], [33.029924813, 39.277778123, 0], [33.030241759, 39.277810114, 0], [33.030491767, 39.27781005, 0], [33.030770739, 39.277797093, 0], [33.030929816, 39.277773086, 0], [33.031076749, 39.277745118, 0], [33.0312428, 39.277708046, 0], [33.031265742, 39.277700111, 0], [33.031341738, 39.277678108, 0], [33.031333746, 39.277549097, 0], [33.031327795, 39.277497115, 0], [33.03133477, 39.277488103, 0], [33.031358762, 39.277476115, 0], [33.031439737, 39.277470057, 0], [33.031700737, 39.277467103, 0], [33.031833814, 39.277455084, 0], [33.031850737, 39.277457062, 0], [33.031899729, 39.277339116, 0], [33.031924752, 39.27728208, 0], [33.032055795, 39.277001043, 0], [33.032162771, 39.276781096, 0], [33.032291799, 39.276488077, 0], [33.032809752, 39.274987067, 0], [33.033167771, 39.273949091, 0], [33.033605781, 39.272679099, 0], [33.033621821, 39.272635129, 0], [33.033832741, 39.272498126, 0], [33.033978777, 39.27241709, 0], [33.034025798, 39.272391129, 0], [33.034166768, 39.272312076, 0], [33.034213789, 39.272286115, 0], [33.034333732, 39.27221806, 0], [33.034379797, 39.272191108, 0], [33.036169804, 39.271692081, 0], [33.036175732, 39.271694061, 0], [33.036426775, 39.271701101, 0], [33.036481733, 39.271681083, 0], [33.036610768, 39.271641041, 0], [33.036917815, 39.271619051, 0], [33.036924823, 39.271493099, 0], [33.036904797, 39.271222104, 0], [33.036902778, 39.271199041, 0], [33.036839747, 39.271136085, 0], [33.036727746, 39.271026116, 0], [33.0365898, 39.270840117, 0], [33.036494752, 39.270607075, 0], [33.036369745, 39.270298093, 0], [33.03628478, 39.270149105, 0], [33.036135737, 39.269943107, 0], [33.035899766, 39.269670107, 0], [33.035721791, 39.269525111, 0], [33.035316749, 39.26912612, 0], [33.035019783, 39.268829081, 0], [33.034583769, 39.268412078, 0], [33.034273799, 39.268096121, 0], [33.034231807, 39.268041087, 0], [33.034056775, 39.267836085, 0], [33.03405381, 39.267833113, 0], [33.033589792, 39.267401068, 0], [33.033343813, 39.26715212, 0], [33.033085791, 39.266901103, 0], [33.033014823, 39.266817066, 0], [33.032794756, 39.266575047, 0], [33.032558822, 39.266329067, 0], [33.03235475, 39.266148036, 0], [33.032149808, 39.265944121, 0], [33.03186574, 39.265572112, 0], [33.031739763, 39.265380067, 0], [33.031683776, 39.265231068, 0], [33.031678821, 39.265052053, 0], [33.031703779, 39.264859066, 0], [33.031715748, 39.264692119, 0], [33.031697779, 39.264482116, 0], [33.031655829, 39.264298066, 0], [33.031549742, 39.264116106, 0], [33.031476757, 39.264001076, 0], [33.031290757, 39.264028064, 0], [33.031120828, 39.264083067, 0], [33.031032793, 39.264084081, 0], [33.030771745, 39.26408406, 0], [33.030506744, 39.264006108, 0], [33.029844818, 39.263809064, 0], [33.029531829, 39.263716077, 0], [33.028769817, 39.263490042, 0], [33.028842795, 39.263367046, 0], [33.028897834, 39.263089094, 0], [33.028875765, 39.262883056, 0], [33.02890675, 39.262687095, 0], [33.029047752, 39.262489034, 0], [33.029267813, 39.262317081, 0], [33.029495831, 39.262205037, 0], [33.029667757, 39.262132108, 0], [33.029770781, 39.262096044, 0], [33.029775754, 39.262101088, 0], [33.029900748, 39.262030062, 0], [33.030023793, 39.261870115, 0], [33.030090781, 39.261608105, 0], [33.030183778, 39.261146082, 0], [33.030263824, 39.260801093, 0], [33.030341791, 39.260513043, 0], [33.030336792, 39.260446105, 0], [33.030161786, 39.26045606, 0], [33.029928773, 39.26049405, 0], [33.029579742, 39.260576033, 0], [33.029514746, 39.259660068, 0], [33.02948976, 39.259108071, 0], [33.02943378, 39.258721043, 0], [33.029362836, 39.258433031, 0], [33.029296814, 39.258260068, 0], [33.029104776, 39.257747033, 0], [33.028612336, 39.257932206, 0], [33.028342459, 39.258025789, 0], [33.027901225, 39.258159144, 0], [33.027279345, 39.25829317, 0], [33.027214247, 39.258022273, 0], [33.027114046, 39.257682914, 0], [33.027120915, 39.257650028, 0], [33.027213517, 39.25761496, 0], [33.027453109, 39.257558415, 0], [33.02855701, 39.257258139, 0], [33.028464327, 39.257086804, 0], [33.028350297, 39.256834029, 0], [33.028161797, 39.256299098, 0], [33.027628208, 39.255845243, 0], [33.027354028, 39.255667733, 0], [33.027183877, 39.255599121, 0], [33.027092787, 39.255580223, 0], [33.026880418, 39.2555791, 0], [33.026041573, 39.256153817, 0], [33.025914155, 39.25507092, 0], [33.025981862, 39.254398625, 0], [33.026244706, 39.254442893, 0], [33.02627146, 39.254424057, 0], [33.026402371, 39.254100862, 0], [33.026416552, 39.253941393, 0], [33.026530093, 39.253687213, 0], [33.026640215, 39.253491054, 0], [33.026723394, 39.253320217, 0], [33.026752589, 39.253187412, 0], [33.026500821, 39.253105214, 0], [33.026183092, 39.252976361, 0], [33.026150443, 39.252557793, 0], [33.026171442, 39.252485894, 0], [33.026190494, 39.252319126, 0], [33.026192645, 39.25218939, 0], [33.026172598, 39.251993621, 0], [33.026178585, 39.251901814, 0], [33.026059582, 39.251855262, 0], [33.02599114, 39.251817979, 0], [33.02595767, 39.251760957, 0], [33.025965006, 39.25169852, 0], [33.025977311, 39.251634551, 0], [33.026016277, 39.251561296, 0], [33.025944779, 39.251529689, 0], [33.025630247, 39.251499937, 0], [33.02562541, 39.25133795, 0], [33.02567455, 39.25085801, 0], [33.025672453, 39.250345197, 0], [33.025686833, 39.249417498, 0], [33.025691265, 39.249250913, 0], [33.025695494, 39.249055139, 0], [33.025693192, 39.249032796, 0], [33.025684753, 39.248951804, 0], [33.025676211, 39.248851261, 0], [33.025578813, 39.248807046, 0], [33.025453826, 39.248844102, 0], [33.025370786, 39.248865022, 0], [33.025246846, 39.248890094, 0], [33.025005841, 39.248928076, 0], [33.024902828, 39.248949089, 0], [33.024810804, 39.248967038, 0], [33.024745822, 39.248977052, 0], [33.024717822, 39.248981022, 0], [33.024504811, 39.248999085, 0], [33.024152753, 39.249024024, 0], [33.023803757, 39.249062025, 0], [33.023529795, 39.249146048, 0], [33.023439779, 39.24916904, 0], [33.023233752, 39.249213047, 0], [33.022943816, 39.24925707, 0], [33.02266582, 39.24928208, 0], [33.022328752, 39.249269081, 0], [33.021883783, 39.249236101, 0], [33.021584841, 39.249207056, 0], [33.020927774, 39.249054016, 0], [33.020762796, 39.248949086, 0], [33.020720834, 39.248922065, 0], [33.020461804, 39.248764086, 0], [33.02022782, 39.248632049, 0], [33.02003676, 39.248549015, 0], [33.019802789, 39.248456078, 0], [33.019746785, 39.248448069, 0], [33.019550779, 39.248444048, 0], [33.019290837, 39.248431028, 0], [33.019118813, 39.248411055, 0], [33.018798846, 39.248361014, 0], [33.018558767, 39.248293032, 0], [33.01831983, 39.248202075, 0], [33.01818583, 39.248135066, 0], [33.017826764, 39.248025026, 0], [33.01731584, 39.247891043, 0], [33.016620846, 39.247699064, 0], [33.016571818, 39.247685016, 0], [33.016497847, 39.247666017, 0], [33.016194804, 39.247633084, 0], [33.015942796, 39.2476151, 0], [33.015730833, 39.247611075, 0], [33.015491826, 39.247613088, 0], [33.015263808, 39.247608073, 0], [33.015121803, 39.247627011, 0], [33.014767834, 39.247641021, 0], [33.014519753, 39.247663034, 0], [33.014461842, 39.247667096, 0], [33.014186811, 39.24768704, 0], [33.014222778, 39.247860016, 0], [33.013929782, 39.247891043, 0], [33.013644815, 39.247931078, 0], [33.013415847, 39.247963088, 0], [33.013287795, 39.247993014, 0], [33.013056817, 39.248008085, 0], [33.012811788, 39.248008022, 0], [33.012531786, 39.248031026, 0], [33.012281791, 39.248046098, 0], [33.012245843, 39.247960062, 0], [33.012157792, 39.247750063, 0], [33.012072806, 39.247580064, 0], [33.011990775, 39.247361055, 0], [33.011921812, 39.24699402, 0], [33.01187982, 39.246759059, 0], [33.011776814, 39.246254094, 0], [33.011679848, 39.245855078, 0], [33.010491022, 39.24498218, 0], [33.010382548, 39.244902096, 0], [33.010263849, 39.244815076, 0], [33.010186805, 39.244663094, 0], [33.010003762, 39.244341025, 0], [33.009784776, 39.243919043, 0], [33.009599818, 39.243547061, 0], [33.00944583, 39.243229042, 0], [33.009328831, 39.24295904, 0], [33.00920285, 39.242689038, 0], [33.0091348, 39.242584084, 0], [33.009097817, 39.242566068, 0], [33.009044781, 39.242559045, 0], [33.008972827, 39.242566078, 0], [33.008850803, 39.242591043, 0], [33.008717767, 39.242434019, 0], [33.008602795, 39.242298076, 0], [33.008444819, 39.24212808, 0], [33.008289811, 39.24200205, 0], [33.008201793, 39.241915025, 0], [33.008038762, 39.241823051, 0], [33.007866847, 39.241740086, 0], [33.007730769, 39.241698021, 0], [33.007580838, 39.241668029, 0], [33.007402816, 39.241661013, 0], [33.007242852, 39.241642013, 0], [33.007150829, 39.241617063, 0], [33.007056795, 39.241553012, 0], [33.006988849, 39.241495085, 0], [33.006965814, 39.241443012, 0], [33.006979761, 39.241393009, 0], [33.007043775, 39.241304083, 0], [33.007140848, 39.241190018, 0], [33.007221771, 39.241057035, 0], [33.007266768, 39.240960001, 0], [33.007875774, 39.239507017, 0], [33.007935278, 39.239268264, 0], [33.008034318, 39.238831302, 0], [33.008126862, 39.238428666, 0], [33.008219328, 39.238178559, 0], [33.008342654, 39.237906106, 0], [33.008404346, 39.237614828, 0], [33.008373447, 39.237304727, 0], [33.008329831, 39.236925074, 0], [33.008333737, 39.236819844, 0], [33.008316848, 39.236205044, 0], [33.008249963, 39.236196219, 0], [33.00758685, 39.236175722, 0], [33.007485472, 39.23616717, 0], [33.007440847, 39.236135009, 0], [33.007420778, 39.236106, 0], [33.007414943, 39.236040322, 0], [33.007408816, 39.235924011, 0], [33.0073898, 39.23590302, 0], [33.007373079, 39.235905003, 0], [33.006859794, 39.235932062, 0], [33.00684651, 39.235905035, 0], [33.006908196, 39.235502401, 0], [33.007214814, 39.235542024, 0], [33.007776258, 39.235570909, 0], [33.007869798, 39.235550001, 0], [33.007877532, 39.235509188, 0], [33.007903809, 39.23551306, 0], [33.007875807, 39.234590049, 0], [33.0079998, 39.234348048, 0], [33.008061794, 39.234204074, 0], [33.007937774, 39.234197055, 0], [33.007839835, 39.234169042, 0], [33.007749827, 39.234130037, 0], [33.006711781, 39.233802068, 0], [33.006609831, 39.233780001, 0], [33.006574767, 39.233791084, 0], [33.006537797, 39.233854062, 0], [33.00634779, 39.23424508, 0], [33.006238789, 39.234442032, 0], [33.006109797, 39.234401046, 0], [33.005466843, 39.234120074, 0], [33.005264851, 39.234028007, 0], [33.005386855, 39.233919077, 0], [33.005557774, 39.23374708, 0], [33.005814772, 39.233496066, 0], [33.006118859, 39.233099997, 0], [33.006379855, 39.232730057, 0], [33.006485802, 39.232596082, 0], [33.006494781, 39.232571035, 0], [33.006457803, 39.232546081, 0], [33.00637802, 39.232509237, 0], [33.00600682, 39.232376998, 0], [33.005765852, 39.232299079, 0], [33.005843809, 39.232216008, 0], [33.0059488, 39.232071042, 0], [33.005948796, 39.232029058, 0], [33.005912773, 39.231987076, 0], [33.005684792, 39.231801043, 0], [33.005949773, 39.231129018, 0], [33.00602381, 39.231032073, 0], [33.006223847, 39.230709076, 0], [33.006679774, 39.230724007, 0], [33.00679097, 39.23058003, 0], [33.0069548, 39.230334064, 0], [33.007062835, 39.230111075, 0], [33.007214804, 39.229748076, 0], [33.006779808, 39.229734047, 0], [33.006632287, 39.22966162, 0], [33.006332843, 39.229430996, 0], [33.006183787, 39.229262077, 0], [33.006270812, 39.229129003, 0], [33.006341802, 39.228093999, 0], [33.006414833, 39.227470003, 0], [33.006529797, 39.22678402, 0], [33.00669683, 39.226139027, 0], [33.006873802, 39.225555026, 0], [33.00707685, 39.224963006, 0], [33.007197785, 39.224855066, 0], [33.006936779, 39.224778051, 0], [33.006807801, 39.224697064, 0], [33.006464337, 39.224459955, 0], [33.00608782, 39.224214018, 0], [33.006250867, 39.223898049, 0], [33.007318844, 39.221282013, 0], [33.007593801, 39.22061701, 0], [33.007729816, 39.220456003, 0], [33.008070854, 39.220496072, 0], [33.007938812, 39.220286072, 0], [33.007876781, 39.219987053, 0], [33.007904862, 39.219952004, 0], [33.008274374, 39.220062975, 0], [33.008434673, 39.220100353, 0], [33.008665577, 39.220220072, 0], [33.008886825, 39.2202724, 0], [33.009066426, 39.220344732, 0], [33.009165887, 39.22047446, 0], [33.009489743, 39.220599125, 0], [33.009897014, 39.22085595, 0], [33.010086173, 39.220950713, 0], [33.010153483, 39.220683848, 0], [33.010281666, 39.219910648, 0], [33.01042912, 39.219638731, 0], [33.010506098, 39.219531512, 0], [33.010586242, 39.219511504, 0], [33.010663121, 39.219376806, 0], [33.010724043, 39.219217154, 0], [33.01101899, 39.218975223, 0], [33.011317198, 39.218830504, 0], [33.011629834, 39.21871299, 0], [33.011891041, 39.21838403, 0], [33.009312969, 39.217306735, 0], [33.007042665, 39.216364055, 0], [33.005285575, 39.215615913, 0], [33.005372586, 39.215491939, 0], [33.002295709, 39.213911062, 0], [33.002460569, 39.213733483, 0], [33.002639471, 39.213609419, 0], [33.002839387, 39.213512023, 0], [33.004308889, 39.212702662, 0], [33.004937272, 39.212339107, 0], [33.005113208, 39.212250266, 0], [33.005917615, 39.211839309, 0], [33.006194218, 39.211697576, 0], [33.006538343, 39.211497548, 0], [33.007197653, 39.211150377, 0], [33.007341873, 39.211075139, 0], [33.008154849, 39.210651102, 0], [33.008605369, 39.210471962, 0], [33.009830154, 39.209819313, 0], [33.01026986, 39.209560795, 0], [33.010757222, 39.209291549, 0], [33.010935053, 39.209199276, 0], [33.011664611, 39.208820179, 0], [33.011757095, 39.20725586, 0], [33.011966935, 39.205579812, 0], [33.012078731, 39.204761653, 0], [33.012160397, 39.204246845, 0], [33.012942472, 39.203598351, 0], [33.013330461, 39.203344512, 0], [33.013951657, 39.203031271, 0], [33.014410139, 39.202870127, 0], [33.015209353, 39.202593256, 0], [33.01571453, 39.202428587, 0], [33.016161834, 39.202278879, 0], [33.016450556, 39.202349473, 0], [33.017654015, 39.202056041, 0], [33.01827273, 39.201872694, 0], [33.018534815, 39.201603451, 0], [33.018516277, 39.20156201, 0], [33.018490191, 39.201509759, 0], [33.018909607, 39.201400318, 0], [33.019423207, 39.201366178, 0], [33.019901417, 39.201478536, 0], [33.02017501, 39.201407765, 0], [33.02059229, 39.201189213, 0], [33.020906412, 39.20092491, 0], [33.021066571, 39.200611533, 0], [33.021280994, 39.200373194, 0], [33.021501467, 39.200249184, 0], [33.021793394, 39.200190568, 0], [33.022655578, 39.200212208, 0], [33.022562473, 39.199938428, 0], [33.022229355, 39.199588204, 0], [33.021755041, 39.199068718, 0], [33.021733822, 39.199008088, 0], [33.021753588, 39.199002409, 0], [33.021768867, 39.198998081, 0], [33.023157968, 39.199514868, 0], [33.023505044, 39.199608137, 0], [33.023830354, 39.199154084, 0], [33.024831119, 39.197609115, 0], [33.024917785, 39.197482784, 0], [33.024954704, 39.19737214, 0], [33.026393594, 39.198006271, 0], [33.026947572, 39.198250301, 0], [33.027501553, 39.198494508, 0], [33.028468737, 39.198920515, 0], [33.029314913, 39.199293387, 0], [33.029828603, 39.199519665, 0], [33.030107074, 39.199733478, 0], [33.030967851, 39.200257694, 0], [33.031520237, 39.20049963, 0], [33.031894646, 39.200812788, 0], [33.032369911, 39.201134294, 0], [33.033375554, 39.201766385, 0], [33.033669415, 39.201765941, 0], [33.034269616, 39.201700177, 0], [33.034816031, 39.201601092, 0], [33.035671284, 39.201471639, 0], [33.035659588, 39.20119289, 0], [33.035607137, 39.200963255, 0], [33.037553881, 39.200686416, 0], [33.037946703, 39.200912967, 0], [33.038094013, 39.201179509, 0], [33.038702763, 39.202617308, 0], [33.038583774, 39.202632483, 0], [33.038674519, 39.202837418, 0], [33.038899921, 39.203207451, 0], [33.039464554, 39.203913783, 0], [33.04008943, 39.204559638, 0], [33.04068866, 39.205266582, 0], [33.040749574, 39.205895781, 0], [33.041115704, 39.206306843, 0], [33.041779151, 39.206705366, 0], [33.042881182, 39.206939843, 0], [33.045895133, 39.207612694, 0], [33.045936427, 39.207664753, 0], [33.045973331, 39.207720777, 0], [33.048465754, 39.20811168, 0], [33.048636473, 39.208171072, 0], [33.048564359, 39.208444628, 0], [33.051730765, 39.208849054, 0], [33.051567132, 39.209605919, 0], [33.05265696, 39.209638317, 0], [33.05354134, 39.20967071, 0], [33.053750754, 39.209107253, 0], [33.053805251, 39.209053982, 0], [33.058212349, 39.210639692, 0], [33.059443949, 39.211024225, 0], [33.05927384, 39.211255583, 0], [33.060170413, 39.211110433, 0], [33.06014427, 39.210469425, 0], [33.061579405, 39.21028948, 0], [33.062553091, 39.210847277, 0], [33.06304546, 39.210623217, 0], [33.063517303, 39.211581025, 0], [33.064732228, 39.211021502, 0], [33.064868661, 39.210958721, 0], [33.064888494, 39.210921591, 0], [33.064972838, 39.210925779, 0], [33.065236527, 39.210793193, 0], [33.066340198, 39.21048679, 0], [33.066453269, 39.210468437, 0], [33.066664428, 39.211051497, 0], [33.06670111, 39.211156436, 0], [33.066718923, 39.211206429, 0], [33.066907923, 39.211886803, 0], [33.068430378, 39.2120098, 0], [33.068387373, 39.212478856, 0], [33.068353525, 39.212640686, 0], [33.068252645, 39.213120948, 0], [33.068705297, 39.213800804, 0], [33.069132799, 39.214442744, 0], [33.069965633, 39.214441797, 0], [33.069886549, 39.214640863, 0], [33.069867978, 39.214986386, 0], [33.06996239, 39.215796187, 0], [33.070201816, 39.216519049, 0], [33.070996866, 39.217391131, 0], [33.070533203, 39.218546871, 0], [33.071088882, 39.218555814, 0], [33.071721679, 39.218499568, 0], [33.073680143, 39.218325367, 0], [33.07387786, 39.219128072, 0], [33.074355988, 39.219964113, 0], [33.074741299, 39.220462719, 0], [33.07480553, 39.220587458, 0], [33.074183825, 39.220942015, 0], [33.073410796, 39.221021066, 0], [33.073069773, 39.221496077, 0], [33.074381833, 39.221828056, 0], [33.074003775, 39.223423053, 0], [33.074608771, 39.224953097, 0], [33.075446833, 39.224811021, 0], [33.076080831, 39.224579067, 0], [33.076240708, 39.225244938, 0], [33.075948539, 39.226197694, 0], [33.074907146, 39.227045973, 0], [33.075892702, 39.226423416, 0], [33.07608997, 39.22658852, 0], [33.07544309, 39.227119595, 0], [33.075538734, 39.227755147, 0], [33.076377249, 39.227826496, 0], [33.07733336, 39.22797254, 0], [33.076832765, 39.228433071, 0], [33.077025833, 39.229382085, 0], [33.077407839, 39.229329037, 0], [33.077457781, 39.22930603, 0], [33.077796775, 39.229757085, 0], [33.078440826, 39.230972113, 0], [33.079010841, 39.231153088, 0], [33.079626681, 39.232147307, 0], [33.079626806, 39.232258033, 0], [33.079637826, 39.232964092, 0], [33.07987684, 39.232930053, 0], [33.080528782, 39.233300072, 0], [33.081188015, 39.232943743, 0], [33.081582162, 39.232716972, 0], [33.083041399, 39.23368148, 0], [33.08360094, 39.234106414, 0], [33.084186463, 39.234759535, 0], [33.085054281, 39.235442989, 0], [33.085553147, 39.23608085, 0], [33.085860479, 39.236590466, 0], [33.08657241, 39.237361504, 0], [33.087222316, 39.2378787, 0], [33.087533707, 39.238177939, 0], [33.08798218, 39.238753031, 0], [33.088335295, 39.239249813, 0], [33.088859542, 39.239661955, 0], [33.08987158, 39.240284269, 0], [33.090420472, 39.240676924, 0], [33.090804197, 39.240881139, 0], [33.091143834, 39.241054665, 0], [33.092069509, 39.242026412, 0], [33.093041883, 39.241871489, 0], [33.09363235, 39.242031384, 0], [33.094841168, 39.242545294, 0], [33.095559017, 39.242842288, 0], [33.096475471, 39.243369213, 0], [33.096691408, 39.243210829, 0], [33.097484263, 39.243698478, 0], [33.098168339, 39.243606189, 0], [33.097858497, 39.243371755, 0], [33.098731823, 39.242630988, 0], [33.099403142, 39.241360905, 0], [33.099820957, 39.24132442, 0], [33.100517831, 39.241714919, 0], [33.100209332, 39.242425124, 0], [33.100689461, 39.242659405, 0], [33.101084519, 39.243007997, 0], [33.101224007, 39.243122205, 0], [33.101239582, 39.243188411, 0], [33.102338785, 39.24351233, 0], [33.101836024, 39.243693318, 0], [33.100226377, 39.243526237, 0], [33.099168006, 39.244030766, 0], [33.099737929, 39.244439666, 0], [33.099367454, 39.244583682, 0], [33.10005447, 39.24514474, 0], [33.102453131, 39.247103188, 0], [33.101944019, 39.247470046, 0], [33.101950331, 39.24767122, 0], [33.102084525, 39.247818135, 0], [33.102565703, 39.2478242, 0], [33.102438991, 39.247960894, 0], [33.102334139, 39.248014591, 0], [33.102468847, 39.24864585, 0], [33.103717019, 39.249025213, 0], [33.105599523, 39.249303985, 0], [33.106542755, 39.24973837, 0], [33.108160861, 39.250209602, 0], [33.110473386, 39.251043234, 0], [33.110637349, 39.250777662, 0], [33.110831187, 39.250428635, 0], [33.11173139, 39.250637874, 0], [33.112588546, 39.250697863, 0], [33.113862415, 39.250896274, 0], [33.114104395, 39.250954328, 0], [33.114627187, 39.25126635, 0], [33.114855947, 39.251538929, 0], [33.115402433, 39.252483833, 0], [33.116019785, 39.252344836, 0], [33.116973455, 39.251979634, 0], [33.11747563, 39.252581676, 0], [33.117965646, 39.253222919, 0], [33.119760166, 39.254662047, 0], [33.120230381, 39.255160502, 0], [33.120855088, 39.255735915, 0], [33.121435707, 39.256344345, 0], [33.121922035, 39.256916742, 0], [33.121541773, 39.257383284, 0], [33.121309784, 39.257759126, 0], [33.121123431, 39.258607551, 0], [33.12074018, 39.259680963, 0], [33.119980306, 39.260463039, 0], [33.11999176, 39.260790787, 0], [33.120838687, 39.260718108, 0], [33.121666105, 39.261304928, 0], [33.121631753, 39.261836426, 0], [33.121466909, 39.262690684, 0], [33.12246337, 39.263177949, 0], [33.122989528, 39.263318481, 0], [33.122969302, 39.263449859, 0], [33.124239944, 39.263838797, 0], [33.124296031, 39.264205508, 0], [33.125439173, 39.264912328, 0], [33.12607353, 39.265305623, 0], [33.126650406, 39.265571133, 0], [33.127490645, 39.266264658, 0], [33.128455407, 39.266983716, 0], [33.129243669, 39.267671789, 0], [33.12917694, 39.267772858, 0], [33.129855044, 39.268796017, 0], [33.131453408, 39.270714927, 0], [33.131694086, 39.271003855, 0], [33.131858745, 39.27169045, 0], [33.131800403, 39.271981788, 0], [33.131873328, 39.272484247, 0], [33.13191845, 39.273249269, 0], [33.132359944, 39.27330877, 0], [33.132796632, 39.275077437, 0], [33.132374505, 39.275155397, 0], [33.132565684, 39.27580259, 0], [33.132678169, 39.276846824, 0], [33.133125034, 39.278520969, 0], [33.133342617, 39.279420662, 0], [33.13892589, 39.283863485, 0], [33.140353205, 39.284627116, 0], [33.1404661, 39.286769936, 0], [33.141177803, 39.286970524, 0], [33.142719939, 39.286645031, 0], [33.142979087, 39.284162737, 0], [33.143200356, 39.284124446, 0], [33.145509262, 39.283669679, 0], [33.146439169, 39.283379585, 0], [33.146752959, 39.28328171, 0], [33.146908611, 39.283233224, 0], [33.14698916, 39.283207986, 0], [33.147472379, 39.283523242, 0], [33.149258616, 39.283608269, 0], [33.149640623, 39.282813697, 0], [33.157940718, 39.282851124, 0], [33.158639677, 39.283119914, 0], [33.158776771, 39.285020603, 0], [33.159845935, 39.286869925, 0], [33.159989295, 39.288144455, 0], [33.160369663, 39.289022701, 0], [33.16050753, 39.289727129, 0], [33.160336715, 39.290341619, 0], [33.16132675, 39.290573683, 0], [33.161805591, 39.291347369, 0], [33.161794798, 39.291643881, 0], [33.160444182, 39.294487553, 0], [33.160688552, 39.294630644, 0], [33.16106242, 39.294655264, 0], [33.160402897, 39.296050723, 0], [33.160242667, 39.295987067, 0], [33.16004748, 39.29632113, 0], [33.158910503, 39.297368756, 0], [33.156915881, 39.297616061, 0], [33.157142733, 39.298605967, 0], [33.15743045, 39.298842343, 0], [33.15761014, 39.299138146, 0], [33.158924095, 39.300168015, 0], [33.158634458, 39.300399859, 0], [33.159378751, 39.301350945, 0], [33.161308665, 39.30162046, 0], [33.160935241, 39.303268955, 0], [33.16108399, 39.303866065, 0], [33.161030406, 39.304732202, 0], [33.160852854, 39.306010955, 0], [33.16083252, 39.307366069, 0], [33.162770399, 39.305961534, 0], [33.164369136, 39.305655676, 0], [33.165041509, 39.305574273, 0], [33.164457496, 39.304831563, 0], [33.164488616, 39.304601692, 0], [33.164275262, 39.304406942, 0], [33.165690189, 39.302987507, 0], [33.16337369, 39.302078408, 0], [33.163461803, 39.301720795, 0], [33.164158732, 39.30094826, 0], [33.164842612, 39.300450252, 0], [33.166228524, 39.299094006, 0], [33.166527874, 39.299746212, 0], [33.168228708, 39.299009331, 0], [33.169544316, 39.298677864, 0], [33.170020062, 39.297952193, 0], [33.17035632, 39.298036299, 0], [33.170464481, 39.297602343, 0], [33.172054007, 39.298274983, 0], [33.172580946, 39.297923652, 0], [33.173048246, 39.297550335, 0], [33.173136252, 39.297443624, 0], [33.172951804, 39.297299119, 0], [33.173877823, 39.295292902, 0], [33.175663107, 39.295285088, 0], [33.177489764, 39.295074566, 0], [33.179898156, 39.294990419, 0], [33.180451822, 39.295166866, 0], [33.180049281, 39.297580358, 0], [33.18041784, 39.297987549, 0], [33.181429535, 39.298800688, 0], [33.182578517, 39.299735229, 0], [33.183171852, 39.300217826, 0], [33.183981908, 39.300115286, 0], [33.185007612, 39.300009784, 0], [33.18476673, 39.299327532, 0], [33.186303538, 39.298661641, 0], [33.184899985, 39.296903821, 0], [33.18441615, 39.296306641, 0], [33.184132456, 39.295701485, 0], [33.185802046, 39.295154312, 0], [33.1857974, 39.294445288, 0], [33.185832097, 39.293461958, 0], [33.18627752, 39.293495572, 0], [33.186708886, 39.293420825, 0], [33.186909392, 39.291792523, 0], [33.18727332, 39.291785271, 0], [33.187363822, 39.291621337, 0], [33.187641232, 39.291120874, 0], [33.188307013, 39.291318095, 0], [33.189102114, 39.288645548, 0], [33.188967682, 39.287937364, 0], [33.189053817, 39.286542764, 0], [33.189170411, 39.285560379, 0], [33.189333234, 39.285271997, 0], [33.188654288, 39.283246813, 0], [33.188958506, 39.282455032, 0], [33.189694963, 39.282297794, 0], [33.190115047, 39.281754749, 0], [33.190437531, 39.28111465, 0], [33.190155927, 39.279580643, 0], [33.190487383, 39.279185944, 0], [33.190996649, 39.27934962, 0], [33.191473233, 39.278217537, 0], [33.191502864, 39.277161055, 0], [33.191077882, 39.277118689, 0], [33.191610034, 39.275544246, 0], [33.191933383, 39.274885943, 0], [33.192678862, 39.275087602, 0], [33.193167737, 39.274274512, 0], [33.192551086, 39.274090121, 0], [33.193420802, 39.271146863, 0], [33.192538144, 39.270896244, 0], [33.192085381, 39.270888792, 0], [33.191997163, 39.270544781, 0], [33.192274922, 39.269199229, 0], [33.192905234, 39.268838174, 0], [33.193520581, 39.267764592, 0], [33.193531062, 39.265421876, 0], [33.194195865, 39.264133695, 0], [33.195504169, 39.264445483, 0], [33.19628298, 39.261415322, 0], [33.195536211, 39.261251256, 0], [33.19476644, 39.259888619, 0], [33.193434565, 39.257470025, 0], [33.192506167, 39.256122681, 0], [33.192336757, 39.254319467, 0], [33.194413895, 39.250107837, 0], [33.194667562, 39.249254047, 0], [33.194769901, 39.249007289, 0], [33.194883345, 39.248767901, 0], [33.195121834, 39.247647547, 0], [33.190743431, 39.245910941, 0], [33.190579824, 39.245273255, 0], [33.189805495, 39.245593991, 0], [33.189693159, 39.245007123, 0], [33.188805279, 39.244320879, 0], [33.194457965, 39.241836439, 0], [33.196081024, 39.242018682, 0], [33.197996819, 39.238064199, 0], [33.19845945, 39.237171483, 0], [33.199216636, 39.235733734, 0], [33.198291046, 39.235762881, 0], [33.196970635, 39.236334514, 0], [33.196170855, 39.236940482, 0], [33.192360335, 39.237995977, 0], [33.188527704, 39.239329772, 0], [33.185469118, 39.240083989, 0], [33.180656598, 39.239739101, 0], [33.179554212, 39.239708731, 0], [33.179098529, 39.240277834, 0], [33.177977409, 39.239869894, 0], [33.177542145, 39.239332788, 0], [33.17695841, 39.239104477, 0], [33.174090966, 39.241698272, 0], [33.172667787, 39.241207125, 0], [33.171309814, 39.240723163, 0], [33.171135756, 39.240938112, 0], [33.170961842, 39.24109414, 0], [33.170638751, 39.240929111, 0], [33.170712816, 39.240657099, 0], [33.170684817, 39.240538126, 0], [33.170508805, 39.240380089, 0], [33.170105768, 39.240108144, 0], [33.169277753, 39.239695098, 0], [33.16877179, 39.239413117, 0], [33.168452775, 39.239189154, 0], [33.168251801, 39.238978085, 0], [33.168069779, 39.239862078, 0], [33.168448806, 39.240407139, 0], [33.168221654, 39.240519364, 0], [33.16589876, 39.238265121, 0], [33.164231373, 39.237810706, 0], [33.163189584, 39.237152862, 0], [33.162670805, 39.237054304, 0], [33.162216789, 39.236863126, 0], [33.161113438, 39.237767488, 0], [33.16063769, 39.238229245, 0], [33.160339971, 39.238574354, 0], [33.15998793, 39.238899265, 0], [33.159021219, 39.239659899, 0], [33.157479293, 39.240183906, 0], [33.156507768, 39.240603881, 0], [33.155704595, 39.24084875, 0], [33.155014023, 39.241112114, 0], [33.154323445, 39.241375564, 0], [33.153576648, 39.241670256, 0], [33.152219693, 39.24230954, 0], [33.149577894, 39.243425438, 0], [33.149401174, 39.243500623, 0], [33.148758506, 39.243620188, 0], [33.147344471, 39.243871994, 0], [33.1455527, 39.244180474, 0], [33.144299245, 39.244369518, 0], [33.14375293, 39.24446398, 0], [33.142837486, 39.244852599, 0], [33.142492171, 39.245015461, 0], [33.141993176, 39.245169769, 0], [33.141367746, 39.245416846, 0], [33.140501012, 39.246092876, 0], [33.139995149, 39.246355928, 0], [33.139457173, 39.246619106, 0], [33.139336755, 39.246662946, 0], [33.139160028, 39.246744421, 0], [33.139023521, 39.246819632, 0], [33.1382447, 39.247220485, 0], [33.137248396, 39.24744041, 0], [33.136083692, 39.247804312, 0], [33.135529348, 39.247967397, 0], [33.135434133, 39.248050304, 0], [33.135198076, 39.248592762, 0], [33.134687487, 39.248502719, 0], [33.134418124, 39.248421765, 0], [33.133542945, 39.248932161, 0], [33.133069311, 39.249282717, 0], [33.132880441, 39.249317258, 0], [33.132378524, 39.24952099, 0], [33.131900863, 39.24981839, 0], [33.13107766, 39.250237984, 0], [33.13050762, 39.250560529, 0], [33.130061908, 39.250829776, 0], [33.129628465, 39.251120901, 0], [33.129102503, 39.251462039, 0], [33.12852453, 39.251847018, 0], [33.128184716, 39.252023525, 0], [33.126608751, 39.252551484, 0], [33.126620016, 39.251906131, 0], [33.126985372, 39.250256478, 0], [33.127124139, 39.249674772, 0], [33.127128998, 39.249454848, 0], [33.127105843, 39.249015486, 0], [33.12718823, 39.24870241, 0], [33.125783326, 39.248495097, 0], [33.125485444, 39.248814981, 0], [33.124731538, 39.249309774, 0], [33.123680437, 39.249822356, 0], [33.123550294, 39.249997275, 0], [33.123383745, 39.249902493, 0], [33.122772818, 39.249594747, 0], [33.122563909, 39.249485413, 0], [33.122352455, 39.248459738, 0], [33.125083712, 39.247430671, 0], [33.124640007, 39.247322944, 0], [33.124052276, 39.247098787, 0], [33.124207117, 39.247060602, 0], [33.124520864, 39.247012698, 0], [33.124647059, 39.246933371, 0], [33.124455488, 39.246898709, 0], [33.124251769, 39.246965506, 0], [33.124015468, 39.24703549, 0], [33.123648889, 39.247146785, 0], [33.12362438, 39.247121404, 0], [33.123632225, 39.246963011, 0], [33.123681065, 39.246912237, 0], [33.123819487, 39.246829654, 0], [33.123990496, 39.246747126, 0], [33.124316177, 39.246531185, 0], [33.124214157, 39.246445795, 0], [33.124006174, 39.246369887, 0], [33.123867708, 39.246427154, 0], [33.12365183, 39.246535135, 0], [33.122470803, 39.247106765, 0], [33.122083107, 39.24766206, 0], [33.122058031, 39.247529648, 0], [33.121990028, 39.247552062, 0], [33.121847716, 39.247597799, 0], [33.121372833, 39.247751003, 0], [33.121363502, 39.247493435, 0], [33.121419588, 39.247210121, 0], [33.121509552, 39.246789019, 0], [33.121559984, 39.246552651, 0], [33.121672135, 39.245920075, 0], [33.121678893, 39.245738529, 0], [33.121706818, 39.24558453, 0], [33.121819388, 39.245196649, 0], [33.121878968, 39.244891258, 0], [33.121899831, 39.244687715, 0], [33.121909506, 39.244148673, 0], [33.121907079, 39.243850285, 0], [33.12206049, 39.243485875, 0], [33.122387369, 39.242809378, 0], [33.122369, 39.242796875, 0], [33.12210053, 39.242713999, 0], [33.121992211, 39.242684292, 0], [33.12190569, 39.242660507, 0], [33.121865922, 39.242651269, 0], [33.121622825, 39.242597016, 0], [33.121320995, 39.242507327, 0], [33.121011535, 39.242425573, 0], [33.120663577, 39.242350525, 0], [33.120545638, 39.242338214, 0], [33.120465267, 39.242333883, 0], [33.120206549, 39.242308113, 0], [33.120193734, 39.242189743, 0], [33.120172279, 39.242048227, 0], [33.120163483, 39.241877148, 0], [33.120163242, 39.241735701, 0], [33.120169435, 39.241613347, 0], [33.120183661, 39.241550267, 0], [33.120200137, 39.241461868, 0], [33.120275428, 39.241457466, 0], [33.12053425, 39.241489992, 0], [33.120810289, 39.241532501, 0], [33.120854463, 39.241547862, 0], [33.12092452, 39.241556528, 0], [33.120986934, 39.241565563, 0], [33.121298075, 39.241570825, 0], [33.121619368, 39.241589951, 0], [33.121665049, 39.241592696, 0], [33.121891068, 39.241609127, 0], [33.12190808, 39.241610912, 0], [33.122026774, 39.241618355, 0], [33.122063275, 39.241617236, 0], [33.122069147, 39.241311361, 0], [33.122097503, 39.241131774, 0], [33.122147954, 39.240854323, 0], [33.122219094, 39.240550902, 0], [33.122279091, 39.240268485, 0], [33.122329818, 39.240096262, 0], [33.122412114, 39.239834904, 0], [33.122120534, 39.239753494, 0], [33.121843694, 39.239686303, 0], [33.121739878, 39.239661005, 0], [33.121673244, 39.239641615, 0], [33.121578601, 39.239615496, 0], [33.121507167, 39.239583227, 0], [33.121429146, 39.239554838, 0], [33.121403809, 39.239545765, 0], [33.121380677, 39.239541195, 0], [33.121277539, 39.23952058, 0], [33.121211391, 39.239506414, 0], [33.120824813, 39.239468796, 0], [33.120658315, 39.239443382, 0], [33.120226827, 39.239349589, 0], [33.120029513, 39.239295556, 0], [33.120117111, 39.239057077, 0], [33.120201627, 39.238804547, 0], [33.120398318, 39.238214319, 0], [33.120500365, 39.237933391, 0], [33.120509699, 39.237915903, 0], [33.120676167, 39.237590942, 0], [33.12083651, 39.237317251, 0], [33.120950304, 39.237146045, 0], [33.120986753, 39.237116096, 0], [33.121010893, 39.23709634, 0], [33.121149078, 39.236941055, 0], [33.12127562, 39.2367938, 0], [33.121425622, 39.236620483, 0], [33.121455186, 39.236588109, 0], [33.121628725, 39.235713656, 0], [33.121566547, 39.235339921, 0], [33.121558921, 39.235294882, 0], [33.121521783, 39.235090047, 0], [33.121489993, 39.234939894, 0], [33.121462636, 39.234811088, 0], [33.121466386, 39.234602877, 0], [33.121504091, 39.233916502, 0], [33.121506406, 39.233874065, 0], [33.121515525, 39.233676389, 0], [33.121518843, 39.233550164, 0], [33.121486577, 39.233511457, 0], [33.12148634, 39.233318657, 0], [33.12168572, 39.233305205, 0], [33.121752965, 39.233294053, 0], [33.121786553, 39.233157976, 0], [33.12181264, 39.233160021, 0], [33.122029076, 39.233175291, 0], [33.12208946, 39.233175228, 0], [33.122203922, 39.233175108, 0], [33.122255716, 39.233179919, 0], [33.122299387, 39.233183927, 0], [33.122323337, 39.2332203, 0], [33.122350474, 39.233221803, 0], [33.122367697, 39.233291428, 0], [33.122433511, 39.233556956, 0], [33.122502492, 39.233555261, 0], [33.122593262, 39.233556427, 0], [33.122645525, 39.233556282, 0], [33.122907986, 39.233609432, 0], [33.123289067, 39.233689844, 0], [33.124664619, 39.233950014, 0], [33.125079647, 39.232697263, 0], [33.125137336, 39.232524401, 0], [33.125379751, 39.231729421, 0], [33.125522214, 39.231251319, 0], [33.125585497, 39.231055477, 0], [33.125759698, 39.230535266, 0], [33.12591179, 39.23010166, 0], [33.126068287, 39.229621199, 0], [33.126206809, 39.229187607, 0], [33.126318995, 39.228827019, 0], [33.126559073, 39.228074834, 0], [33.126608385, 39.227923242, 0], [33.126679262, 39.227703786, 0], [33.126690392, 39.227677016, 0], [33.126777617, 39.227464299, 0], [33.126917684, 39.227097644, 0], [33.127123649, 39.22656082, 0], [33.12727917, 39.226183967, 0], [33.127556594, 39.22549084, 0], [33.127732532, 39.225048555, 0], [33.127895711, 39.224631061, 0], [33.128047775, 39.22419628, 0], [33.127891337, 39.223957432, 0], [33.127816648, 39.223861383, 0], [33.127682691, 39.223638817, 0], [33.127634549, 39.223430842, 0], [33.127643837, 39.22339002, 0], [33.127644926, 39.223358215, 0], [33.127693107, 39.223323837, 0], [33.127756855, 39.223286558, 0], [33.127900416, 39.223273968, 0], [33.128040094, 39.223280031, 0], [33.12823522, 39.223307926, 0], [33.128374468, 39.223339936, 0], [33.12838498, 39.223342087, 0], [33.128487158, 39.223057097, 0], [33.128651989, 39.22266005, 0], [33.12877551, 39.222293411, 0], [33.129076652, 39.221579172, 0], [33.129308068, 39.220978257, 0], [33.129366639, 39.220828366, 0], [33.129675628, 39.220024383, 0], [33.129730085, 39.219872063, 0], [33.129813468, 39.219657726, 0], [33.129982409, 39.219218239, 0], [33.130000472, 39.219170829, 0], [33.130014826, 39.219132613, 0], [33.131065239, 39.21636122, 0], [33.131847503, 39.216225377, 0], [33.131909034, 39.216182603, 0], [33.131962836, 39.215990461, 0], [33.132022078, 39.215847504, 0], [33.132080607, 39.21562959, 0], [33.13217222, 39.215378844, 0], [33.132205253, 39.215318624, 0], [33.132267847, 39.215282695, 0], [33.132873846, 39.215341739, 0], [33.133064806, 39.215348999, 0], [33.133076889, 39.215323578, 0], [33.133594131, 39.214262397, 0], [33.133784297, 39.214306235, 0], [33.133837407, 39.214306445, 0], [33.134559157, 39.213357732, 0], [33.134606621, 39.213353533, 0], [33.135161196, 39.212753224, 0], [33.135130527, 39.212749115, 0], [33.135055437, 39.211993581, 0], [33.135270457, 39.211950717, 0], [33.135287809, 39.21193394, 0], [33.135260481, 39.211778829, 0], [33.134876171, 39.211752876, 0], [33.134615872, 39.21159326, 0], [33.134524726, 39.211330019, 0], [33.134494113, 39.211104368, 0], [33.134528795, 39.211109734, 0], [33.134667018, 39.211116602, 0], [33.135124175, 39.21122743, 0], [33.134892997, 39.211061563, 0], [33.134802156, 39.21095824, 0], [33.134729278, 39.210807777, 0], [33.134737652, 39.210741277, 0], [33.13473704, 39.210721367, 0], [33.134740193, 39.210721544, 0], [33.134741133, 39.210713795, 0], [33.134866384, 39.210730407, 0], [33.135505271, 39.210775074, 0], [33.135636016, 39.210767444, 0], [33.135780493, 39.210698534, 0], [33.135819889, 39.210672001, 0], [33.135973616, 39.210496588, 0], [33.136101002, 39.21038229, 0], [33.136173863, 39.210324094, 0], [33.136188904, 39.210298309, 0], [33.136207395, 39.210228465, 0], [33.136202923, 39.210138376, 0], [33.136026967, 39.209781177, 0], [33.135984341, 39.209668338, 0], [33.135839031, 39.209551025, 0], [33.13582378, 39.209517527, 0], [33.135783408, 39.209483248, 0], [33.135766229, 39.209391192, 0], [33.13575975, 39.209349756, 0], [33.135690421, 39.208958917, 0], [33.135843469, 39.208879276, 0], [33.136103188, 39.208791401, 0], [33.136314969, 39.208708718, 0], [33.136444515, 39.208675772, 0], [33.136534142, 39.208645395, 0], [33.136601378, 39.208643424, 0], [33.136725905, 39.208632918, 0], [33.136828188, 39.208430536, 0], [33.136954926, 39.20828002, 0], [33.136966695, 39.208143603, 0], [33.136857448, 39.207955614, 0], [33.136802925, 39.20781459, 0], [33.136789864, 39.207777757, 0], [33.136777882, 39.207755248, 0], [33.136767295, 39.207713726, 0], [33.136711594, 39.207556127, 0], [33.136650739, 39.207302132, 0], [33.136779848, 39.207340451, 0], [33.136818347, 39.20734491, 0], [33.137426968, 39.207606369, 0], [33.137497502, 39.207631152, 0], [33.139445499, 39.207856598, 0], [33.140586652, 39.207660804, 0], [33.14085299, 39.207688682, 0], [33.141151045, 39.207719944, 0], [33.140967023, 39.2075416, 0], [33.140894449, 39.207500605, 0], [33.140767277, 39.207428953, 0], [33.140561628, 39.207372802, 0], [33.140289627, 39.207330785, 0], [33.139938804, 39.207274718, 0], [33.139648552, 39.207228036, 0], [33.139491402, 39.207209395, 0], [33.139273844, 39.207167491, 0], [33.138928986, 39.207036184, 0], [33.138729332, 39.206918849, 0], [33.138620248, 39.20681546, 0], [33.138607808, 39.206608618, 0], [33.138589402, 39.206476922, 0], [33.138613234, 39.206307606, 0], [33.13866137, 39.206161776, 0], [33.138781994, 39.206062889, 0], [33.138902842, 39.206029771, 0], [33.139072082, 39.206029569, 0], [33.139470997, 39.206066752, 0], [33.139628231, 39.206080619, 0], [33.139773196, 39.206024046, 0], [33.139803305, 39.205939411, 0], [33.13979681, 39.205746617, 0], [33.139789915, 39.205351561, 0], [33.139765382, 39.205116534, 0], [33.139408293, 39.204928845, 0], [33.139269353, 39.204891351, 0], [33.139119523, 39.204804859, 0], [33.13899669, 39.204750228, 0], [33.13892846, 39.204682468, 0], [33.138712375, 39.204511096, 0], [33.138567089, 39.204403065, 0], [33.138535034, 39.20432364, 0], [33.138515265, 39.204275463, 0], [33.138530462, 39.20423274, 0], [33.138529967, 39.204223371, 0], [33.138546894, 39.204186322, 0], [33.138645473, 39.204146563, 0], [33.139386561, 39.20398333, 0], [33.139481054, 39.203954567, 0], [33.140223608, 39.203762315, 0], [33.139809727, 39.202865111, 0], [33.139759298, 39.202766969, 0], [33.139736469, 39.202620593, 0], [33.139747968, 39.202591749, 0], [33.139746494, 39.202570759, 0], [33.139771821, 39.202532078, 0], [33.139776201, 39.202525405, 0], [33.139819429, 39.202459224, 0], [33.140153358, 39.202339989, 0], [33.14026132, 39.202265621, 0], [33.140321522, 39.202139326, 0], [33.140383279, 39.201930593, 0], [33.140390868, 39.201904727, 0], [33.140384616, 39.20173824, 0], [33.140369196, 39.201620145, 0], [33.140329318, 39.201496763, 0], [33.140253251, 39.20147325, 0], [33.140217607, 39.201462211, 0], [33.140091377, 39.201473895, 0], [33.139861019, 39.201566789, 0], [33.139712414, 39.201613185, 0], [33.139452251, 39.201653949, 0], [33.139384185, 39.201087156, 0], [33.139390702, 39.200566492, 0], [33.139252037, 39.199647784, 0], [33.139234627, 39.199342385, 0], [33.139321537, 39.199393815, 0], [33.140210265, 39.19959276, 0], [33.140366285, 39.199627619, 0], [33.140390833, 39.199534071, 0], [33.14046881, 39.197254496, 0], [33.140756839, 39.196063099, 0], [33.140943832, 39.195592039, 0], [33.141020797, 39.195495094, 0], [33.141176796, 39.195237055, 0], [33.141329839, 39.194982082, 0], [33.142233835, 39.193825069, 0], [33.142321733, 39.193753157, 0], [33.142722641, 39.193061551, 0], [33.142949682, 39.192147534, 0], [33.143135825, 39.191835038, 0], [33.143877819, 39.190732087, 0], [33.143421856, 39.190586065, 0], [33.143865668, 39.189736106, 0], [33.143913817, 39.189560092, 0], [33.144188865, 39.188555106, 0], [33.144495792, 39.187081048, 0], [33.142446846, 39.186851034, 0], [33.14184084, 39.186623022, 0], [33.141575883, 39.183624091, 0], [33.140856847, 39.183628025, 0], [33.139636805, 39.18380806, 0], [33.139288263, 39.183832532, 0], [33.139200038, 39.183685693, 0], [33.138583313, 39.182792417, 0], [33.138182092, 39.182241153, 0], [33.138064083, 39.182094168, 0], [33.137944086, 39.181955744, 0], [33.137857974, 39.181861426, 0], [33.137740682, 39.181738946, 0], [33.137592643, 39.181614339, 0], [33.137288589, 39.181386127, 0], [33.136889728, 39.181107392, 0], [33.135804049, 39.180341595, 0], [33.135194795, 39.179972553, 0], [33.134943588, 39.179813466, 0], [33.134697093, 39.179671041, 0], [33.134505464, 39.179612791, 0], [33.134361866, 39.179558449, 0], [33.133669243, 39.179271122, 0], [33.133043703, 39.179114621, 0], [33.132657761, 39.178988748, 0], [33.132341603, 39.178808467, 0], [33.13194105, 39.178525392, 0], [33.131450861, 39.17809304, 0], [33.130998777, 39.177405945, 0], [33.13045801, 39.176460375, 0], [33.131048336, 39.176382141, 0], [33.131723899, 39.176296421, 0], [33.132393829, 39.176211514, 0], [33.132633294, 39.176177456, 0], [33.13321157, 39.176090937, 0], [33.131356362, 39.172144362, 0], [33.13245576, 39.171969416, 0], [33.134336291, 39.17163013, 0], [33.135627737, 39.171403037, 0], [33.135996235, 39.172205805, 0], [33.136136657, 39.172303394, 0], [33.13632197, 39.172313538, 0], [33.136869541, 39.172213883, 0], [33.137424278, 39.172265846, 0], [33.138340376, 39.172237554, 0], [33.138123606, 39.171517683, 0], [33.139186179, 39.171416684, 0], [33.13940159, 39.169167567, 0], [33.138776382, 39.169141104, 0], [33.139305669, 39.167285868, 0], [33.139437069, 39.166732257, 0], [33.140114128, 39.166152315, 0], [33.140108026, 39.166011864, 0], [33.140241364, 39.165669163, 0], [33.140651083, 39.164966018, 0], [33.140740724, 39.164779774, 0], [33.1411528, 39.163923193, 0], [33.141366138, 39.163400744, 0], [33.141633045, 39.162747321, 0], [33.14323856, 39.163103038, 0], [33.143498313, 39.162367182, 0], [33.143736623, 39.161509184, 0], [33.144182367, 39.159965935, 0], [33.144829457, 39.158272336, 0], [33.144914221, 39.157998342, 0], [33.145113805, 39.157352923, 0], [33.145800457, 39.154965716, 0], [33.145812699, 39.154931915, 0], [33.145970616, 39.154961268, 0], [33.147251195, 39.155179761, 0], [33.148130907, 39.155338927, 0], [33.14862059, 39.153877681, 0], [33.148760051, 39.152846994, 0], [33.148842453, 39.152594262, 0], [33.148341692, 39.152498949, 0], [33.14842998, 39.152276391, 0], [33.149305661, 39.151039167, 0], [33.149754984, 39.150463513, 0], [33.149844463, 39.150310687, 0], [33.150411468, 39.149341793, 0], [33.150581112, 39.149012637, 0], [33.15085764, 39.148147635, 0], [33.151204038, 39.14751688, 0], [33.151214511, 39.147461097, 0], [33.151530111, 39.146934441, 0], [33.151754868, 39.14650043, 0], [33.151801726, 39.146323963, 0], [33.151880958, 39.146025464, 0], [33.151994619, 39.145851612, 0], [33.152185499, 39.145686308, 0], [33.152613472, 39.145502586, 0], [33.1529063, 39.145353905, 0], [33.153148416, 39.145230878, 0], [33.153765382, 39.144721118, 0], [33.155801277, 39.143897197, 0], [33.156375259, 39.143640739, 0], [33.156500873, 39.143484525, 0], [33.157134992, 39.143154194, 0], [33.157801712, 39.142854267, 0], [33.158327461, 39.14249966, 0], [33.158741863, 39.14223719, 0], [33.159185758, 39.141851878, 0], [33.160268467, 39.140866914, 0], [33.160767972, 39.140480799, 0], [33.1628635, 39.138873022, 0], [33.162907321, 39.138842238, 0], [33.162958454, 39.13892046, 0], [33.163627994, 39.139661639, 0], [33.165158198, 39.138508063, 0], [33.166239692, 39.137509711, 0], [33.16682443, 39.13679523, 0], [33.167357237, 39.136154879, 0], [33.169674852, 39.13445152, 0], [33.17246083, 39.132323613, 0], [33.173492516, 39.13140374, 0], [33.174912247, 39.130158932, 0], [33.175674662, 39.13070881, 0], [33.176675796, 39.129920314, 0], [33.176885431, 39.129779627, 0], [33.178561339, 39.128654664, 0], [33.178687183, 39.128581584, 0], [33.181346621, 39.126895485, 0], [33.182797611, 39.126058935, 0], [33.185228079, 39.124586633, 0], [33.186760117, 39.123661972, 0], [33.18647371, 39.123036625, 0], [33.186466477, 39.123007176, 0], [33.186734543, 39.12297206, 0], [33.188055688, 39.122723796, 0], [33.18915446, 39.122583273, 0], [33.189746696, 39.122484917, 0], [33.190570415, 39.12230068, 0], [33.191559462, 39.122051388, 0], [33.19173599, 39.121998392, 0], [33.192098698, 39.121934728, 0], [33.193869181, 39.121746832, 0], [33.194234643, 39.121679914, 0], [33.194683839, 39.12157033, 0], [33.196179306, 39.121355108, 0], [33.197350174, 39.121357368, 0], [33.197455032, 39.121364758, 0], [33.197921471, 39.121352075, 0], [33.198813286, 39.121242894, 0], [33.198987199, 39.12117881, 0], [33.199466478, 39.121085013, 0], [33.199742396, 39.120998049, 0], [33.199923837, 39.120965394, 0], [33.200245806, 39.120937903, 0], [33.201766548, 39.12093276, 0], [33.202772249, 39.120989578, 0], [33.203209785, 39.120978185, 0], [33.20393718, 39.12095277, 0], [33.204361026, 39.120858509, 0], [33.205938086, 39.120899522, 0], [33.207284407, 39.12081497, 0], [33.209085175, 39.12050435, 0], [33.211005254, 39.120030503, 0], [33.212362669, 39.119645403, 0], [33.213315002, 39.119501044, 0], [33.214857506, 39.119259099, 0], [33.214876524, 39.118862282, 0], [33.215000943, 39.118149937, 0], [33.215010251, 39.117508439, 0], [33.215063508, 39.116796584, 0], [33.215147178, 39.116550379, 0], [33.215439236, 39.115855112, 0], [33.21559648, 39.115588949, 0], [33.215706909, 39.115423239, 0], [33.216112384, 39.114701362, 0], [33.216329067, 39.114191919, 0], [33.216460472, 39.113806516, 0], [33.216888796, 39.112360044, 0], [33.217135359, 39.111769728, 0], [33.217317842, 39.111185748, 0], [33.217435393, 39.110889204, 0], [33.217785008, 39.110223014, 0], [33.218392356, 39.109040633, 0], [33.218665319, 39.108513601, 0], [33.219455556, 39.107266092, 0], [33.219743168, 39.106885076, 0], [33.219971011, 39.106514893, 0], [33.220131368, 39.106218986, 0], [33.220401119, 39.10564817, 0], [33.220600694, 39.105206773, 0], [33.22077597, 39.104742178, 0], [33.220894065, 39.104444728, 0], [33.221017444, 39.104251599, 0], [33.221300529, 39.103679494, 0], [33.221599977, 39.103096275, 0], [33.221807909, 39.102739641, 0], [33.221850047, 39.102613336, 0], [33.22192277, 39.102416969, 0], [33.222105843, 39.102041281, 0], [33.222313438, 39.101609416, 0], [33.222508206, 39.101223885, 0], [33.222681925, 39.100877945, 0], [33.222777399, 39.100669641, 0], [33.223037193, 39.100099829, 0], [33.223195038, 39.099832753, 0], [33.223337874, 39.099614537, 0], [33.223473386, 39.099433005, 0], [33.223720446, 39.099091968, 0], [33.224050003, 39.098573104, 0], [33.224865948, 39.097527862, 0], [33.225382039, 39.096837091, 0], [33.22592064, 39.096060863, 0], [33.22614497, 39.095746354, 0], [33.226605306, 39.095191641, 0], [33.227292509, 39.094375295, 0], [33.227512988, 39.094052592, 0], [33.228311061, 39.093027091, 0], [33.229121916, 39.091980387, 0], [33.229600262, 39.091436708, 0], [33.230627423, 39.090211087, 0], [33.231765076, 39.088961452, 0], [33.232983268, 39.088178793, 0], [33.23374793, 39.087676419, 0], [33.234138054, 39.087317865, 0], [33.234358195, 39.087110833, 0], [33.234735624, 39.086692478, 0], [33.235204439, 39.086231143, 0], [33.235430656, 39.085989499, 0], [33.235787876, 39.085575867, 0], [33.235976554, 39.085257806, 0], [33.236104896, 39.085031315, 0], [33.236133338, 39.085040177, 0], [33.236683866, 39.085185108, 0], [33.238240152, 39.085602148, 0], [33.240871893, 39.086223994, 0], [33.241728616, 39.084529766, 0], [33.242329527, 39.084573387, 0], [33.246219675, 39.084221254, 0], [33.246152962, 39.08395462, 0], [33.248381239, 39.083522481, 0], [33.249615968, 39.083426146, 0], [33.250394038, 39.083339788, 0], [33.250934218, 39.083411966, 0], [33.252620487, 39.083744836, 0], [33.254110192, 39.083551047, 0], [33.255141038, 39.083418788, 0], [33.257888085, 39.083115341, 0], [33.259609496, 39.082910158, 0], [33.259558289, 39.082751703, 0], [33.25924956, 39.081809713, 0], [33.259200966, 39.081661432, 0], [33.258750309, 39.080307927, 0], [33.25993092, 39.080006003, 0], [33.262082088, 39.079455027, 0], [33.262799326, 39.07935683, 0], [33.263435781, 39.079301517, 0], [33.263470708, 39.079310628, 0], [33.263613352, 39.078880277, 0], [33.26357698, 39.078174905, 0], [33.263600458, 39.0781817, 0], [33.263768799, 39.078252765, 0], [33.264321629, 39.078605142, 0], [33.264537506, 39.07874277, 0], [33.264140983, 39.079146579, 0], [33.264413942, 39.07937922, 0], [33.267326525, 39.077291269, 0], [33.267830849, 39.078226302, 0], [33.268907603, 39.079969529, 0], [33.271670082, 39.078817736, 0], [33.274127977, 39.077544153, 0], [33.273632173, 39.076811213, 0], [33.27243575, 39.07584737, 0], [33.273272825, 39.075145274, 0], [33.273980843, 39.074551321, 0], [33.274756554, 39.075561548, 0], [33.275519804, 39.075567406, 0], [33.278193562, 39.07558809, 0], [33.280228865, 39.075603851, 0], [33.280498091, 39.075605907, 0], [33.281028471, 39.075618325, 0], [33.281511214, 39.075613737, 0], [33.28255637, 39.075621752, 0], [33.282781646, 39.075623458, 0], [33.283503356, 39.075992813, 0], [33.284600576, 39.076857228, 0], [33.285018539, 39.077241729, 0], [33.286160099, 39.078122778, 0], [33.286110709, 39.078144883, 0], [33.286991949, 39.079147291, 0], [33.287023508, 39.079100904, 0], [33.288286403, 39.077242078, 0], [33.288372833, 39.077232765, 0], [33.288696922, 39.077197997, 0], [33.288922826, 39.077235459, 0], [33.289613704, 39.07735024, 0], [33.291214767, 39.076890818, 0], [33.292767441, 39.076400142, 0], [33.294602139, 39.075922338, 0], [33.29464255, 39.075874124, 0], [33.294932722, 39.076373335, 0], [33.295633875, 39.07757984, 0], [33.29558008, 39.077596284, 0], [33.295301327, 39.077666274, 0], [33.295781915, 39.079106866, 0], [33.296121476, 39.079875966, 0], [33.296719791, 39.081327426, 0], [33.296762364, 39.081430838, 0], [33.296769297, 39.081447218, 0], [33.296774693, 39.081460899, 0], [33.296887028, 39.081739731, 0], [33.298333104, 39.081027436, 0], [33.300561518, 39.079983177, 0], [33.30130551, 39.079663579, 0], [33.302917778, 39.078797994, 0], [33.303764182, 39.078422075, 0], [33.303851534, 39.078383286, 0], [33.307545856, 39.076992791, 0], [33.308483272, 39.076686061, 0], [33.309870171, 39.076225868, 0], [33.310097146, 39.07613598, 0], [33.310254189, 39.076055827, 0], [33.310631615, 39.075969952, 0], [33.316250906, 39.074650081, 0], [33.31957888, 39.059526635, 0], [33.328267754, 39.05580279, 0], [33.347055788, 39.043501955, 0], [33.363073709, 39.0279318, 0], [33.377086944, 39.007862769, 0], [33.38691206, 38.985803632, 0], [33.389079035, 38.971528854, 0], [33.388355824, 38.960744943, 0], [33.387334043, 38.945502507, 0], [33.365761985, 38.915239395, 0], [33.360272115, 38.891367856, 0], [33.355083958, 38.86879292, 0], [33.367919373, 38.852568289, 0], [33.36465305, 38.835188034, 0], [33.353335705, 38.76668203, 0], [33.35192183, 38.754241369, 0], [33.34984807, 38.73598687, 0], [33.34910447, 38.72330407, 0], [33.358381179, 38.672926794, 0], [33.353431321, 38.597548439, 0], [33.35032756, 38.565438315, 0], [33.345382319, 38.523728589, 0], [33.337904144, 38.517432709, 0], [33.337865874, 38.517380379, 0], [33.336342539, 38.516069954, 0], [33.33490679, 38.514849183, 0], [33.333702261, 38.513834166, 0], [33.330933006, 38.511466858, 0], [33.32802713, 38.508986515, 0], [33.325073239, 38.506468387, 0], [33.32392244, 38.505520336, 0], [33.322488499, 38.504271473, 0], [33.316628198, 38.499251127, 0], [33.315952343, 38.498692228, 0], [33.314327737, 38.497505859, 0], [33.31238172, 38.496112452, 0], [33.310226624, 38.494568369, 0], [33.307430955, 38.492550624, 0], [33.305304771, 38.491040614, 0], [33.303607415, 38.489830496, 0], [33.301969086, 38.488658045, 0], [33.299776037, 38.487088636, 0], [33.297699264, 38.485606383, 0], [33.295448395, 38.484002077, 0], [33.294269347, 38.48315454, 0], [33.292206187, 38.48168612, 0], [33.289750126, 38.479917683, 0], [33.28753517, 38.478316649, 0], [33.285059537, 38.476561405, 0], [33.282916398, 38.475020659, 0], [33.281941579, 38.474324961, 0], [33.281496861, 38.474002101, 0], [33.274707436, 38.469325514, 0], [33.271251038, 38.466783846, 0], [33.270814759, 38.466518413, 0], [33.270380947, 38.466255044, 0], [33.268392041, 38.464999308, 0], [33.262481563, 38.461274928, 0], [33.255909219, 38.45713982, 0], [33.254791261, 38.456449342, 0], [33.254676257, 38.456373272, 0], [33.254231536, 38.456091215, 0], [33.253085694, 38.456094235, 0], [33.250061124, 38.456990521, 0], [33.249660732, 38.457034175, 0], [33.248281598, 38.457114055, 0], [33.2466497, 38.457183637, 0], [33.246113206, 38.457227115, 0], [33.243608034, 38.457501854, 0], [33.241933817, 38.457695805, 0], [33.241717, 38.457722834, 0], [33.241621984, 38.457515336, 0], [33.24090737, 38.455951128, 0], [33.240494712, 38.455004152, 0], [33.23889874, 38.451452107, 0], [33.238405436, 38.450335077, 0], [33.237962182, 38.449375358, 0], [33.237386397, 38.448139821, 0], [33.236913213, 38.447092665, 0], [33.236557591, 38.446304325, 0], [33.23624125, 38.445591323, 0], [33.236002739, 38.445097842, 0], [33.231889136, 38.435680683, 0], [33.231615266, 38.435071926, 0], [33.231542243, 38.43510541, 0], [33.231489036, 38.434716616, 0], [33.231446501, 38.434563069, 0], [33.231403202, 38.43452549, 0], [33.231092049, 38.433540162, 0], [33.230899529, 38.432660474, 0], [33.230698984, 38.432048056, 0], [33.230501924, 38.431312546, 0], [33.230240477, 38.430739353, 0], [33.230152678, 38.430492004, 0], [33.229952117, 38.430139181, 0], [33.229893803, 38.429864111, 0], [33.229613601, 38.429361867, 0], [33.22930217, 38.428662621, 0], [33.229005937, 38.427987312, 0], [33.228917185, 38.427675087, 0], [33.228678154, 38.42701174, 0], [33.228580683, 38.426330096, 0], [33.228473022, 38.426071971, 0], [33.228405808, 38.425787816, 0], [33.228299143, 38.425545458, 0], [33.228183656, 38.425141375, 0], [33.228073421, 38.424754403, 0], [33.228028859, 38.424492821, 0], [33.2278881, 38.423981741, 0], [33.227580637, 38.422848169, 0], [33.227175874, 38.421952936, 0], [33.226736911, 38.42093225, 0], [33.226556346, 38.420434851, 0], [33.226366127, 38.420051635, 0], [33.226235054, 38.419701644, 0], [33.225943857, 38.418954412, 0], [33.225492538, 38.417897882, 0], [33.225239384, 38.417259334, 0], [33.225036786, 38.416625733, 0], [33.224871052, 38.415968725, 0], [33.224748326, 38.415534106, 0], [33.224639889, 38.415290035, 0], [33.224421495, 38.414646101, 0], [33.224329383, 38.41433541, 0], [33.22419772, 38.413971271, 0], [33.2240865, 38.413742523, 0], [33.22404087, 38.41355654, 0], [33.223844374, 38.413026549, 0], [33.223694919, 38.412680735, 0], [33.223540711, 38.412538931, 0], [33.223483164, 38.412439202, 0], [33.223333813, 38.412125736, 0], [33.223204, 38.41177709, 0], [33.222994521, 38.411260458, 0], [33.222852495, 38.410808843, 0], [33.228866286, 38.408270132, 0], [33.236390154, 38.406205281, 0], [33.239564338, 38.405072237, 0], [33.244069481, 38.403932379, 0], [33.259478507, 38.399113912, 0], [33.241058723, 38.394199782, 0], [33.245171103, 38.386009555, 0], [33.244638516, 38.362737355, 0], [33.243110383, 38.357552063, 0], [33.224701478, 38.36079028, 0], [33.223632095, 38.361196635, 0], [33.220550457, 38.360177138, 0], [33.214560529, 38.357014303, 0], [33.21496192, 38.354134005, 0], [33.213301784, 38.353870227, 0], [33.213196011, 38.354716077, 0], [33.212859287, 38.354690828, 0], [33.209523432, 38.349504929, 0], [33.210399579, 38.349633206, 0], [33.210383547, 38.347319633, 0], [33.208210537, 38.347728903, 0], [33.206954381, 38.345972046, 0], [33.207475964, 38.345876962, 0], [33.207896516, 38.34467184, 0], [33.207143248, 38.343962583, 0], [33.205138269, 38.343326431, 0], [33.203984071, 38.342879347, 0], [33.205683813, 38.341297604, 0], [33.20635299, 38.339986624, 0], [33.207166936, 38.339255858, 0], [33.205891186, 38.337315922, 0], [33.200772542, 38.337115831, 0], [33.201744208, 38.335748402, 0], [33.202184031, 38.33409651, 0], [33.199648174, 38.332602269, 0], [33.200627014, 38.331592474, 0], [33.20060644, 38.331418961, 0], [33.199838485, 38.330885572, 0], [33.201068532, 38.329665663, 0], [33.194607195, 38.327794022, 0], [33.184867284, 38.314787091, 0], [33.184484231, 38.311885491, 0], [33.182960982, 38.309512354, 0], [33.18067411, 38.304576614, 0], [33.181090102, 38.304489469, 0], [33.17868549, 38.300419899, 0], [33.174926145, 38.290944445, 0], [33.172519271, 38.281795502, 0], [33.171048701, 38.276241373, 0], [33.177936297, 38.274291187, 0], [33.177231423, 38.271970962, 0], [33.178566778, 38.271620759, 0], [33.177883052, 38.26938809, 0], [33.178981457, 38.269036168, 0], [33.178886697, 38.267681797, 0], [33.177183144, 38.264355218, 0], [33.177796511, 38.263969526, 0], [33.17760648, 38.263349774, 0], [33.179378996, 38.263056749, 0], [33.179426696, 38.26209981, 0], [33.178758882, 38.26202784, 0], [33.176560602, 38.261340301, 0], [33.177273414, 38.260188265, 0], [33.177609935, 38.26031463, 0], [33.180781565, 38.25718346, 0], [33.181621026, 38.256064543, 0], [33.182268535, 38.255763297, 0], [33.182839534, 38.255773312, 0], [33.182994566, 38.25565629, 0], [33.184997555, 38.253597314, 0], [33.18516657, 38.253608311, 0], [33.187457528, 38.251210299, 0], [33.187400555, 38.251154342, 0], [33.188285559, 38.250220298, 0], [33.189136523, 38.249324327, 0], [33.189403509, 38.249068348, 0], [33.189656552, 38.248851317, 0], [33.189950545, 38.248400296, 0], [33.190001568, 38.24830632, 0], [33.190043581, 38.248335357, 0], [33.191439555, 38.248649283, 0], [33.191497549, 38.248950333, 0], [33.197004535, 38.249800324, 0], [33.197534544, 38.24759933, 0], [33.199713508, 38.247851284, 0], [33.201128548, 38.24792429, 0], [33.203211546, 38.248056318, 0], [33.203268541, 38.247710291, 0], [33.212941558, 38.2482803, 0], [33.213208517, 38.248400291, 0], [33.213303525, 38.247888299, 0], [33.217755533, 38.247563305, 0], [33.217405584, 38.245589302, 0], [33.222684556, 38.247026292, 0], [33.223518592, 38.24459834, 0], [33.224761555, 38.24483737, 0], [33.226673558, 38.245059328, 0], [33.227801569, 38.245147344, 0], [33.228489547, 38.245312349, 0], [33.231569526, 38.246089363, 0], [33.233041587, 38.246313346, 0], [33.23309858, 38.246011367, 0], [33.233745553, 38.245136293, 0], [33.235868521, 38.246008359, 0], [33.23615256, 38.245514351, 0], [33.237960547, 38.246190304, 0], [33.238180572, 38.245692365, 0], [33.238573591, 38.245187317, 0], [33.23870055, 38.245251307, 0], [33.239218593, 38.24537235, 0], [33.239441505, 38.245643305, 0], [33.239725507, 38.245088374, 0], [33.239847522, 38.244909349, 0], [33.240376543, 38.244529358, 0], [33.241508568, 38.245686379, 0], [33.241438568, 38.245036296, 0], [33.244468515, 38.24431438, 0], [33.244429521, 38.243954295, 0], [33.245603561, 38.244025375, 0], [33.246120532, 38.244079349, 0], [33.246740514, 38.244108324, 0], [33.248208587, 38.244238321, 0], [33.248724526, 38.24423732, 0], [33.249355577, 38.244278333, 0], [33.249789572, 38.244234338, 0], [33.250545536, 38.244207317, 0], [33.251072524, 38.244103377, 0], [33.251142518, 38.244069346, 0], [33.251236526, 38.244441386, 0], [33.251545536, 38.244252306, 0], [33.251897506, 38.243951308, 0], [33.252158533, 38.243758365, 0], [33.253449565, 38.243108332, 0], [33.25413856, 38.242742351, 0], [33.254642529, 38.2424193, 0], [33.254941537, 38.242204371, 0], [33.255551573, 38.242572312, 0], [33.255889555, 38.242858303, 0], [33.255569595, 38.243279359, 0], [33.255380506, 38.243614346, 0], [33.255424585, 38.243661377, 0], [33.254641518, 38.245210341, 0], [33.255251581, 38.245444381, 0], [33.255814575, 38.244723364, 0], [33.256577554, 38.243795378, 0], [33.25719856, 38.242830303, 0], [33.25806351, 38.241409367, 0], [33.25822556, 38.241134358, 0], [33.258301574, 38.240992359, 0], [33.258495539, 38.24070935, 0], [33.258809566, 38.240297311, 0], [33.258944588, 38.240161308, 0], [33.259292541, 38.240229384, 0], [33.260945543, 38.240309344, 0], [33.260579569, 38.240737364, 0], [33.260667517, 38.240851337, 0], [33.26092853, 38.241033318, 0], [33.261393531, 38.241208357, 0], [33.26198158, 38.240825344, 0], [33.262289578, 38.240550365, 0], [33.262829591, 38.240176376, 0], [33.262983541, 38.240091328, 0], [33.264626534, 38.240217304, 0], [33.26475255, 38.240407331, 0], [33.265985546, 38.242058317, 0], [33.266053578, 38.242005359, 0], [33.267405562, 38.239205301, 0], [33.268411569, 38.239439362, 0], [33.268536518, 38.239439346, 0], [33.269755552, 38.239817353, 0], [33.270152586, 38.239930338, 0], [33.270772542, 38.240264387, 0], [33.27125654, 38.240576309, 0], [33.271659592, 38.239797375, 0], [33.272168586, 38.238927364, 0], [33.272436522, 38.238332383, 0], [33.272647529, 38.237936314, 0], [33.272743533, 38.237806334, 0], [33.27282056, 38.237767318, 0], [33.272907532, 38.237767386, 0], [33.273023544, 38.237797303, 0], [33.274271601, 38.238176367, 0], [33.274087513, 38.237909353, 0], [33.274037514, 38.237567325, 0], [33.275052555, 38.237823385, 0], [33.274995591, 38.238060325, 0], [33.275036529, 38.238547359, 0], [33.2746346, 38.23963835, 0], [33.274645577, 38.239851342, 0], [33.27636759, 38.240411385, 0], [33.278596572, 38.237259327, 0], [33.278412533, 38.237107389, 0], [33.2804796, 38.234828385, 0], [33.280975572, 38.23428339, 0], [33.280588515, 38.23413933, 0], [33.279901528, 38.234088346, 0], [33.278761517, 38.233938323, 0], [33.27810353, 38.233856351, 0], [33.277359513, 38.233698348, 0], [33.277867557, 38.232285315, 0], [33.278013588, 38.231886327, 0], [33.278119535, 38.23142733, 0], [33.278340579, 38.230711339, 0], [33.278635564, 38.229818377, 0], [33.278276563, 38.229785347, 0], [33.277754539, 38.229670342, 0], [33.277199563, 38.22958632, 0], [33.276993604, 38.229586356, 0], [33.27681459, 38.229685357, 0], [33.276652581, 38.229896324, 0], [33.27653156, 38.231054333, 0], [33.275361578, 38.230662314, 0], [33.274719587, 38.230290315, 0], [33.274640557, 38.229493303, 0], [33.274496514, 38.228945325, 0], [33.274474572, 38.228722355, 0], [33.274662567, 38.22828038, 0], [33.275309546, 38.226830358, 0], [33.275309558, 38.226783321, 0], [33.274732535, 38.2266423, 0], [33.273797539, 38.22643534, 0], [33.274242543, 38.224938306, 0], [33.274629549, 38.223706328, 0], [33.274913548, 38.222818357, 0], [33.274423599, 38.222625317, 0], [33.273611528, 38.222450327, 0], [33.273023584, 38.222326353, 0], [33.273482581, 38.221147375, 0], [33.272807546, 38.220680376, 0], [33.272915586, 38.220525317, 0], [33.273291557, 38.220222306, 0], [33.272318571, 38.219732299, 0], [33.27184654, 38.219562365, 0], [33.271795583, 38.219488322, 0], [33.271846613, 38.219379352, 0], [33.272040561, 38.21912137, 0], [33.272163584, 38.219018361, 0], [33.272083526, 38.218870316, 0], [33.271503562, 38.218705316, 0], [33.271227523, 38.218597372, 0], [33.270588578, 38.218250303, 0], [33.270116538, 38.218023322, 0], [33.270087542, 38.217977343, 0], [33.27018856, 38.217731292, 0], [33.270303537, 38.217439343, 0], [33.270432562, 38.217176287, 0], [33.271236597, 38.217209305, 0], [33.272135554, 38.217258318, 0], [33.272772558, 38.217262337, 0], [33.272769579, 38.216388372, 0], [33.272806608, 38.212730291, 0], [33.271480553, 38.212687317, 0], [33.270372544, 38.212741326, 0], [33.269648543, 38.212788315, 0], [33.269571547, 38.211628332, 0], [33.269569617, 38.211028296, 0], [33.269661557, 38.210468325, 0], [33.267879572, 38.210300293, 0], [33.268257597, 38.208768288, 0], [33.268379613, 38.208522281, 0], [33.266886559, 38.208354294, 0], [33.266843601, 38.20835232, 0], [33.266963534, 38.207870321, 0], [33.267195571, 38.207909351, 0], [33.268271581, 38.208061347, 0], [33.268301574, 38.208072362, 0], [33.270499563, 38.20620935, 0], [33.271741617, 38.205147334, 0], [33.272421571, 38.204573292, 0], [33.273705626, 38.203449343, 0], [33.273756571, 38.203346319, 0], [33.275643622, 38.201745343, 0], [33.276736607, 38.200827348, 0], [33.276840594, 38.200681306, 0], [33.276976625, 38.200541315, 0], [33.277282547, 38.200374341, 0], [33.277764569, 38.200005284, 0], [33.278125541, 38.199654353, 0], [33.278623599, 38.199220286, 0], [33.278977611, 38.198972275, 0], [33.281252964, 38.196920006, 0], [33.281297544, 38.196880341, 0], [33.281620619, 38.196943274, 0], [33.2821976, 38.196032322, 0], [33.284364583, 38.194056304, 0], [33.285424562, 38.193087306, 0], [33.289020619, 38.191724343, 0], [33.291538607, 38.190713306, 0], [33.293710592, 38.189874289, 0], [33.296775628, 38.18869732, 0], [33.299985556, 38.187607307, 0], [33.300162554, 38.187531343, 0], [33.300275548, 38.187416344, 0], [33.300257552, 38.187092355, 0], [33.30024059, 38.184771348, 0], [33.300146574, 38.18365828, 0], [33.299970629, 38.180910286, 0], [33.299901634, 38.179697312, 0], [33.29983659, 38.179655307, 0], [33.299909573, 38.179222322, 0], [33.299859559, 38.178091299, 0], [33.299823203, 38.177697341, 0], [33.299811479, 38.177570135, 0], [33.299098562, 38.169870334, 0], [33.2985546, 38.169819274, 0], [33.29862156, 38.168579278, 0], [33.298696573, 38.167606258, 0], [33.298765636, 38.166790315, 0], [33.298798614, 38.166013301, 0], [33.298769577, 38.164964312, 0], [33.29885756, 38.164172289, 0], [33.298987623, 38.163427288, 0], [33.299052593, 38.16315526, 0], [33.299115611, 38.162359336, 0], [33.298807579, 38.162350297, 0], [33.298348593, 38.162418326, 0], [33.298184617, 38.161308313, 0], [33.297862601, 38.161308319, 0], [33.297829627, 38.161139265, 0], [33.297935628, 38.161003291, 0], [33.298019587, 38.160308327, 0], [33.298173619, 38.158722266, 0], [33.298441636, 38.158501266, 0], [33.295938579, 38.158414333, 0], [33.29624562, 38.157251316, 0], [33.296594589, 38.155869314, 0], [33.297132662, 38.153380278, 0], [33.297323653, 38.152435257, 0], [33.296028586, 38.152410323, 0], [33.294691648, 38.152341324, 0], [33.294261576, 38.152282299, 0], [33.292797636, 38.152132317, 0], [33.292421663, 38.152115322, 0], [33.291755587, 38.152066245, 0], [33.291888644, 38.151469294, 0], [33.29072465, 38.151479298, 0], [33.290353598, 38.151444261, 0], [33.289650573, 38.151403284, 0], [33.288441584, 38.151363275, 0], [33.287802639, 38.151318255, 0], [33.287365645, 38.151963254, 0], [33.287046621, 38.152596248, 0], [33.286294604, 38.152448319, 0], [33.285577606, 38.152325261, 0], [33.284020597, 38.152150256, 0], [33.284098585, 38.15172826, 0], [33.28412465, 38.15131432, 0], [33.284183618, 38.151036277, 0], [33.284255608, 38.150767303, 0], [33.284314592, 38.150469255, 0], [33.284379618, 38.150176239, 0], [33.284426659, 38.150002302, 0], [33.284685612, 38.149020282, 0], [33.284734606, 38.148695315, 0], [33.284374658, 38.148704296, 0], [33.284432643, 38.147834319, 0], [33.284326643, 38.147802316, 0], [33.284175595, 38.147754292, 0], [33.284223651, 38.147769314, 0], [33.284140583, 38.147729236, 0], [33.284070589, 38.147687233, 0], [33.283962579, 38.147622255, 0], [33.283854667, 38.147582236, 0], [33.283639639, 38.1475623, 0], [33.283084629, 38.147529306, 0], [33.28274658, 38.147480289, 0], [33.282793656, 38.147217233, 0], [33.282797597, 38.146970321, 0], [33.282835609, 38.146480299, 0], [33.282863588, 38.146390301, 0], [33.282936598, 38.145800262, 0], [33.282999627, 38.145355234, 0], [33.283111593, 38.144886299, 0], [33.28323658, 38.144207286, 0], [33.283302618, 38.143665292, 0], [33.282582594, 38.143588268, 0], [33.28237967, 38.143580286, 0], [33.282074648, 38.14357426, 0], [33.281656625, 38.143549311, 0], [33.281316584, 38.143540303, 0], [33.281124644, 38.143525264, 0], [33.281058616, 38.143534252, 0], [33.281030585, 38.143562254, 0], [33.281007577, 38.143599254, 0], [33.280968644, 38.143827237, 0], [33.280651603, 38.143730315, 0], [33.280334661, 38.143634292, 0], [33.279963589, 38.143508301, 0], [33.27943164, 38.143295284, 0], [33.278481632, 38.142971249, 0], [33.278039646, 38.142805231, 0], [33.277409666, 38.14257126, 0], [33.277330662, 38.14253324, 0], [33.277764606, 38.142068236, 0], [33.277979603, 38.141861284, 0], [33.278167672, 38.141725313, 0], [33.278530624, 38.141525308, 0], [33.279046618, 38.141259249, 0], [33.279519642, 38.141028253, 0], [33.280277602, 38.140722234, 0], [33.280633601, 38.140552247, 0], [33.281000629, 38.140314289, 0], [33.281289626, 38.14012031, 0], [33.281762583, 38.139802258, 0], [33.282203639, 38.139558262, 0], [33.282532588, 38.139404283, 0], [33.281921581, 38.139108295, 0], [33.281307625, 38.138778249, 0], [33.280857668, 38.138565313, 0], [33.280353595, 38.13834926, 0], [33.279974669, 38.138180304, 0], [33.279465648, 38.13797327, 0], [33.279068627, 38.137845265, 0], [33.278820621, 38.137707264, 0], [33.278562641, 38.137618306, 0], [33.278261656, 38.13819825, 0], [33.27808659, 38.138485306, 0], [33.27787962, 38.13894527, 0], [33.277713667, 38.139353233, 0], [33.277530642, 38.139751233, 0], [33.27723558, 38.140334225, 0], [33.276564626, 38.141580233, 0], [33.276302621, 38.141949312, 0], [33.275031631, 38.141468309, 0], [33.274427661, 38.14131428, 0], [33.273013669, 38.140811242, 0], [33.272238584, 38.140543249, 0], [33.272421629, 38.140142283, 0], [33.271829625, 38.139937301, 0], [33.271354585, 38.139755294, 0], [33.271248622, 38.139703274, 0], [33.270742651, 38.139579277, 0], [33.270978654, 38.138840276, 0], [33.271256599, 38.138095231, 0], [33.271620668, 38.137155256, 0], [33.271882612, 38.136336265, 0], [33.272012645, 38.136004267, 0], [33.272363636, 38.135348259, 0], [33.272456627, 38.135152233, 0], [33.272538633, 38.134912258, 0], [33.272566638, 38.134776306, 0], [33.272582629, 38.134572258, 0], [33.271811604, 38.134569268, 0], [33.271058599, 38.134528295, 0], [33.270830657, 38.134516295, 0], [33.27057362, 38.134473273, 0], [33.270277655, 38.134412229, 0], [33.269848619, 38.134294268, 0], [33.269690617, 38.134238222, 0], [33.269634668, 38.13419726, 0], [33.269593598, 38.134108234, 0], [33.269585595, 38.134030217, 0], [33.269622665, 38.133901273, 0], [33.26964161, 38.133782284, 0], [33.269638641, 38.133691279, 0], [33.269596635, 38.133629289, 0], [33.269515612, 38.13360127, 0], [33.269308587, 38.133596248, 0], [33.269132625, 38.133594218, 0], [33.269020602, 38.133580237, 0], [33.268993585, 38.133551283, 0], [33.269009633, 38.133437256, 0], [33.269002598, 38.133212266, 0], [33.268971604, 38.133048245, 0], [33.26893566, 38.132971282, 0], [33.268859594, 38.13290928, 0], [33.268809589, 38.132872269, 0], [33.268790642, 38.132837259, 0], [33.268791618, 38.132795265, 0], [33.268988596, 38.132191253, 0], [33.269090652, 38.131900232, 0], [33.269144633, 38.131636264, 0], [33.26937467, 38.130889259, 0], [33.269550649, 38.130334223, 0], [33.269866652, 38.129453296, 0], [33.270093669, 38.128886248, 0], [33.270143597, 38.128724294, 0], [33.270167608, 38.12862728, 0], [33.270067654, 38.128618228, 0], [33.269756642, 38.12855226, 0], [33.269129639, 38.128525223, 0], [33.268926604, 38.128475225, 0], [33.268924649, 38.128455225, 0], [33.269070597, 38.127973249, 0], [33.269140592, 38.127587234, 0], [33.269177601, 38.127314293, 0], [33.269216654, 38.126419223, 0], [33.269393662, 38.125532217, 0], [33.269392627, 38.125532219, 0], [33.269393655, 38.125530234, 0], [33.269739631, 38.125590265, 0], [33.270021656, 38.125631249, 0], [33.270959634, 38.125138257, 0], [33.271141615, 38.12504322, 0], [33.272245613, 38.124418273, 0], [33.272807665, 38.124091219, 0], [33.272833668, 38.124025287, 0], [33.273831973, 38.123473019, 0], [33.274720393, 38.122974975, 0], [33.274953617, 38.122824215, 0], [33.275630056, 38.122475073, 0], [33.276263379, 38.122120351, 0], [33.277588477, 38.121373634, 0], [33.277645186, 38.121318622, 0], [33.278075821, 38.121106024, 0], [33.278904247, 38.120605477, 0], [33.279981417, 38.119887796, 0], [33.280925291, 38.119349834, 0], [33.28257491, 38.118326095, 0], [33.282932106, 38.118154565, 0], [33.283678219, 38.117987954, 0], [33.285384809, 38.11772223, 0], [33.285974225, 38.117637716, 0], [33.286957642, 38.11792052, 0], [33.287704646, 38.118103692, 0], [33.287154269, 38.117395143, 0], [33.286957185, 38.117034009, 0], [33.287067748, 38.116488118, 0], [33.287188029, 38.115349362, 0], [33.287713389, 38.115295632, 0], [33.28774562, 38.114759032, 0], [33.287785592, 38.114277561, 0], [33.287814885, 38.1138555, 0], [33.287875651, 38.113015877, 0], [33.287893976, 38.112627634, 0], [33.287942077, 38.111964839, 0], [33.287946695, 38.11151175, 0], [33.288048156, 38.110304463, 0], [33.288150727, 38.108877663, 0], [33.288240658, 38.107849996, 0], [33.288305133, 38.107166706, 0], [33.288265603, 38.107136525, 0], [33.288325899, 38.106275456, 0], [33.288388607, 38.105382481, 0], [33.288424943, 38.105078987, 0], [33.288452483, 38.104236561, 0], [33.288504223, 38.103305675, 0], [33.288546531, 38.102846906, 0], [33.288660587, 38.102240898, 0], [33.288912877, 38.10232246, 0], [33.289208853, 38.102391478, 0], [33.289374755, 38.102413237, 0], [33.28943681, 38.101430061, 0], [33.289490619, 38.100526564, 0], [33.289501372, 38.100367581, 0], [33.289559393, 38.099530936, 0], [33.288834172, 38.099482438, 0], [33.288936821, 38.098369762, 0], [33.289010435, 38.097455403, 0], [33.289000582, 38.096051403, 0], [33.289200716, 38.094620124, 0], [33.28934798, 38.093520313, 0], [33.289483281, 38.093537822, 0], [33.289569202, 38.09352923, 0], [33.289714997, 38.093441283, 0], [33.289887787, 38.093307132, 0], [33.29002593, 38.093139274, 0], [33.290232151, 38.092803281, 0], [33.290703054, 38.092504029, 0], [33.291604695, 38.092072055, 0], [33.293155391, 38.091358031, 0], [33.294037461, 38.091493969, 0], [33.295031806, 38.091720811, 0], [33.29594714, 38.089911597, 0], [33.296649921, 38.088524454, 0], [33.298335924, 38.088810797, 0], [33.299933552, 38.087970678, 0], [33.300800558, 38.087580984, 0], [33.302447021, 38.086784771, 0], [33.303063669, 38.086870141, 0], [33.303224509, 38.086356632, 0], [33.30398871, 38.086423593, 0], [33.304077461, 38.086328837, 0], [33.304327431, 38.085768688, 0], [33.306739128, 38.084700548, 0], [33.307769532, 38.0842327, 0], [33.308165368, 38.084225085, 0], [33.308137204, 38.083025595, 0], [33.308061702, 38.082263991, 0], [33.307893253, 38.081602654, 0], [33.307621832, 38.080870127, 0], [33.308702307, 38.080472697, 0], [33.30842753, 38.078874389, 0], [33.308326758, 38.078341914, 0], [33.308341227, 38.077891319, 0], [33.308393282, 38.077524969, 0], [33.308559228, 38.076897808, 0], [33.308695804, 38.076262614, 0], [33.309372922, 38.075120292, 0], [33.310372782, 38.073422388, 0], [33.310821484, 38.072590914, 0], [33.309987197, 38.071210444, 0], [33.309266624, 38.070036475, 0], [33.309073389, 38.069803233, 0], [33.308899671, 38.069583457, 0], [33.30862739, 38.069152537, 0], [33.308375589, 38.068739765, 0], [33.306951642, 38.066473397, 0], [33.306182755, 38.066293016, 0], [33.306525193, 38.065609347, 0], [33.303642685, 38.06087902, 0], [33.302717684, 38.059317785, 0], [33.299927001, 38.054464752, 0], [33.298005119, 38.051026371, 0], [33.296584065, 38.048519804, 0], [33.295670551, 38.047074274, 0], [33.295108247, 38.046136089, 0], [33.292713128, 38.042168762, 0], [33.291509855, 38.04012972, 0], [33.290014661, 38.037537465, 0], [33.288801418, 38.035385778, 0], [33.287965259, 38.03400857, 0], [33.287776912, 38.033662369, 0], [33.28686666, 38.032117816, 0], [33.286476452, 38.031471941, 0], [33.28605374, 38.030729453, 0], [33.28568227, 38.030090288, 0], [33.285462589, 38.029726948, 0], [33.285636827, 38.029275964, 0], [33.285608309, 38.028512872, 0], [33.285585411, 38.027600089, 0], [33.285560134, 38.026824464, 0], [33.285523905, 38.026107888, 0], [33.285512217, 38.024984035, 0], [33.285523411, 38.023800471, 0], [33.285527272, 38.022930877, 0], [33.285560388, 38.022264326, 0], [33.285598144, 38.021776816, 0], [33.284986637, 38.0215869, 0], [33.284277613, 38.021421277, 0], [33.283083649, 38.021213473, 0], [33.282061626, 38.021031919, 0], [33.281721321, 38.021002096, 0], [33.281719838, 38.021915839, 0], [33.280336775, 38.021862192, 0], [33.279320482, 38.021904079, 0], [33.277387479, 38.021987051, 0], [33.277191399, 38.022010672, 0], [33.275394575, 38.022081756, 0], [33.274554915, 38.02210111, 0], [33.273042105, 38.0222243, 0], [33.273038672, 38.022008129, 0], [33.273064671, 38.021621216, 0], [33.273070735, 38.021559204, 0], [33.27307374, 38.021432139, 0], [33.273106676, 38.021269139, 0], [33.27314573, 38.021084137, 0], [33.273249718, 38.020751201, 0], [33.273271731, 38.020683205, 0], [33.273387718, 38.020419176, 0], [33.273513695, 38.020164135, 0], [33.273545731, 38.020088186, 0], [33.273693741, 38.019720183, 0], [33.273793683, 38.019513142, 0], [33.273888739, 38.019306203, 0], [33.274051679, 38.018962134, 0], [33.273842735, 38.018910175, 0], [33.273563719, 38.018861173, 0], [33.273000756, 38.018801204, 0], [33.272635737, 38.018766186, 0], [33.272633731, 38.018757179, 0], [33.272431744, 38.018731154, 0], [33.2719867, 38.018675142, 0], [33.271825734, 38.01864019, 0], [33.27177373, 38.018575159, 0], [33.271801732, 38.018424156, 0], [33.272236754, 38.017015142, 0], [33.272942711, 38.014243176, 0], [33.273144753, 38.013350142, 0], [33.273095691, 38.013242121, 0], [33.272935687, 38.009712151, 0], [33.27278675, 38.006655154, 0], [33.274248728, 38.001694113, 0], [33.273306761, 38.001518152, 0], [33.272649688, 38.001372162, 0], [33.27233576, 38.001287192, 0], [33.272236761, 38.001210194, 0], [33.272323756, 38.000860175, 0], [33.272420722, 38.000565192, 0], [33.26963374, 37.999951185, 0], [33.269930749, 37.997933149, 0], [33.269968714, 37.99770814, 0], [33.270017735, 37.997553123, 0], [33.270036728, 37.997405115, 0], [33.270404724, 37.996310119, 0], [33.271523717, 37.99640117, 0], [33.271984733, 37.996470123, 0], [33.27229775, 37.996492107, 0], [33.272699708, 37.996514155, 0], [33.27291569, 37.996506175, 0], [33.27295369, 37.99614113, 0], [33.273020734, 37.995808187, 0], [33.273166695, 37.995381164, 0], [33.273489701, 37.995388164, 0], [33.274725708, 37.995455122, 0], [33.274720695, 37.994035135, 0], [33.274916693, 37.994034137, 0], [33.275011758, 37.993235154, 0], [33.275116767, 37.99235811, 0], [33.275262732, 37.992264141, 0], [33.277165778, 37.992438188, 0], [33.277331751, 37.992221165, 0], [33.27753672, 37.992135165, 0], [33.277840703, 37.99205713, 0], [33.278173724, 37.992009124, 0], [33.278320778, 37.99193119, 0], [33.278417767, 37.991776146, 0], [33.283414722, 37.988792112, 0], [33.287138715, 37.981189172, 0], [33.287474783, 37.979962183, 0], [33.290605708, 37.980420107, 0], [33.291290775, 37.976971408, 0], [33.292347039, 37.977175418, 0], [33.294293528, 37.977288614, 0], [33.294888381, 37.97851852, 0], [33.294904536, 37.97901275, 0], [33.294793999, 37.979641385, 0], [33.294515639, 37.980381009, 0], [33.295629586, 37.980601697, 0], [33.29564369, 37.980419092, 0], [33.296154073, 37.979028986, 0], [33.296419777, 37.979000112, 0], [33.296424354, 37.979017492, 0], [33.297435837, 37.979142991, 0], [33.297886034, 37.97920412, 0], [33.298534912, 37.979287633, 0], [33.299235324, 37.979389934, 0], [33.299451811, 37.979426961, 0], [33.299542077, 37.97945773, 0], [33.299751151, 37.979541994, 0], [33.299685467, 37.979737436, 0], [33.299635511, 37.979875346, 0], [33.299615354, 37.979998582, 0], [33.299569383, 37.980008071, 0], [33.299450787, 37.98095492, 0], [33.299239781, 37.982523964, 0], [33.299167394, 37.983104836, 0], [33.29912778, 37.983385458, 0], [33.299135164, 37.983539172, 0], [33.299124206, 37.983661664, 0], [33.29823386, 37.983553265, 0], [33.298233741, 37.984243351, 0], [33.2982369, 37.984931265, 0], [33.296858082, 37.984782911, 0], [33.296621471, 37.985675987, 0], [33.296490057, 37.986342613, 0], [33.296395382, 37.986991845, 0], [33.296444569, 37.987010194, 0], [33.297446634, 37.987171491, 0], [33.297341353, 37.98751761, 0], [33.298186274, 37.987667403, 0], [33.298172212, 37.987719884, 0], [33.298086047, 37.988031983, 0], [33.298019985, 37.98843874, 0], [33.297734894, 37.989023393, 0], [33.297461274, 37.989589183, 0], [33.296922777, 37.989560536, 0], [33.296746792, 37.9895608, 0], [33.296582501, 37.990133521, 0], [33.296072789, 37.990001077, 0], [33.295937267, 37.990513169, 0], [33.297701855, 37.990980369, 0], [33.297157882, 37.991925225, 0], [33.296673542, 37.992826585, 0], [33.297519359, 37.993020715, 0], [33.297755388, 37.992561624, 0], [33.298043618, 37.991914154, 0], [33.298137584, 37.991834527, 0], [33.298418807, 37.991591861, 0], [33.298583135, 37.991448344, 0], [33.298921024, 37.991169128, 0], [33.299128211, 37.990965577, 0], [33.299297841, 37.990763924, 0], [33.299442093, 37.990557198, 0], [33.299650057, 37.990291286, 0], [33.299714149, 37.990256249, 0], [33.299811858, 37.990197517, 0], [33.299958247, 37.990239497, 0], [33.300117158, 37.990266216, 0], [33.300233206, 37.990282951, 0], [33.30035878, 37.990309935, 0], [33.300485547, 37.990353136, 0], [33.300498801, 37.990356256, 0], [33.300598422, 37.989983655, 0], [33.300685684, 37.989643076, 0], [33.300765763, 37.989452733, 0], [33.300956721, 37.989117836, 0], [33.301162539, 37.988696842, 0], [33.301317098, 37.988440616, 0], [33.302340676, 37.988665345, 0], [33.30348471, 37.988927062, 0], [33.303589322, 37.98894932, 0], [33.304090627, 37.989068146, 0], [33.304735954, 37.989065035, 0], [33.304937957, 37.989066404, 0], [33.305231241, 37.989090785, 0], [33.305640887, 37.989139914, 0], [33.306332647, 37.989214621, 0], [33.306863388, 37.989274515, 0], [33.307251214, 37.989292877, 0], [33.307818692, 37.989334468, 0], [33.308355422, 37.98941128, 0], [33.307927312, 37.990989737, 0], [33.307600239, 37.992231807, 0], [33.307448693, 37.992779008, 0], [33.307252956, 37.993494655, 0], [33.307230092, 37.993597082, 0], [33.307123919, 37.993990612, 0], [33.306943972, 37.994665666, 0], [33.3067541, 37.995371294, 0], [33.306411822, 37.995721553, 0], [33.306326775, 37.995799542, 0], [33.306548047, 37.995777519, 0], [33.306850406, 37.995719509, 0], [33.307146749, 37.995660072, 0], [33.307476894, 37.995576306, 0], [33.307769929, 37.995489933, 0], [33.307875362, 37.995368906, 0], [33.307904371, 37.995276374, 0], [33.307959138, 37.9950997, 0], [33.30806209, 37.994722669, 0], [33.308083732, 37.994642772, 0], [33.308146557, 37.994416965, 0], [33.308199436, 37.994238494, 0], [33.308278093, 37.993981105, 0], [33.308361973, 37.993670177, 0], [33.308424183, 37.993477443, 0], [33.308485888, 37.99338852, 0], [33.310156302, 37.994562173, 0], [33.310671992, 37.99491847, 0], [33.312766005, 37.996414742, 0], [33.313160121, 37.996688447, 0], [33.31320288, 37.996694461, 0], [33.314761668, 37.996678316, 0], [33.315362745, 37.996656251, 0], [33.316279036, 37.996640004, 0], [33.317323328, 37.996621513, 0], [33.317377862, 37.996723103, 0], [33.317690508, 37.997309163, 0], [33.318351093, 37.998451359, 0], [33.318544339, 37.998767402, 0], [33.318697264, 37.998989476, 0], [33.31891306, 37.999350243, 0], [33.31931372, 38.000062939, 0], [33.319672332, 38.000715733, 0], [33.319227361, 38.000768035, 0], [33.319252892, 38.000980992, 0], [33.319285607, 38.001269534, 0], [33.319296439, 38.001385029, 0], [33.319324319, 38.001533009, 0], [33.319437481, 38.002287305, 0], [33.31951761, 38.002614377, 0], [33.319580776, 38.002885354, 0], [33.319691801, 38.003275781, 0], [33.31976401, 38.003422468, 0], [33.319797778, 38.003563403, 0], [33.319824157, 38.003733103, 0], [33.319836597, 38.00382922, 0], [33.319839017, 38.003867331, 0], [33.319854105, 38.003989302, 0], [33.319806271, 38.004394669, 0], [33.319747898, 38.004947037, 0], [33.319606021, 38.005911087, 0], [33.319607805, 38.005932529, 0], [33.31930201, 38.006678771, 0], [33.319272648, 38.00677437, 0], [33.318621287, 38.008783844, 0], [33.318371671, 38.009449551, 0], [33.318266128, 38.009849936, 0], [33.318113152, 38.010229994, 0], [33.317979537, 38.010547281, 0], [33.317873641, 38.010845029, 0], [33.317774873, 38.01124909, 0], [33.317704615, 38.011468523, 0], [33.317500728, 38.011371211, 0], [33.31156068, 38.009388216, 0], [33.311992746, 38.012063144, 0], [33.312418755, 38.014233184, 0], [33.312465101, 38.015015778, 0], [33.313560771, 38.019919124, 0], [33.315038741, 38.026631609, 0], [33.312976664, 38.026739211, 0], [33.313300749, 38.030542168, 0], [33.313764744, 38.031184152, 0], [33.312581709, 38.031969206, 0], [33.313353696, 38.032627223, 0], [33.31418566, 38.032034228, 0], [33.314626658, 38.032502174, 0], [33.321147749, 38.032154198, 0], [33.321122706, 38.031303156, 0], [33.326438703, 38.031636176, 0], [33.338566662, 38.032713243, 0], [33.344102696, 38.033062221, 0], [33.344035715, 38.032784241, 0], [33.353005666, 38.034825193, 0], [33.367276742, 38.038220258, 0], [33.373441664, 38.032469268, 0], [33.374665662, 38.031422238, 0], [33.376787708, 38.029678187, 0], [33.378602697, 38.028300222, 0], [33.379914724, 38.027115252, 0], [33.381990726, 38.025128223, 0], [33.382361736, 38.02472719, 0], [33.383236676, 38.023995245, 0], [33.383476665, 38.023803244, 0], [33.38523074, 38.023224219, 0], [33.385799745, 38.022979231, 0], [33.39055772, 38.021452257, 0], [33.391040699, 38.021502196, 0], [33.391895747, 38.021204233, 0], [33.397484715, 38.019257258, 0], [33.399084688, 38.018765234, 0], [33.399698709, 38.018607255, 0], [33.401388678, 38.014484182, 0], [33.402255713, 38.01237926, 0], [33.403314729, 38.009370208, 0], [33.404376707, 38.006779256, 0], [33.404744738, 38.005909216, 0], [33.405674738, 38.003300232, 0], [33.406799703, 38.00032525, 0], [33.407924677, 37.997334215, 0], [33.409395768, 37.993403171, 0], [33.410324707, 37.990846234, 0], [33.428051433, 37.979150701, 0], [33.428551003, 37.979287656, 0], [33.429474559, 37.979512544, 0], [33.430546843, 37.979687589, 0], [33.432000112, 37.979853837, 0], [33.43371699, 37.980073523, 0], [33.435407286, 37.980353749, 0], [33.436293005, 37.980541777, 0], [33.437072939, 37.980640529, 0], [33.438077277, 37.980721049, 0], [33.438552117, 37.980799841, 0], [33.439823415, 37.980960002, 0], [33.441071567, 37.980985607, 0], [33.442660042, 37.980892323, 0], [33.443060384, 37.98087027, 0], [33.443956239, 37.98092853, 0], [33.444828026, 37.981012737, 0], [33.446656912, 37.98111133, 0], [33.447220899, 37.981117027, 0], [33.448659132, 37.981116147, 0], [33.449215987, 37.981076355, 0], [33.449702185, 37.980998353, 0], [33.451991272, 37.980852069, 0], [33.453171648, 37.980727769, 0], [33.453360048, 37.980673426, 0], [33.453667552, 37.980473362, 0], [33.45398431, 37.980388696, 0], [33.454171112, 37.980395275, 0], [33.454856247, 37.980526896, 0], [33.455395764, 37.980676018, 0], [33.45661935, 37.980874119, 0], [33.456849957, 37.980948918, 0], [33.457042661, 37.981089286, 0], [33.457212102, 37.981157834, 0], [33.457540239, 37.981242616, 0], [33.457868453, 37.981324513, 0], [33.458140161, 37.981409693, 0], [33.458639487, 37.981390446, 0], [33.459361838, 37.981042227, 0], [33.459546667, 37.981153785, 0], [33.459549273, 37.981240373, 0], [33.459644263, 37.981249824, 0], [33.459727065, 37.981277346, 0], [33.459787195, 37.981313066, 0], [33.459915994, 37.981428627, 0], [33.460069764, 37.981573468, 0], [33.460217276, 37.981723289, 0], [33.460746703, 37.9821479, 0], [33.461222516, 37.982602095, 0], [33.461775966, 37.983097166, 0], [33.46217104, 37.983342253, 0], [33.462481583, 37.983448987, 0], [33.463093194, 37.983603738, 0], [33.463715966, 37.983666436, 0], [33.464791014, 37.983825658, 0], [33.465798197, 37.98401794, 0], [33.466582081, 37.984194608, 0], [33.467010549, 37.984326996, 0], [33.467643823, 37.984519033, 0], [33.468504526, 37.984754317, 0], [33.469048583, 37.984884615, 0], [33.469251313, 37.984927871, 0], [33.469367103, 37.98494381, 0], [33.469718478, 37.984986563, 0], [33.470047203, 37.985026071, 0], [33.470282946, 37.985077484, 0], [33.470812777, 37.985243695, 0], [33.471260102, 37.985415281, 0], [33.471831579, 37.985632054, 0], [33.472309792, 37.985801799, 0], [33.472384455, 37.985847277, 0], [33.472396551, 37.985888409, 0], [33.472364315, 37.985957385, 0], [33.472090163, 37.986551426, 0], [33.47172862, 37.987327483, 0], [33.471377477, 37.987851633, 0], [33.471151236, 37.988362575, 0], [33.470655027, 37.98950899, 0], [33.470113576, 37.990499328, 0], [33.469217179, 37.992058517, 0], [33.468616491, 37.993132168, 0], [33.470484957, 37.994729702, 0], [33.471237906, 37.995306922, 0], [33.471699348, 37.995649302, 0], [33.472833302, 37.996601112, 0], [33.473853765, 37.997425859, 0], [33.474153087, 37.997615961, 0], [33.474815505, 37.997893809, 0], [33.476124542, 37.998487765, 0], [33.476536711, 37.998683802, 0], [33.477096388, 37.998974579, 0], [33.476632689, 37.999887134, 0], [33.475997254, 38.000780106, 0], [33.475683705, 38.001385757, 0], [33.476942709, 38.00165424, 0], [33.478610361, 38.001918524, 0], [33.481245177, 38.002054567, 0], [33.482526002, 38.00219386, 0], [33.484126668, 38.002364985, 0], [33.485605758, 38.002543708, 0], [33.487888342, 38.001538523, 0], [33.488317677, 38.001695609, 0], [33.488295496, 38.001537465, 0], [33.487869239, 37.999448539, 0], [33.487775021, 37.999417931, 0], [33.488175659, 37.998393045, 0], [33.487131078, 37.998037647, 0], [33.48737839, 37.997515683, 0], [33.487718272, 37.996776345, 0], [33.487764297, 37.996621161, 0], [33.488125607, 37.996749875, 0], [33.489178104, 37.997111359, 0], [33.489924389, 37.997381113, 0], [33.490512416, 37.995914518, 0], [33.490630108, 37.995578089, 0], [33.490882719, 37.994700693, 0], [33.492308439, 37.995373911, 0], [33.493224915, 37.995800989, 0], [33.494030423, 37.994804301, 0], [33.494172647, 37.994585632, 0], [33.494288604, 37.994427539, 0], [33.494757589, 37.994563439, 0], [33.496031984, 37.994879233, 0], [33.496171444, 37.994878644, 0], [33.496290729, 37.994852549, 0], [33.4964321, 37.994773105, 0], [33.496531582, 37.994749075, 0], [33.496661127, 37.994768263, 0], [33.496833279, 37.994824667, 0], [33.498290915, 37.99536233, 0], [33.499379291, 37.995775385, 0], [33.499701907, 37.995984878, 0], [33.499791301, 37.995954941, 0], [33.501532556, 37.996622291, 0], [33.502091727, 37.99684059, 0], [33.503418597, 37.997169867, 0], [33.503997122, 37.997305351, 0], [33.504425999, 37.997394076, 0], [33.505732844, 37.997703767, 0], [33.506059406, 37.997745527, 0], [33.506830683, 37.997856649, 0], [33.508122502, 37.998177462, 0], [33.508671214, 37.998291155, 0], [33.508975093, 37.998393289, 0], [33.50949764, 37.998539172, 0], [33.509960167, 37.998657017, 0], [33.510693566, 37.998815947, 0], [33.51130624, 37.998942056, 0], [33.511580761, 37.998981413, 0], [33.511927567, 37.999015678, 0], [33.51223838, 37.99907398, 0], [33.512480098, 37.999163489, 0], [33.512775925, 37.999240958, 0], [33.513289112, 37.999362714, 0], [33.514158604, 37.999573564, 0], [33.515703353, 38.000462247, 0], [33.517639463, 38.001503098, 0], [33.520144213, 38.002817959, 0], [33.520821555, 38.003129723, 0], [33.521527674, 38.002411195, 0], [33.522399605, 38.001262632, 0], [33.522894366, 38.000266407, 0], [33.522880773, 37.999118979, 0], [33.523426123, 37.998860996, 0], [33.524276567, 37.998345462, 0], [33.525011676, 37.997883963, 0], [33.52536641, 37.997752437, 0], [33.525922791, 37.997503134, 0], [33.535944396, 37.997568199, 0], [33.546326251, 38.000819262, 0], [33.546589541, 37.998177215, 0], [33.552490293, 37.998862525, 0], [33.553685011, 37.998994148, 0], [33.554240059, 37.999091108, 0], [33.555084349, 37.999208147, 0], [33.556371404, 37.999414731, 0], [33.556575821, 37.999470264, 0], [33.556791178, 37.999519437, 0], [33.556815215, 37.999481296, 0], [33.556795448, 37.999761278, 0], [33.556751359, 37.999929996, 0], [33.556691829, 38.000130957, 0], [33.556659954, 38.000263032, 0], [33.556485187, 38.000589073, 0], [33.556437401, 38.000753483, 0], [33.556427029, 38.000884825, 0], [33.556492292, 38.00103221, 0], [33.5565875, 38.0011526, 0], [33.557247883, 38.001650225, 0], [33.55737812, 38.001732331, 0], [33.557798204, 38.001925792, 0], [33.558029326, 38.002145561, 0], [33.557906799, 38.002263017, 0], [33.559215689, 38.003617762, 0], [33.559592224, 38.003182984, 0], [33.560094141, 38.002735352, 0], [33.56020603, 38.002689042, 0], [33.560355525, 38.0026722, 0], [33.561775549, 38.002754277, 0], [33.563236567, 38.002841457, 0], [33.563322007, 38.002984596, 0], [33.563103504, 38.003717531, 0], [33.563121996, 38.004010847, 0], [33.564983526, 38.004279105, 0], [33.565539306, 38.004403041, 0], [33.566040763, 38.004449109, 0], [33.566903813, 38.004381694, 0], [33.567626243, 38.004349554, 0], [33.56834487, 38.004372487, 0], [33.569234231, 38.004452711, 0], [33.569360235, 38.008637797, 0], [33.56988803, 38.008599647, 0], [33.570347774, 38.008580207, 0], [33.570690506, 38.01126694, 0], [33.569844149, 38.011267889, 0], [33.569411785, 38.011246825, 0], [33.56886146, 38.011350143, 0], [33.567491291, 38.011482377, 0], [33.56709798, 38.011482382, 0], [33.566171672, 38.011409078, 0], [33.565213553, 38.011486677, 0], [33.563304078, 38.012133739, 0], [33.563005973, 38.012410728, 0], [33.562641094, 38.013808666, 0], [33.563723762, 38.014117431, 0], [33.564035192, 38.01423038, 0], [33.564930086, 38.014502458, 0], [33.564824397, 38.015028227, 0], [33.564886902, 38.015167239, 0], [33.565058821, 38.015266077, 0], [33.565382655, 38.015366257, 0], [33.565856217, 38.015476709, 0], [33.566448012, 38.01566733, 0], [33.567220878, 38.015997289, 0], [33.567626465, 38.016233768, 0], [33.568473752, 38.016479555, 0], [33.568351416, 38.0168296, 0], [33.567262568, 38.018298721, 0], [33.566553684, 38.019620292, 0], [33.565943757, 38.020961116, 0], [33.565752318, 38.021429176, 0], [33.565011346, 38.022873893, 0], [33.56503902, 38.023039746, 0], [33.566323015, 38.02336473, 0], [33.564892969, 38.024991454, 0], [33.562392761, 38.02494162, 0], [33.561144463, 38.025368945, 0], [33.560679254, 38.025671776, 0], [33.559044458, 38.024548117, 0], [33.559047005, 38.024747342, 0], [33.558612964, 38.026371864, 0], [33.557951466, 38.026365092, 0], [33.557206625, 38.026246072, 0], [33.556742369, 38.027360788, 0], [33.55667078, 38.027510532, 0], [33.556266515, 38.028670649, 0], [33.556307093, 38.028693886, 0], [33.556332493, 38.028847136, 0], [33.555628788, 38.031154885, 0], [33.556121498, 38.031238613, 0], [33.556272473, 38.031273132, 0], [33.555887426, 38.032505336, 0], [33.555477199, 38.03252007, 0], [33.554605174, 38.033735645, 0], [33.554449169, 38.033931922, 0], [33.553982032, 38.034575988, 0], [33.553707867, 38.035915435, 0], [33.553880248, 38.035983738, 0], [33.554217714, 38.036162101, 0], [33.554163148, 38.036303112, 0], [33.553649947, 38.037758487, 0], [33.553526937, 38.038107617, 0], [33.552912751, 38.039646005, 0], [33.552903509, 38.039879167, 0], [33.55282218, 38.040186018, 0], [33.552778974, 38.040438983, 0], [33.552735972, 38.040581562, 0], [33.552621158, 38.040809632, 0], [33.552597682, 38.040974466, 0], [33.55264793, 38.041045869, 0], [33.55275982, 38.04109139, 0], [33.55330861, 38.04113873, 0], [33.554017759, 38.041215951, 0], [33.555168568, 38.041302707, 0], [33.555246419, 38.041332977, 0], [33.555273836, 38.041379616, 0], [33.555168196, 38.042485961, 0], [33.555089088, 38.042924366, 0], [33.555083257, 38.043197701, 0], [33.55581955, 38.043245226, 0], [33.555482674, 38.045115637, 0], [33.555326128, 38.045952519, 0], [33.558556556, 38.046786066, 0], [33.558258063, 38.047280302, 0], [33.558056407, 38.047903298, 0], [33.557471496, 38.048987047, 0], [33.557396452, 38.049303513, 0], [33.557350219, 38.049614346, 0], [33.556593407, 38.052637918, 0], [33.556095193, 38.054541802, 0], [33.556051217, 38.054928677, 0], [33.555994737, 38.055886736, 0], [33.555904075, 38.056550923, 0], [33.55582527, 38.057366261, 0], [33.555731586, 38.057618744, 0], [33.554946933, 38.059252381, 0], [33.554656292, 38.060136751, 0], [33.554467276, 38.060948552, 0], [33.554247178, 38.061790326, 0], [33.554325426, 38.0637396, 0], [33.554063245, 38.064137775, 0], [33.553306791, 38.06536054, 0], [33.553033339, 38.065824006, 0], [33.552780773, 38.066340088, 0], [33.552296949, 38.06746938, 0], [33.551886691, 38.068144346, 0], [33.551363857, 38.068175184, 0], [33.551144141, 38.068285699, 0], [33.551033006, 38.068509155, 0], [33.55041961, 38.069615527, 0], [33.549648666, 38.07105325, 0], [33.54936261, 38.071672568, 0], [33.551760604, 38.073349025, 0], [33.552707649, 38.074002205, 0], [33.55390889, 38.074799259, 0], [33.555163615, 38.075665883, 0], [33.556445426, 38.076604094, 0], [33.558085632, 38.077759018, 0], [33.559886666, 38.079049311, 0], [33.560195056, 38.079221215, 0], [33.561031648, 38.07819627, 0], [33.561656879, 38.077419863, 0], [33.561945114, 38.07714518, 0], [33.562329414, 38.077187046, 0], [33.56281767, 38.077335374, 0], [33.563306124, 38.077521366, 0], [33.564081674, 38.077848263, 0], [33.56490025, 38.078206217, 0], [33.565434479, 38.078462357, 0], [33.565692941, 38.078632594, 0], [33.566211628, 38.078847714, 0], [33.566994575, 38.079167078, 0], [33.56749569, 38.079394802, 0], [33.567864959, 38.079570087, 0], [33.568248752, 38.079726647, 0], [33.569737725, 38.0802738, 0], [33.570832389, 38.080725531, 0], [33.570956721, 38.080741598, 0], [33.572097721, 38.081189037, 0], [33.573366215, 38.081670175, 0], [33.574617443, 38.082153636, 0], [33.575465646, 38.082536061, 0], [33.575918727, 38.08273524, 0], [33.576429417, 38.082942244, 0], [33.576711225, 38.083014932, 0], [33.576910974, 38.082600344, 0], [33.577120038, 38.08225861, 0], [33.577342799, 38.08180552, 0], [33.578378975, 38.082152489, 0], [33.579131756, 38.082367481, 0], [33.581317188, 38.083075326, 0], [33.581094887, 38.084177937, 0], [33.58190636, 38.084830469, 0], [33.582092877, 38.085003549, 0], [33.582236531, 38.084846315, 0], [33.582403444, 38.084562901, 0], [33.582507269, 38.084256822, 0], [33.582597601, 38.083897464, 0], [33.582860566, 38.082270204, 0], [33.582903564, 38.082273595, 0], [33.583991213, 38.08236137, 0], [33.585057973, 38.082387965, 0], [33.585292126, 38.082367606, 0], [33.585396845, 38.082328787, 0], [33.585436613, 38.082245597, 0], [33.585491339, 38.08202176, 0], [33.58570173, 38.08105004, 0], [33.585859074, 38.080512827, 0], [33.585961039, 38.080058522, 0], [33.585985474, 38.079986401, 0], [33.586707338, 38.077308135, 0], [33.586841175, 38.076890164, 0], [33.58715713, 38.076108138, 0], [33.587390433, 38.07526687, 0], [33.587484224, 38.074979849, 0], [33.58772477, 38.074974231, 0], [33.588464369, 38.075098758, 0], [33.588812693, 38.075144232, 0], [33.589663964, 38.07526567, 0], [33.590289864, 38.075303529, 0], [33.59063258, 38.075364614, 0], [33.591287023, 38.075514332, 0], [33.591851772, 38.075675402, 0], [33.592118632, 38.075761555, 0], [33.592384298, 38.075850958, 0], [33.592969017, 38.076074458, 0], [33.59363438, 38.076329267, 0], [33.594500625, 38.076567197, 0], [33.595245576, 38.076722292, 0], [33.595732545, 38.0754289, 0], [33.596100199, 38.07429894, 0], [33.596192299, 38.073877385, 0], [33.596147015, 38.073869685, 0], [33.596331943, 38.073139842, 0], [33.596391417, 38.073146839, 0], [33.599187471, 38.073520997, 0], [33.599994777, 38.073658353, 0], [33.600654267, 38.073769606, 0], [33.601284998, 38.073824323, 0], [33.602869752, 38.073872525, 0], [33.603445702, 38.073942199, 0], [33.603775203, 38.073973398, 0], [33.604965666, 38.074056937, 0], [33.605357981, 38.074100784, 0], [33.607422425, 38.074445891, 0], [33.608391368, 38.074616867, 0], [33.608397474, 38.074899963, 0], [33.60838143, 38.075505589, 0], [33.608346754, 38.075711942, 0], [33.608327645, 38.075777281, 0], [33.608379587, 38.075828015, 0], [33.608490952, 38.075878982, 0], [33.608676139, 38.075898208, 0], [33.608642774, 38.075979029, 0], [33.60864437, 38.076171588, 0], [33.609022222, 38.077338275, 0], [33.609089568, 38.077942388, 0], [33.609194733, 38.078322471, 0], [33.609302921, 38.078398053, 0], [33.609456073, 38.078419607, 0], [33.609649274, 38.078485827, 0], [33.609916925, 38.078663489, 0], [33.610042486, 38.078770339, 0], [33.61011061, 38.078787918, 0], [33.610397489, 38.078846442, 0], [33.61116412, 38.078922206, 0], [33.611347469, 38.078945402, 0], [33.614271597, 38.079162283, 0], [33.614709762, 38.079175762, 0], [33.61489, 38.079175359, 0], [33.615509297, 38.079227716, 0], [33.61647802, 38.079351588, 0], [33.616937003, 38.079436677, 0], [33.616910505, 38.080300526, 0], [33.616831668, 38.08058632, 0], [33.616660795, 38.081735946, 0], [33.616622014, 38.082492447, 0], [33.616562245, 38.082899429, 0], [33.616600807, 38.083191815, 0], [33.61670622, 38.083427892, 0], [33.616753469, 38.084049227, 0], [33.617125562, 38.084006814, 0], [33.61816977, 38.084388532, 0], [33.61842888, 38.084462411, 0], [33.619426885, 38.085005658, 0], [33.620368146, 38.08527499, 0], [33.621208166, 38.085647035, 0], [33.621644445, 38.085799538, 0], [33.621945425, 38.085697923, 0], [33.622058972, 38.085604148, 0], [33.622413573, 38.085438901, 0], [33.62323947, 38.085109496, 0], [33.623351127, 38.085036996, 0], [33.623470278, 38.084850466, 0], [33.625567984, 38.084176018, 0], [33.628192596, 38.083381843, 0], [33.628276647, 38.084589595, 0], [33.628362705, 38.085416078, 0], [33.628375874, 38.086185731, 0], [33.628509357, 38.086345594, 0], [33.629134346, 38.086571311, 0], [33.62916723, 38.086908238, 0], [33.629141531, 38.087245118, 0], [33.629109236, 38.087404876, 0], [33.62893546, 38.087744982, 0], [33.62875192, 38.08792222, 0], [33.628271182, 38.088280546, 0], [33.629150507, 38.088654757, 0], [33.631474034, 38.08970659, 0], [33.633740491, 38.090849875, 0], [33.635053899, 38.091424178, 0], [33.638331205, 38.092827013, 0], [33.640767549, 38.093920219, 0], [33.640919753, 38.094011482, 0], [33.643586577, 38.095157978, 0], [33.647498948, 38.096809024, 0], [33.647712257, 38.096831908, 0], [33.647885324, 38.097005047, 0], [33.649688061, 38.098150037, 0], [33.650354983, 38.098652857, 0], [33.650861015, 38.098860643, 0], [33.651503384, 38.099022076, 0], [33.653266114, 38.099643962, 0], [33.654161854, 38.099952022, 0], [33.654849878, 38.100221494, 0], [33.655278552, 38.100400136, 0], [33.656784352, 38.100932571, 0], [33.657678956, 38.101173388, 0], [33.658237646, 38.101396707, 0], [33.659452769, 38.101771601, 0], [33.659707823, 38.101906055, 0], [33.660003439, 38.102001444, 0], [33.660735553, 38.102379036, 0], [33.66080622, 38.102048656, 0], [33.661162334, 38.102146315, 0], [33.663752177, 38.102835475, 0], [33.664760731, 38.103087309, 0], [33.669600099, 38.104370574, 0], [33.671989535, 38.10494274, 0], [33.672952688, 38.105140246, 0], [33.673389044, 38.105307514, 0], [33.676418567, 38.106090832, 0], [33.677040289, 38.106183128, 0], [33.677802934, 38.106288125, 0], [33.67881781, 38.106521689, 0], [33.679121702, 38.106622479, 0], [33.680484888, 38.10707965, 0], [33.68112802, 38.10727813, 0], [33.68136834, 38.107349095, 0], [33.681667764, 38.107454139, 0], [33.684249369, 38.108581007, 0], [33.685774493, 38.109228387, 0], [33.688340819, 38.109234828, 0], [33.689198056, 38.109231065, 0], [33.689667326, 38.109291119, 0], [33.690313597, 38.109388698, 0], [33.691239308, 38.109494271, 0], [33.6921383, 38.109638922, 0], [33.693022302, 38.109759776, 0], [33.694936616, 38.109925536, 0], [33.695655818, 38.109916144, 0], [33.696410159, 38.109882751, 0], [33.697463145, 38.109878939, 0], [33.698405959, 38.109842882, 0], [33.698525443, 38.10991471, 0], [33.698736902, 38.109994552, 0], [33.703037202, 38.111827596, 0], [33.707231214, 38.113687883, 0], [33.709973147, 38.112899109, 0], [33.713881141, 38.112922559, 0], [33.716358094, 38.10880173, 0], [33.71645151, 38.108745382, 0], [33.71646588, 38.108415763, 0], [33.716544959, 38.10808575, 0], [33.71655484, 38.107296599, 0], [33.716527087, 38.106563997, 0], [33.71666362, 38.106194165, 0], [33.717362803, 38.105372784, 0], [33.717411807, 38.105267056, 0], [33.717419404, 38.105024434, 0], [33.717378757, 38.104599545, 0], [33.717288701, 38.104373649, 0], [33.717208992, 38.104253568, 0], [33.716931538, 38.103772994, 0], [33.71687448, 38.103612677, 0], [33.716872838, 38.103444632, 0], [33.716954928, 38.103327169, 0], [33.717115833, 38.10323851, 0], [33.717369473, 38.103178571, 0], [33.717660487, 38.103151203, 0], [33.71789605, 38.103127867, 0], [33.718291442, 38.102906214, 0], [33.719950786, 38.103353818, 0], [33.72038558, 38.103429008, 0], [33.720557727, 38.103508601, 0], [33.720587806, 38.104110079, 0], [33.720640463, 38.104635456, 0], [33.720662267, 38.105390262, 0], [33.720684952, 38.106292121, 0], [33.722319776, 38.105682493, 0], [33.724366823, 38.104901978, 0], [33.727017281, 38.103371768, 0], [33.729450706, 38.102083528, 0], [33.734646262, 38.099317145, 0], [33.735372421, 38.095479785, 0], [33.735475455, 38.094884776, 0], [33.735599039, 38.094407412, 0], [33.735611564, 38.094090147, 0], [33.73564805, 38.092232034, 0], [33.735727196, 38.091027672, 0], [33.735742218, 38.089993116, 0], [33.735800726, 38.0887377, 0], [33.735872576, 38.088025472, 0], [33.736012443, 38.087504121, 0], [33.736121627, 38.085104351, 0], [33.736205935, 38.0839378, 0], [33.736279973, 38.082778793, 0], [33.736385666, 38.080885461, 0], [33.736334256, 38.080718809, 0], [33.736016045, 38.080593567, 0], [33.735820152, 38.080467468, 0], [33.735571469, 38.0801212, 0], [33.734107562, 38.079692327, 0], [33.732116381, 38.079186704, 0], [33.732362379, 38.077521469, 0], [33.732531741, 38.076110642, 0], [33.73262645, 38.075340962, 0], [33.732666104, 38.075037224, 0], [33.732736888, 38.074433045, 0], [33.734109401, 38.074608846, 0], [33.734909026, 38.074704322, 0], [33.735253253, 38.074735781, 0], [33.735594415, 38.074733376, 0], [33.735765194, 38.074747265, 0], [33.735691577, 38.074334031, 0], [33.737222259, 38.074016174, 0], [33.739705316, 38.07345712, 0], [33.741401672, 38.073061032, 0], [33.742779792, 38.072704146, 0], [33.744429087, 38.072361747, 0], [33.746308901, 38.072039308, 0], [33.747519061, 38.071801477, 0], [33.748013266, 38.071734896, 0], [33.748201506, 38.071737572, 0], [33.748296092, 38.072356837, 0], [33.749169926, 38.072207275, 0], [33.750673328, 38.07191645, 0], [33.752136644, 38.071613968, 0], [33.753154098, 38.071417231, 0], [33.753655385, 38.071336073, 0], [33.75440025, 38.071217756, 0], [33.755078631, 38.071134554, 0], [33.754997998, 38.070826355, 0], [33.755323578, 38.070627013, 0], [33.755528027, 38.07064282, 0], [33.756282164, 38.070677348, 0], [33.756803814, 38.070702916, 0], [33.75742337, 38.070768851, 0], [33.758080959, 38.070821561, 0], [33.758405195, 38.070847945, 0], [33.758719061, 38.070862409, 0], [33.760118606, 38.07096204, 0], [33.760523275, 38.071002495, 0], [33.761266237, 38.071028504, 0], [33.761594506, 38.071071973, 0], [33.763447494, 38.071236478, 0], [33.764665815, 38.07131966, 0], [33.76566078, 38.071404285, 0], [33.766354092, 38.071455725, 0], [33.767018432, 38.07152348, 0], [33.767476011, 38.071543561, 0], [33.767847694, 38.071548523, 0], [33.768183704, 38.071585525, 0], [33.768556402, 38.071615619, 0], [33.768810511, 38.071588005, 0], [33.769077728, 38.071600224, 0], [33.769458244, 38.071658648, 0], [33.769490812, 38.071815046, 0], [33.770237279, 38.07186945, 0], [33.77124123, 38.071940091, 0], [33.772030299, 38.072022498, 0], [33.773900063, 38.072204299, 0], [33.775011303, 38.072338451, 0], [33.775835579, 38.072433305, 0], [33.776459281, 38.072479378, 0], [33.777353472, 38.072562136, 0], [33.777668098, 38.072594117, 0], [33.779382321, 38.072698464, 0], [33.781594478, 38.072947167, 0], [33.782655935, 38.073074367, 0], [33.786838498, 38.073553942, 0], [33.78797605, 38.073691669, 0], [33.787986004, 38.073839563, 0], [33.78989049, 38.074060165, 0], [33.791447184, 38.074233427, 0], [33.793802669, 38.074470031, 0], [33.79381631, 38.074514273, 0], [33.79452722, 38.074597597, 0], [33.794812678, 38.074608643, 0], [33.796406038, 38.074762488, 0], [33.799005163, 38.074948137, 0], [33.799968346, 38.075076209, 0], [33.800673775, 38.075129978, 0], [33.80065322, 38.074995133, 0], [33.802297714, 38.075137467, 0], [33.803974099, 38.075272441, 0], [33.804153631, 38.075294551, 0], [33.805441731, 38.075403685, 0], [33.805547879, 38.075403859, 0], [33.808523512, 38.075762069, 0], [33.81030032, 38.075989615, 0], [33.810270044, 38.076117239, 0], [33.810868419, 38.076214936, 0], [33.813261928, 38.076528922, 0], [33.813560332, 38.07655344, 0], [33.81388261, 38.076628252, 0], [33.814720435, 38.076723731, 0], [33.814786267, 38.076564411, 0], [33.814951317, 38.076577234, 0], [33.815421215, 38.07663588, 0], [33.815706229, 38.076665261, 0], [33.815978651, 38.076712029, 0], [33.816660496, 38.076798575, 0], [33.816760546, 38.076799862, 0], [33.817055742, 38.076823131, 0], [33.817492596, 38.076877674, 0], [33.817428319, 38.077049419, 0], [33.818124025, 38.077113783, 0], [33.818978764, 38.077215962, 0], [33.819852187, 38.077324042, 0], [33.819920971, 38.077160554, 0], [33.820141175, 38.077186861, 0], [33.820548249, 38.077234662, 0], [33.820749767, 38.077254611, 0], [33.820997727, 38.077299466, 0], [33.821155944, 38.077339901, 0], [33.821451324, 38.077379378, 0], [33.82179459, 38.077438253, 0], [33.823004603, 38.077520527, 0], [33.823101907, 38.077519935, 0], [33.824576404, 38.077602503, 0], [33.826720773, 38.077716477, 0], [33.829363699, 38.078101909, 0], [33.829980214, 38.078187126, 0], [33.830096413, 38.078435819, 0], [33.830758851, 38.078582522, 0], [33.831939209, 38.078775118, 0], [33.833128457, 38.079087664, 0], [33.833166355, 38.079046936, 0], [33.834011324, 38.079187462, 0], [33.834362827, 38.079200105, 0], [33.835264611, 38.079284621, 0], [33.835795483, 38.079336354, 0], [33.836703662, 38.079420813, 0], [33.837254522, 38.079543134, 0], [33.837876073, 38.079705407, 0], [33.838735967, 38.079924638, 0], [33.838951859, 38.079975451, 0], [33.838845306, 38.080121378, 0], [33.84048846, 38.082603057, 0], [33.841014144, 38.083414427, 0], [33.841375084, 38.083395353, 0], [33.841707476, 38.083428747, 0], [33.842329741, 38.084296998, 0], [33.842373552, 38.084739031, 0], [33.842486183, 38.085540738, 0], [33.842518724, 38.086073862, 0], [33.842570719, 38.086360308, 0], [33.842651116, 38.08660618, 0], [33.842687082, 38.087290123, 0], [33.84268868, 38.087683258, 0], [33.842669857, 38.08788668, 0], [33.842637302, 38.088630495, 0], [33.842605839, 38.088904113, 0], [33.842562054, 38.089185748, 0], [33.842457796, 38.089876282, 0], [33.84243599, 38.089967359, 0], [33.842383544, 38.090207245, 0], [33.842169435, 38.090945874, 0], [33.842085113, 38.091300878, 0], [33.841862966, 38.091281744, 0], [33.841473552, 38.091240199, 0], [33.841404237, 38.091600322, 0], [33.841976268, 38.091838078, 0], [33.841825992, 38.092223201, 0], [33.841674354, 38.092481368, 0], [33.840647379, 38.094396422, 0], [33.839871955, 38.095796948, 0], [33.839758621, 38.096017804, 0], [33.839650102, 38.09596091, 0], [33.839326534, 38.095783003, 0], [33.839285832, 38.095759955, 0], [33.839236238, 38.095872135, 0], [33.838964904, 38.096405176, 0], [33.839363329, 38.096673199, 0], [33.842242059, 38.098561476, 0], [33.841319173, 38.09961894, 0], [33.841367969, 38.099806378, 0], [33.841881188, 38.099691418, 0], [33.839785681, 38.102080698, 0], [33.839998814, 38.102607664, 0], [33.83923949, 38.102546229, 0], [33.839427884, 38.102958033, 0], [33.839595479, 38.103376654, 0], [33.841405639, 38.103050578, 0], [33.841497797, 38.103319975, 0], [33.841539219, 38.103462772, 0], [33.841588972, 38.103651284, 0], [33.841706415, 38.103976728, 0], [33.841798282, 38.104335425, 0], [33.841864081, 38.104512379, 0], [33.841939233, 38.104832268, 0], [33.841996439, 38.105129128, 0], [33.842057148, 38.105354146, 0], [33.842174089, 38.105684549, 0], [33.842261195, 38.105914874, 0], [33.842338061, 38.106187173, 0], [33.842339288, 38.106400543, 0], [33.842938533, 38.106475091, 0], [33.843123966, 38.106119091, 0], [33.843285706, 38.105788582, 0], [33.843328308, 38.105837296, 0], [33.843869739, 38.105988396, 0], [33.843962501, 38.106006743, 0], [33.844065428, 38.105788571, 0], [33.844484691, 38.105916036, 0], [33.844628783, 38.105948611, 0], [33.847726778, 38.106109675, 0], [33.847763543, 38.106238986, 0], [33.848078442, 38.106255096, 0], [33.848996504, 38.106326411, 0], [33.85161835, 38.106401332, 0], [33.852221366, 38.106451657, 0], [33.85232594, 38.106458287, 0], [33.85239857, 38.106435594, 0], [33.852723196, 38.106446845, 0], [33.852506061, 38.105843338, 0], [33.853805397, 38.102776325, 0], [33.854437997, 38.10182396, 0], [33.854690492, 38.101772834, 0], [33.854917361, 38.101669541, 0], [33.85577364, 38.101850735, 0], [33.85636092, 38.101901423, 0], [33.856862, 38.102004279, 0], [33.857127471, 38.10206569, 0], [33.857380626, 38.10212755, 0], [33.857752942, 38.102165022, 0], [33.858234119, 38.102141955, 0], [33.858132444, 38.102567652, 0], [33.857706064, 38.104502882, 0], [33.857314476, 38.106294313, 0], [33.85714316, 38.107095911, 0], [33.856886028, 38.107113826, 0], [33.856568444, 38.107125963, 0], [33.856151265, 38.108114345, 0], [33.856059145, 38.108280456, 0], [33.856540577, 38.108420761, 0], [33.856779572, 38.108484348, 0], [33.857058287, 38.108550348, 0], [33.85738672, 38.10862896, 0], [33.857592305, 38.108666657, 0], [33.857734879, 38.108689135, 0], [33.857814228, 38.108685942, 0], [33.857989295, 38.108663759, 0], [33.858114981, 38.108657615, 0], [33.858287184, 38.108672036, 0], [33.858495816, 38.108688804, 0], [33.858681403, 38.10871358, 0], [33.858764414, 38.108733968, 0], [33.85911248, 38.10879414, 0], [33.859201306, 38.108620391, 0], [33.859436158, 38.108667332, 0], [33.860164984, 38.108792297, 0], [33.860122497, 38.108971114, 0], [33.860146902, 38.10897481, 0], [33.860368919, 38.109001929, 0], [33.86072711, 38.109075088, 0], [33.861085073, 38.109136713, 0], [33.861202785, 38.10877181, 0], [33.862117928, 38.107062311, 0], [33.862422557, 38.10646031, 0], [33.862726679, 38.105815601, 0], [33.863057344, 38.105117081, 0], [33.863498568, 38.103599829, 0], [33.865729395, 38.104419806, 0], [33.86612841, 38.104582396, 0], [33.863399621, 38.107243931, 0], [33.863914103, 38.10732278, 0], [33.864070593, 38.107528519, 0], [33.864278833, 38.107919412, 0], [33.864369962, 38.108053905, 0], [33.864878242, 38.108028989, 0], [33.865040783, 38.108284874, 0], [33.865400106, 38.108669156, 0], [33.865592386, 38.108862374, 0], [33.865191531, 38.109095915, 0], [33.865353571, 38.109301162, 0], [33.865459891, 38.109447346, 0], [33.86807365, 38.107548575, 0], [33.868313804, 38.108011492, 0], [33.868680127, 38.108755246, 0], [33.868875889, 38.109170192, 0], [33.869035547, 38.10949899, 0], [33.869171361, 38.109569622, 0], [33.869352394, 38.109654156, 0], [33.870073337, 38.109952848, 0], [33.871015145, 38.110402361, 0], [33.871903813, 38.111326054, 0], [33.872813579, 38.111396523, 0], [33.87300607, 38.111478804, 0], [33.875503858, 38.112845642, 0], [33.875970642, 38.113124294, 0], [33.877296827, 38.113168375, 0], [33.875886689, 38.112458655, 0], [33.876320255, 38.111389976, 0], [33.877166778, 38.111496656, 0], [33.877967532, 38.109767435, 0], [33.880591669, 38.109777985, 0], [33.881247746, 38.109762704, 0], [33.88532302, 38.109575911, 0], [33.886183225, 38.109531131, 0], [33.887135408, 38.111040836, 0], [33.887406873, 38.111453016, 0], [33.887536111, 38.111942412, 0], [33.887433563, 38.112150797, 0], [33.888312237, 38.11372953, 0], [33.888610976, 38.114101042, 0], [33.890822916, 38.116964345, 0], [33.89121913, 38.117474599, 0], [33.891227951, 38.117550223, 0], [33.890811733, 38.117832626, 0], [33.891649481, 38.119058867, 0], [33.892979592, 38.121099907, 0], [33.894464761, 38.123128486, 0], [33.894896957, 38.123860931, 0], [33.896361176, 38.123582237, 0], [33.899883257, 38.12312063, 0], [33.901787781, 38.12308368, 0], [33.903598174, 38.123347935, 0], [33.904061541, 38.123503232, 0], [33.904804919, 38.123653487, 0], [33.906357072, 38.124060798, 0], [33.906742547, 38.124185237, 0], [33.907068527, 38.124245796, 0], [33.907637562, 38.124340611, 0], [33.908509537, 38.124473629, 0], [33.909107107, 38.124570469, 0], [33.909145443, 38.124414826, 0], [33.90916292, 38.124238619, 0], [33.909167864, 38.124166944, 0], [33.909233461, 38.124146072, 0], [33.912921804, 38.124703535, 0], [33.915478868, 38.12510129, 0], [33.916343915, 38.125280349, 0], [33.918918018, 38.125585806, 0], [33.919628739, 38.125603673, 0], [33.919657383, 38.125539652, 0], [33.919845479, 38.12526452, 0], [33.920003519, 38.125075858, 0], [33.92022453, 38.124859849, 0], [33.920418542, 38.124831477, 0], [33.921395897, 38.124843279, 0], [33.92330776, 38.124833857, 0], [33.925573945, 38.124654461, 0], [33.927144917, 38.12446366, 0], [33.929461756, 38.124110962, 0], [33.930193565, 38.123960276, 0], [33.930497804, 38.124582137, 0], [33.930782864, 38.125360126, 0], [33.931189403, 38.125331945, 0], [33.931598805, 38.125425385, 0], [33.931565211, 38.125476653, 0], [33.931511969, 38.125543845, 0], [33.932416234, 38.125637053, 0], [33.934082034, 38.125763218, 0], [33.934861381, 38.125828114, 0], [33.935409499, 38.125857812, 0], [33.935641708, 38.125859207, 0], [33.936678248, 38.125863112, 0], [33.939131422, 38.126033116, 0], [33.939371708, 38.126055344, 0], [33.939683283, 38.126060962, 0], [33.939968959, 38.126042547, 0], [33.940300585, 38.126019709, 0], [33.940443469, 38.126010456, 0], [33.941142894, 38.125961152, 0], [33.941548765, 38.125888337, 0], [33.941699467, 38.125872441, 0], [33.941843414, 38.125880028, 0], [33.942135817, 38.125938506, 0], [33.942124821, 38.126144402, 0], [33.943323779, 38.126494312, 0], [33.943997459, 38.126651997, 0], [33.944391472, 38.126761376, 0], [33.944618778, 38.126805503, 0], [33.945209842, 38.126910771, 0], [33.94767634, 38.1275978, 0], [33.948609952, 38.127781564, 0], [33.949788078, 38.127935141, 0], [33.951011087, 38.128030764, 0], [33.951451941, 38.12806531, 0], [33.952420055, 38.128209658, 0], [33.953793966, 38.12840522, 0], [33.954545507, 38.128513373, 0], [33.955427164, 38.128549008, 0], [33.957562175, 38.12861047, 0], [33.960140423, 38.128506978, 0], [33.962846347, 38.128239558, 0], [33.965594124, 38.12758697, 0], [33.970756852, 38.126565401, 0], [33.97402137, 38.125877078, 0], [33.97445641, 38.12581418, 0], [33.974664875, 38.123449278, 0], [33.974779746, 38.12147523, 0], [33.974906531, 38.118274981, 0], [33.97523744, 38.117692569, 0], [33.975838935, 38.117297407, 0], [33.975321823, 38.116610572, 0], [33.974930811, 38.115855827, 0], [33.97225026, 38.113748964, 0], [33.973514283, 38.112244684, 0], [33.974280016, 38.112539389, 0], [33.975266149, 38.110301751, 0], [33.975649799, 38.109451368, 0], [33.974474094, 38.109093303, 0], [33.974326507, 38.108604068, 0], [33.97585639, 38.108011706, 0], [33.976129781, 38.107351735, 0], [33.976386454, 38.107216783, 0], [33.976527519, 38.106975022, 0], [33.976647905, 38.106762627, 0], [33.976969354, 38.106745898, 0], [33.977132205, 38.106748869, 0], [33.977100871, 38.10659955, 0], [33.977061008, 38.106339559, 0], [33.97700913, 38.106137787, 0], [33.977512293, 38.105238827, 0], [33.978319422, 38.103824889, 0], [33.979690021, 38.101421005, 0], [33.979734823, 38.10135314, 0], [33.979790727, 38.101264458, 0], [33.980480235, 38.100028278, 0], [33.980763623, 38.10024812, 0], [33.98146154, 38.099487906, 0], [33.981410638, 38.099493197, 0], [33.980972944, 38.099120379, 0], [33.981562043, 38.098065157, 0], [33.982205558, 38.096910268, 0], [33.982634454, 38.096155989, 0], [33.982178528, 38.095867309, 0], [33.981881071, 38.095930438, 0], [33.981717381, 38.095588763, 0], [33.982098464, 38.095309576, 0], [33.982150771, 38.095268951, 0], [33.982336605, 38.095171162, 0], [33.982579298, 38.095035682, 0], [33.982755385, 38.094940497, 0], [33.983464164, 38.09455395, 0], [33.984713427, 38.093883264, 0], [33.984926271, 38.093170886, 0], [33.984569735, 38.093014021, 0], [33.984831196, 38.092021358, 0], [33.98490133, 38.091333243, 0], [33.985024768, 38.091092611, 0], [33.984378787, 38.091201288, 0], [33.984200991, 38.090768454, 0], [33.984450643, 38.090746449, 0], [33.984533441, 38.090693853, 0], [33.984904744, 38.09078878, 0], [33.985103585, 38.090897586, 0], [33.985373066, 38.09101472, 0], [33.986419092, 38.08894129, 0], [33.986658862, 38.089059122, 0], [33.987861202, 38.086860107, 0], [33.989776599, 38.083330571, 0], [33.990692919, 38.081639893, 0], [33.99113984, 38.080791988, 0], [33.991978134, 38.080832763, 0], [33.992472964, 38.080824891, 0], [33.992729366, 38.081061513, 0], [33.993152984, 38.08128717, 0], [33.993924243, 38.081848694, 0], [33.994135572, 38.081172355, 0], [33.994204479, 38.081129781, 0], [33.994302921, 38.081164451, 0], [33.99441335, 38.080876251, 0], [33.99550399, 38.080916037, 0], [33.99678857, 38.080953537, 0], [34.000022931, 38.081034281, 0], [34.002257972, 38.081738362, 0], [34.002957994, 38.081119833, 0], [34.00330745, 38.080766869, 0], [34.003614394, 38.080454366, 0], [34.004203988, 38.079414794, 0], [34.004809758, 38.079572353, 0], [34.004961193, 38.07931569, 0], [34.006443795, 38.079705878, 0], [34.006860177, 38.079805937, 0], [34.006705684, 38.080024241, 0], [34.007078921, 38.080104394, 0], [34.012047706, 38.080842321, 0], [34.012547636, 38.079813573, 0], [34.013494647, 38.080033564, 0], [34.013760889, 38.079289225, 0], [34.01653177, 38.079778009, 0], [34.023484836, 38.08183566, 0], [34.024194409, 38.080135171, 0], [34.026797101, 38.080692038, 0], [34.030239587, 38.080795722, 0], [34.031356521, 38.067944402, 0], [34.031638259, 38.067060939, 0], [34.031728028, 38.0654473, 0], [34.031885711, 38.063469115, 0], [34.032114812, 38.062533849, 0], [34.032289337, 38.062531596, 0], [34.03227518, 38.059911364, 0], [34.03215856, 38.057122806, 0], [34.032140257, 38.055786115, 0], [34.032098277, 38.05459723, 0], [34.032152907, 38.053481115, 0], [34.032259904, 38.052633965, 0], [34.032331395, 38.051969146, 0], [34.032440991, 38.051206945, 0], [34.032562816, 38.050378857, 0], [34.032870083, 38.049050208, 0], [34.033052659, 38.048111743, 0], [34.033339679, 38.047717518, 0], [34.034722691, 38.046662525, 0], [34.034829603, 38.046606527, 0], [34.035767614, 38.046053559, 0], [34.036949618, 38.045443555, 0], [34.037252683, 38.045269585, 0], [34.037477676, 38.045150548, 0], [34.038160625, 38.04477255, 0], [34.038707609, 38.044469549, 0], [34.039148686, 38.044233531, 0], [34.039851659, 38.043870575, 0], [34.040467607, 38.043547582, 0], [34.040660635, 38.043461531, 0], [34.041779607, 38.042832574, 0], [34.042201607, 38.042551569, 0], [34.043784693, 38.041691583, 0], [34.043829623, 38.041672531, 0], [34.04621163, 38.040364515, 0], [34.047014695, 38.039941514, 0], [34.047966685, 38.039445543, 0], [34.049656624, 38.038503518, 0], [34.05008464, 38.038272532, 0], [34.051517648, 38.037470551, 0], [34.052000673, 38.037236543, 0], [34.052306613, 38.037097561, 0], [34.05379065, 38.036220576, 0], [34.054114692, 38.035994561, 0], [34.054959694, 38.035193574, 0], [34.055489681, 38.03461951, 0], [34.056088644, 38.034046536, 0], [34.056307642, 38.033815513, 0], [34.056659623, 38.03351454, 0], [34.057056685, 38.033153509, 0], [34.057772694, 38.032449538, 0], [34.05811364, 38.032159563, 0], [34.058455622, 38.031876517, 0], [34.058821666, 38.031548559, 0], [34.059323636, 38.031094575, 0], [34.059740636, 38.030697582, 0], [34.061157672, 38.029613498, 0], [34.061676663, 38.029214496, 0], [34.061783674, 38.029129548, 0], [34.06277067, 38.02806852, 0], [34.062829705, 38.027940573, 0], [34.061891629, 38.028068533, 0], [34.061525663, 38.027696534, 0], [34.061492674, 38.027539502, 0], [34.061487668, 38.027485572, 0], [34.061416683, 38.026889512, 0], [34.061322682, 38.026267528, 0], [34.060175679, 38.026480531, 0], [34.059490676, 38.025130567, 0], [34.059058641, 38.025453534, 0], [34.058921632, 38.025314559, 0], [34.058894695, 38.025342555, 0], [34.058688668, 38.025545533, 0], [34.057912657, 38.026122547, 0], [34.057532686, 38.025924572, 0], [34.058194688, 38.023691574, 0], [34.058256696, 38.023456552, 0], [34.059064661, 38.023391518, 0], [34.054465675, 38.020100531, 0], [34.051404627, 38.019998545, 0], [34.051382661, 38.019631547, 0], [34.051316662, 38.019233494, 0], [34.050909701, 38.018674491, 0], [34.051465683, 38.017545501, 0], [34.051450642, 38.017084547, 0], [34.0511187, 38.017028493, 0], [34.05097469, 38.017107545, 0], [34.050204689, 38.018630509, 0], [34.049719687, 38.019343548, 0], [34.049244689, 38.020106505, 0], [34.048809704, 38.020823509, 0], [34.047901655, 38.022250552, 0], [34.047443695, 38.022952527, 0], [34.047423712, 38.022987487, 0], [34.04706364, 38.022844537, 0], [34.042543691, 38.020271537, 0], [34.03772663, 38.018137561, 0], [34.036267645, 38.017499479, 0], [34.035718712, 38.018311513, 0], [34.035455637, 38.018649487, 0], [34.035917659, 38.019237524, 0], [34.036411691, 38.01987655, 0], [34.036882648, 38.020397554, 0], [34.037679682, 38.021190512, 0], [34.038551624, 38.022217537, 0], [34.037422691, 38.022406549, 0], [34.036671715, 38.02112254, 0], [34.035798696, 38.021177541, 0], [34.03576166, 38.020962506, 0], [34.035640713, 38.020225488, 0], [34.035276676, 38.01966452, 0], [34.034868682, 38.018983552, 0], [34.034297623, 38.018216521, 0], [34.034179684, 38.018935548, 0], [34.032634694, 38.018875507, 0], [34.032542666, 38.019594485, 0], [34.029826688, 38.0194835, 0], [34.02975965, 38.019479491, 0], [34.029783698, 38.019969475, 0], [34.028837641, 38.020027497, 0], [34.027907713, 38.020157547, 0], [34.027754679, 38.020016512, 0], [34.025849634, 38.019798503, 0], [34.024853647, 38.019637513, 0], [34.023872681, 38.019502514, 0], [34.022199659, 38.019281524, 0], [34.022160695, 38.019986517, 0], [34.021330675, 38.019978501, 0], [34.019793694, 38.019968503, 0], [34.019734655, 38.0199655, 0], [34.019856713, 38.020570517, 0], [34.018524707, 38.020587559, 0], [34.016978692, 38.020373504, 0], [34.016417627, 38.020276532, 0], [34.014975688, 38.019263543, 0], [34.013703691, 38.018254478, 0], [34.012453636, 38.01829147, 0], [34.011395652, 38.018414473, 0], [34.008544651, 38.018995475, 0], [34.00726067, 38.018538543, 0], [34.00624871, 38.018146491, 0], [34.006041653, 38.018063469, 0], [34.005257696, 38.018764467, 0], [34.005142628, 38.018758512, 0], [34.00381966, 38.018616537, 0], [34.003373626, 38.018472474, 0], [34.004389679, 38.016955549, 0], [34.00239669, 38.016477494, 0], [34.002426654, 38.016394518, 0], [34.002397689, 38.016371517, 0], [34.000941698, 38.015120495, 0], [34.000883647, 38.015065481, 0], [33.999629638, 38.014095487, 0], [33.99762764, 38.012473486, 0], [33.994451719, 38.009861528, 0], [33.994388644, 38.009802499, 0], [33.99421667, 38.009657525, 0], [33.991235668, 38.007419497, 0], [33.991194659, 38.007380465, 0], [33.989776682, 38.006330465, 0], [33.989635693, 38.00619045, 0], [33.988817647, 38.00562153, 0], [33.98867964, 38.005535464, 0], [33.987319646, 38.004524505, 0], [33.985525704, 38.003165469, 0], [33.981943679, 38.000498446, 0], [33.979886728, 37.998966434, 0], [33.974549682, 37.995222469, 0], [33.971086681, 37.992655495, 0], [33.968485725, 37.990118447, 0], [33.968401738, 37.990094449, 0], [33.968319674, 37.990102423, 0], [33.968258649, 37.990103466, 0], [33.968135741, 37.990090421, 0], [33.967980674, 37.990038442, 0], [33.967827705, 37.989974461, 0], [33.967590713, 37.98986945, 0], [33.967273713, 37.989771495, 0], [33.967087671, 37.989720491, 0], [33.96696567, 37.989547491, 0], [33.965902666, 37.988789479, 0], [33.96575971, 37.988672428, 0], [33.964212693, 37.987429436, 0], [33.961085798, 37.985097205, 0], [33.961541763, 37.984556242, 0], [33.960469027, 37.984194383, 0], [33.9597188, 37.983555048, 0], [33.959738151, 37.983425852, 0], [33.961758228, 37.982997098, 0], [33.962549801, 37.982782379, 0], [33.962268314, 37.982172563, 0], [33.962251072, 37.982060247, 0], [33.964356978, 37.98177231, 0], [33.96676798, 37.981473537, 0], [33.969567405, 37.981117359, 0], [33.971675213, 37.980970838, 0], [33.971748098, 37.980944104, 0], [33.972370473, 37.98089706, 0], [33.973340103, 37.980823981, 0], [33.973661396, 37.980836911, 0], [33.974305275, 37.980861226, 0], [33.975027649, 37.980949315, 0], [33.97543103, 37.979949533, 0], [33.975728547, 37.980103046, 0], [33.975869686, 37.980118455, 0], [33.976007664, 37.9801575, 0], [33.976215744, 37.980172443, 0], [33.97668368, 37.980134497, 0], [33.976839683, 37.980187448, 0], [33.977076744, 37.980242429, 0], [33.977382686, 37.980287465, 0], [33.977684713, 37.98031343, 0], [33.977870701, 37.980340449, 0], [33.978023662, 37.980383422, 0], [33.978189659, 37.980453499, 0], [33.97826073, 37.980403437, 0], [33.978023747, 37.980170491, 0], [33.977646662, 37.979929427, 0], [33.977234687, 37.979726498, 0], [33.977473702, 37.979532487, 0], [33.977557686, 37.979422486, 0], [33.978120715, 37.979107466, 0], [33.978494733, 37.979188428, 0], [33.979834702, 37.979458418, 0], [33.980522682, 37.980984467, 0], [33.980955653, 37.982107503, 0], [33.981029695, 37.982132477, 0], [33.981392661, 37.982256504, 0], [33.981416735, 37.981730421, 0], [33.981461721, 37.981202451, 0], [33.981503729, 37.980542495, 0], [33.981451654, 37.979593439, 0], [33.982079706, 37.97945943, 0], [33.982457685, 37.979407434, 0], [33.983517669, 37.979275486, 0], [33.984067699, 37.979205466, 0], [33.985886726, 37.978927473, 0], [33.986722708, 37.978840446, 0], [33.986784663, 37.9788675, 0], [33.986990692, 37.978757459, 0], [33.987994686, 37.978582507, 0], [33.988815692, 37.97842945, 0], [33.989367722, 37.978306493, 0], [33.989781716, 37.978224435, 0], [33.990592696, 37.978066493, 0], [33.99173272, 37.977905503, 0], [33.991972704, 37.97786347, 0], [33.992166722, 37.977831467, 0], [33.992393696, 37.977820451, 0], [33.9928027, 37.977828444, 0], [33.993007745, 37.977827434, 0], [33.993234693, 37.977807496, 0], [33.993395674, 37.97777649, 0], [33.99366068, 37.97805143, 0], [33.993958687, 37.978350511, 0], [33.994323675, 37.978742469, 0], [33.994519733, 37.976718471, 0], [33.994525745, 37.976593438, 0], [33.99457073, 37.976239466, 0], [33.995602695, 37.976262455, 0], [33.996774732, 37.976305424, 0], [33.997395744, 37.976321426, 0], [33.997610688, 37.976358441, 0], [33.998133718, 37.976453485, 0], [33.998482721, 37.976475484, 0], [33.998911713, 37.97655249, 0], [33.999056694, 37.976567479, 0], [33.999148663, 37.976550478, 0], [33.999495735, 37.976478505, 0], [33.999977747, 37.976456477, 0], [34.000017664, 37.976374497, 0], [33.999616726, 37.974648423, 0], [34.000630677, 37.974867511, 0], [34.001077739, 37.975010496, 0], [34.001622686, 37.975226447, 0], [34.001775666, 37.975277498, 0], [34.001959657, 37.975337476, 0], [34.002368694, 37.97552151, 0], [34.002739718, 37.975685502, 0], [34.002979662, 37.975779514, 0], [34.003203662, 37.975895468, 0], [34.003392732, 37.975983515, 0], [34.003635742, 37.976116426, 0], [34.004232718, 37.976442486, 0], [34.003795731, 37.977426432, 0], [34.004062705, 37.977505433, 0], [34.00415668, 37.977518507, 0], [34.004733703, 37.977688484, 0], [34.005488714, 37.97783549, 0], [34.005715686, 37.977879505, 0], [34.005805707, 37.977912437, 0], [34.006486722, 37.976896479, 0], [34.007300702, 37.975869466, 0], [34.007440678, 37.975614428, 0], [34.00758374, 37.975468486, 0], [34.007619667, 37.975294446, 0], [34.007544672, 37.974801466, 0], [34.007489675, 37.97441149, 0], [34.007459678, 37.973913439, 0], [34.008700703, 37.974396516, 0], [34.00954874, 37.974770497, 0], [34.010044702, 37.974986468, 0], [34.010383731, 37.975130436, 0], [34.010899676, 37.975365516, 0], [34.01175967, 37.97573343, 0], [34.011889684, 37.9752805, 0], [34.013383678, 37.975475433, 0], [34.014550737, 37.975368505, 0], [34.014759705, 37.97533246, 0], [34.015424689, 37.975194441, 0], [34.018473716, 37.974625439, 0], [34.018339743, 37.974333472, 0], [34.018292716, 37.974191505, 0], [34.018843691, 37.974249451, 0], [34.020410689, 37.974014468, 0], [34.020130722, 37.972854478, 0], [34.020680698, 37.972576494, 0], [34.02105772, 37.972385433, 0], [34.021300733, 37.972293484, 0], [34.021504684, 37.972221517, 0], [34.021914669, 37.972092433, 0], [34.022508668, 37.972491505, 0], [34.022613668, 37.972981511, 0], [34.023755687, 37.972961485, 0], [34.024538663, 37.972723447, 0], [34.02465273, 37.972797515, 0], [34.025629678, 37.97260752, 0], [34.026168662, 37.972728522, 0], [34.02617467, 37.97272847, 0], [34.026478676, 37.972142446, 0], [34.026523692, 37.971943451, 0], [34.026625721, 37.971847495, 0], [34.0267837, 37.971744472, 0], [34.026910699, 37.971850504, 0], [34.027030686, 37.971884509, 0], [34.027145661, 37.971875486, 0], [34.027229693, 37.971835464, 0], [34.027249697, 37.971822494, 0], [34.027347701, 37.971727473, 0], [34.027401672, 37.971652481, 0], [34.027539679, 37.971524491, 0], [34.027593713, 37.971494463, 0], [34.027650749, 37.971484503, 0], [34.027728727, 37.971488507, 0], [34.027789671, 37.971516449, 0], [34.02784466, 37.97154147, 0], [34.027880712, 37.971568458, 0], [34.027995732, 37.971643506, 0], [34.02809572, 37.971697509, 0], [34.028226689, 37.971751512, 0], [34.0283567, 37.97177047, 0], [34.028450739, 37.971761448, 0], [34.028518678, 37.971725441, 0], [34.028593663, 37.971649453, 0], [34.028631718, 37.971584511, 0], [34.028706674, 37.971506452, 0], [34.028741716, 37.971474517, 0], [34.028751687, 37.971462445, 0], [34.02894467, 37.971264498, 0], [34.029142725, 37.971369455, 0], [34.029193726, 37.971384508, 0], [34.029302695, 37.97142951, 0], [34.02951067, 37.971135464, 0], [34.03011071, 37.970271464, 0], [34.030342705, 37.97036648, 0], [34.030714737, 37.970566509, 0], [34.031251734, 37.970767434, 0], [34.032110693, 37.971071501, 0], [34.032330666, 37.970857452, 0], [34.032778667, 37.970267445, 0], [34.033484709, 37.969407453, 0], [34.034209747, 37.968517463, 0], [34.034752673, 37.96799744, 0], [34.035123695, 37.967657435, 0], [34.035616749, 37.967203447, 0], [34.035836667, 37.967354518, 0], [34.036033715, 37.967501464, 0], [34.036461689, 37.967727474, 0], [34.03659375, 37.967792451, 0], [34.036730718, 37.967852519, 0], [34.037078704, 37.967964522, 0], [34.037401696, 37.968061516, 0], [34.037540753, 37.968116518, 0], [34.037793718, 37.968160513, 0], [34.037967726, 37.968197455, 0], [34.038241673, 37.968251446, 0], [34.038681716, 37.968320461, 0], [34.039010711, 37.968383516, 0], [34.03938467, 37.967154448, 0], [34.040275715, 37.967291468, 0], [34.041575752, 37.967545519, 0], [34.043676692, 37.968099456, 0], [34.044665693, 37.968317484, 0], [34.04496069, 37.968392449, 0], [34.04557369, 37.96858245, 0], [34.045635668, 37.968603526, 0], [34.047260675, 37.964648477, 0], [34.049516709, 37.965153442, 0], [34.049793729, 37.965212515, 0], [34.050040734, 37.965253473, 0], [34.050510673, 37.965319473, 0], [34.050948664, 37.96539648, 0], [34.051408727, 37.965454455, 0], [34.051470706, 37.965495441, 0], [34.051499694, 37.965645485, 0], [34.051508739, 37.965779488, 0], [34.051523724, 37.96584946, 0], [34.051572739, 37.965909485, 0], [34.051653698, 37.965938498, 0], [34.051777661, 37.965915493, 0], [34.052040681, 37.965861508, 0], [34.052271692, 37.965827453, 0], [34.052813714, 37.965747452, 0], [34.05269772, 37.963915475, 0], [34.053060704, 37.963874471, 0], [34.053581683, 37.963886476, 0], [34.05414868, 37.963860492, 0], [34.054381691, 37.963835516, 0], [34.054800714, 37.963761474, 0], [34.05549373, 37.963679476, 0], [34.056285711, 37.963566488, 0], [34.056679681, 37.963493475, 0], [34.057417702, 37.96340151, 0], [34.057912691, 37.963316502, 0], [34.058074716, 37.963303511, 0], [34.058353736, 37.963266489, 0], [34.059466708, 37.963052462, 0], [34.061519736, 37.962136461, 0], [34.062500671, 37.96193351, 0], [34.063280678, 37.961851491, 0], [34.063578739, 37.961820502, 0], [34.064276702, 37.96169948, 0], [34.063970665, 37.960533524, 0], [34.063855734, 37.96008852, 0], [34.064334722, 37.959937489, 0], [34.064484673, 37.95990153, 0], [34.065019727, 37.959804505, 0], [34.065576665, 37.959682499, 0], [34.067693749, 37.95915049, 0], [34.067843708, 37.959426487, 0], [34.090893784, 37.949726906, 0], [34.091143887, 37.949624025, 0], [34.095574939, 37.947752628, 0], [34.101676134, 37.945122754, 0], [34.101932537, 37.945016456, 0], [34.104048857, 37.942760723, 0], [34.101747469, 37.938969748, 0], [34.101717237, 37.937585763, 0], [34.101788059, 37.937206819, 0], [34.10258858, 37.933367486, 0], [34.102564106, 37.933123608, 0], [34.101773943, 37.929226183, 0], [34.100354459, 37.924337567, 0], [34.100092153, 37.922115922, 0], [34.099415115, 37.917689369, 0], [34.099166824, 37.916405636, 0], [34.098868998, 37.915001346, 0], [34.10059092, 37.913290823, 0], [34.10402322, 37.909113153, 0], [34.110816392, 37.900531288, 0], [34.113764977, 37.896955599, 0], [34.114450991, 37.895920316, 0], [34.115847317, 37.893561964, 0], [34.120331845, 37.888704497, 0], [34.121554263, 37.886858387, 0], [34.122322158, 37.884768525, 0], [34.121484502, 37.88356335, 0], [34.12279615, 37.882864656, 0], [34.123111385, 37.88296843, 0], [34.12316548, 37.88292457, 0], [34.123165052, 37.88289637, 0], [34.123282081, 37.882834969, 0], [34.123383088, 37.882749662, 0], [34.123493648, 37.88262047, 0], [34.123584558, 37.882543369, 0], [34.123703653, 37.882500691, 0], [34.124497842, 37.882368935, 0], [34.125228135, 37.88238881, 0], [34.127109462, 37.882600775, 0], [34.127901435, 37.882643742, 0], [34.128242109, 37.882595242, 0], [34.128620132, 37.882628563, 0], [34.129174538, 37.882625229, 0], [34.129799516, 37.882607248, 0], [34.130117127, 37.882589872, 0], [34.130887858, 37.882519033, 0], [34.131274952, 37.882225879, 0], [34.131396647, 37.882230927, 0], [34.131595012, 37.882301199, 0], [34.13185883, 37.88245131, 0], [34.132012593, 37.882505249, 0], [34.132265028, 37.882560943, 0], [34.132779904, 37.88254806, 0], [34.133506337, 37.882505564, 0], [34.134213055, 37.882333134, 0], [34.134593769, 37.882113921, 0], [34.134959463, 37.881973248, 0], [34.135302655, 37.881783861, 0], [34.136402336, 37.88149508, 0], [34.137155413, 37.881271362, 0], [34.137455169, 37.881203136, 0], [34.137594355, 37.881174939, 0], [34.138452055, 37.881327945, 0], [34.13883705, 37.881442717, 0], [34.139079058, 37.881551932, 0], [34.139585039, 37.881783845, 0], [34.140112022, 37.882118819, 0], [34.140275525, 37.882238524, 0], [34.140430001, 37.882429594, 0], [34.140617515, 37.882586101, 0], [34.140799116, 37.882669316, 0], [34.14100438, 37.882705984, 0], [34.141246168, 37.882587758, 0], [34.14158552, 37.88247246, 0], [34.142363932, 37.88238381, 0], [34.14253812, 37.88230877, 0], [34.143543422, 37.882078869, 0], [34.14390902, 37.882090726, 0], [34.144176552, 37.882061093, 0], [34.145228651, 37.882019955, 0], [34.145505754, 37.881978691, 0], [34.146653018, 37.881991492, 0], [34.147043151, 37.881940744, 0], [34.147232929, 37.881916006, 0], [34.147702554, 37.88186385, 0], [34.149892527, 37.879452933, 0], [34.149954525, 37.879466204, 0], [34.150388334, 37.879572081, 0], [34.151365469, 37.879650927, 0], [34.152449699, 37.87968249, 0], [34.152825934, 37.879679617, 0], [34.152944357, 37.879318556, 0], [34.153162448, 37.878536425, 0], [34.153238183, 37.878342306, 0], [34.153377663, 37.877972929, 0], [34.153494863, 37.877581873, 0], [34.153875674, 37.877392244, 0], [34.154081784, 37.877363461, 0], [34.155432641, 37.877142957, 0], [34.155717677, 37.877094923, 0], [34.156499813, 37.876961358, 0], [34.158689959, 37.876582085, 0], [34.161543816, 37.876107376, 0], [34.164966625, 37.875517034, 0], [34.167896318, 37.875010963, 0], [34.170266046, 37.874599867, 0], [34.171144347, 37.87444993, 0], [34.172594335, 37.874202382, 0], [34.173873179, 37.873982744, 0], [34.174783111, 37.873835889, 0], [34.174968651, 37.873806014, 0], [34.175445778, 37.87366996, 0], [34.177225199, 37.873622805, 0], [34.177316232, 37.873604773, 0], [34.177553775, 37.873537608, 0], [34.178355483, 37.873348645, 0], [34.178395386, 37.873346264, 0], [34.178685788, 37.873277936, 0], [34.178994219, 37.873211411, 0], [34.179382662, 37.873147236, 0], [34.179686826, 37.873054259, 0], [34.179719638, 37.873048253, 0], [34.179878898, 37.873046206, 0], [34.180044461, 37.872998501, 0], [34.180110073, 37.872985588, 0], [34.180252918, 37.87288909, 0], [34.180326962, 37.873081544, 0], [34.180680358, 37.873999648, 0], [34.181004837, 37.874797293, 0], [34.18103838, 37.874813446, 0], [34.183930498, 37.875477525, 0], [34.184546403, 37.875623796, 0], [34.18464971, 37.875622756, 0], [34.184900723, 37.874909802, 0], [34.185453706, 37.874915228, 0], [34.185632599, 37.875453457, 0], [34.186917451, 37.875153599, 0], [34.187368599, 37.875052993, 0], [34.18784035, 37.874577318, 0], [34.188055976, 37.874365997, 0], [34.188815461, 37.874660379, 0], [34.189782321, 37.874352798, 0], [34.190314074, 37.87440257, 0], [34.190579981, 37.874315719, 0], [34.191654896, 37.873988466, 0], [34.191828861, 37.873915609, 0], [34.193922277, 37.873206677, 0], [34.194304058, 37.873224341, 0], [34.195722301, 37.873316275, 0], [34.198945068, 37.873516974, 0], [34.202331348, 37.873716726, 0], [34.203400692, 37.873736618, 0], [34.20389926, 37.873774953, 0], [34.20390066, 37.873728442, 0], [34.204106173, 37.872207626, 0], [34.202586355, 37.872112595, 0], [34.20241412, 37.871333461, 0], [34.204797069, 37.871316128, 0], [34.20649371, 37.871774264, 0], [34.206583988, 37.873222398, 0], [34.206610653, 37.874270825, 0], [34.206827701, 37.874322486, 0], [34.207061894, 37.874356038, 0], [34.20729052, 37.874370274, 0], [34.207581706, 37.87436864, 0], [34.207797625, 37.874345339, 0], [34.20807648, 37.87429481, 0], [34.208560177, 37.87416279, 0], [34.20910866, 37.873990725, 0], [34.209954455, 37.873710354, 0], [34.211346274, 37.87338363, 0], [34.213118867, 37.873042334, 0], [34.213807868, 37.872955755, 0], [34.21428612, 37.872870175, 0], [34.214772021, 37.872799472, 0], [34.215090576, 37.872723556, 0], [34.215328017, 37.872698127, 0], [34.215776507, 37.872593114, 0], [34.216180377, 37.872482973, 0], [34.216440203, 37.872450553, 0], [34.216720782, 37.872403049, 0], [34.217146138, 37.872316832, 0], [34.217503819, 37.872265826, 0], [34.21771531, 37.872196236, 0], [34.217927242, 37.872153405, 0], [34.218156883, 37.872092908, 0], [34.218405796, 37.871967242, 0], [34.219063329, 37.871804094, 0], [34.219233379, 37.871785753, 0], [34.219564153, 37.871735019, 0], [34.220002326, 37.871675963, 0], [34.220064259, 37.871673609, 0], [34.22059485, 37.871527988, 0], [34.22117446, 37.871478094, 0], [34.221718205, 37.871334405, 0], [34.2223657, 37.871080873, 0], [34.223095405, 37.870849551, 0], [34.223302158, 37.870749093, 0], [34.223377299, 37.870666763, 0], [34.223638931, 37.870534376, 0], [34.224450011, 37.870122251, 0], [34.224589323, 37.870093678, 0], [34.22475006, 37.870079391, 0], [34.225540749, 37.870066928, 0], [34.226246525, 37.870090036, 0], [34.226648502, 37.870116306, 0], [34.227177584, 37.87001113, 0], [34.22816878, 37.869771104, 0], [34.229799991, 37.869383094, 0], [34.229846315, 37.869378105, 0], [34.230627634, 37.869214321, 0], [34.231434812, 37.868841296, 0], [34.233751911, 37.867809699, 0], [34.237215877, 37.867866793, 0], [34.237107155, 37.866253617, 0], [34.236498813, 37.865366388, 0], [34.23826569, 37.862522784, 0], [34.239834302, 37.860397434, 0], [34.243383998, 37.85903854, 0], [34.243945265, 37.858885732, 0], [34.244631419, 37.858695648, 0], [34.245680307, 37.85840936, 0], [34.246357465, 37.858670902, 0], [34.249750728, 37.860022806, 0], [34.253974518, 37.861598612, 0], [34.254654179, 37.858736423, 0], [34.255150732, 37.856477033, 0], [34.255630861, 37.85449995, 0], [34.256501173, 37.852158892, 0], [34.256560858, 37.85203066, 0], [34.257095544, 37.850521469, 0], [34.257322597, 37.849850789, 0], [34.258113651, 37.849729612, 0], [34.259245057, 37.849511257, 0], [34.259671205, 37.849443712, 0], [34.259845789, 37.849425534, 0], [34.26028296, 37.8493339, 0], [34.260873889, 37.849190066, 0], [34.261227807, 37.849119144, 0], [34.261568541, 37.849039081, 0], [34.261681228, 37.84900228, 0], [34.262281428, 37.848830856, 0], [34.262939279, 37.848643673, 0], [34.263356377, 37.848529625, 0], [34.263580465, 37.848463242, 0], [34.263810442, 37.848379495, 0], [34.263909562, 37.848349686, 0], [34.263984764, 37.848335273, 0], [34.264153008, 37.848291836, 0], [34.264365731, 37.848240622, 0], [34.264638314, 37.848215077, 0], [34.264740802, 37.848195865, 0], [34.26488974, 37.848158041, 0], [34.265295151, 37.848024107, 0], [34.265441997, 37.847989999, 0], [34.265598108, 37.847966155, 0], [34.265809284, 37.847906755, 0], [34.266780416, 37.847532178, 0], [34.267737351, 37.847232176, 0], [34.268486225, 37.846954683, 0], [34.269068757, 37.846782333, 0], [34.269297033, 37.84673671, 0], [34.270977374, 37.846206581, 0], [34.271570157, 37.846020593, 0], [34.271555207, 37.845919561, 0], [34.273033679, 37.844895708, 0], [34.273120948, 37.84484205, 0], [34.273890695, 37.845181279, 0], [34.274474553, 37.845490436, 0], [34.274825665, 37.845846264, 0], [34.274960763, 37.845838043, 0], [34.275016212, 37.845852401, 0], [34.275098203, 37.845851513, 0], [34.275189529, 37.845843045, 0], [34.275272682, 37.845817094, 0], [34.275386941, 37.845763412, 0], [34.27552702, 37.845658089, 0], [34.275675064, 37.845552678, 0], [34.275807108, 37.845410767, 0], [34.276157514, 37.845154212, 0], [34.276478453, 37.844960872, 0], [34.276944185, 37.844783622, 0], [34.277329731, 37.844668516, 0], [34.277682632, 37.844529973, 0], [34.277971136, 37.84440168, 0], [34.2785403, 37.844222851, 0], [34.278765937, 37.844166335, 0], [34.2794125, 37.843954492, 0], [34.279405112, 37.843722179, 0], [34.279398908, 37.843422722, 0], [34.279397117, 37.843335334, 0], [34.279810396, 37.843215052, 0], [34.280235317, 37.843090587, 0], [34.280664259, 37.842965717, 0], [34.281055231, 37.842850899, 0], [34.281413875, 37.842741839, 0], [34.281971975, 37.842585642, 0], [34.282262195, 37.842492372, 0], [34.28416707, 37.841875358, 0], [34.28559381, 37.841249387, 0], [34.287402624, 37.840355291, 0], [34.28794082, 37.840090971, 0], [34.291626004, 37.83886999, 0], [34.29153647, 37.837266297, 0], [34.291637626, 37.835925254, 0], [34.291575314, 37.835817986, 0], [34.291620295, 37.835570862, 0], [34.291758366, 37.835223776, 0], [34.29186051, 37.835084247, 0], [34.291958691, 37.835029104, 0], [34.292078472, 37.834955252, 0], [34.292515837, 37.834779874, 0], [34.292666667, 37.83469712, 0], [34.293198604, 37.834507095, 0], [34.293671831, 37.834351955, 0], [34.293750866, 37.834311348, 0], [34.294016433, 37.834257879, 0], [34.293716617, 37.833525336, 0], [34.293588209, 37.83321767, 0], [34.294058424, 37.83307833, 0], [34.294454992, 37.832966201, 0], [34.295154772, 37.832821089, 0], [34.295376316, 37.832758279, 0], [34.295128492, 37.832480943, 0], [34.294898117, 37.832269015, 0], [34.294790818, 37.832193512, 0], [34.294676015, 37.832144312, 0], [34.294588936, 37.83213734, 0], [34.294533673, 37.832004585, 0], [34.294614106, 37.831856461, 0], [34.294833932, 37.831475673, 0], [34.295045256, 37.831166165, 0], [34.295066627, 37.831128985, 0], [34.295101727, 37.830928465, 0], [34.294974198, 37.830397768, 0], [34.295078043, 37.829868402, 0], [34.295099771, 37.829642708, 0], [34.295158528, 37.829476891, 0], [34.295208741, 37.829283323, 0], [34.295237746, 37.829109453, 0], [34.295215802, 37.829006518, 0], [34.295167245, 37.828914239, 0], [34.295061592, 37.828755726, 0], [34.294972627, 37.828667405, 0], [34.294867552, 37.828568719, 0], [34.294711348, 37.828445003, 0], [34.294616611, 37.828353412, 0], [34.294551149, 37.828280241, 0], [34.294490822, 37.8281953, 0], [34.294465273, 37.828148813, 0], [34.294438539, 37.828050527, 0], [34.29443862, 37.82799619, 0], [34.294467472, 37.827893868, 0], [34.294490993, 37.827835038, 0], [34.294538076, 37.827784059, 0], [34.29457883, 37.827730176, 0], [34.294580187, 37.827673752, 0], [34.294613568, 37.827648335, 0], [34.294825069, 37.827429926, 0], [34.294899837, 37.827386843, 0], [34.295006908, 37.827288887, 0], [34.295140342, 37.827150002, 0], [34.295216073, 37.827060231, 0], [34.295290154, 37.826967234, 0], [34.295315182, 37.826914244, 0], [34.295344563, 37.826831561, 0], [34.295342824, 37.826732098, 0], [34.295319497, 37.826630441, 0], [34.295276007, 37.826495574, 0], [34.295257495, 37.826379986, 0], [34.295296753, 37.826224475, 0], [34.295386855, 37.826179691, 0], [34.295848398, 37.826120457, 0], [34.296391928, 37.826050768, 0], [34.296898884, 37.825984633, 0], [34.297444482, 37.825888694, 0], [34.297902746, 37.825802996, 0], [34.298510849, 37.825713122, 0], [34.299054121, 37.825618372, 0], [34.299658891, 37.82557899, 0], [34.299706962, 37.824724578, 0], [34.299720736, 37.824484283, 0], [34.299752804, 37.824288031, 0], [34.299790033, 37.823883927, 0], [34.298819692, 37.823800647, 0], [34.29970688, 37.822326664, 0], [34.299733329, 37.822296185, 0], [34.300520456, 37.822714167, 0], [34.300474843, 37.822549499, 0], [34.299948348, 37.8217673, 0], [34.300628418, 37.820649817, 0], [34.301423028, 37.819365803, 0], [34.302153796, 37.818150253, 0], [34.303244372, 37.816390597, 0], [34.304391011, 37.814535065, 0], [34.30558521, 37.812601229, 0], [34.306405838, 37.811272288, 0], [34.307310604, 37.80979715, 0], [34.307909097, 37.808825427, 0], [34.30867346, 37.807593063, 0], [34.309722273, 37.805877965, 0], [34.310605503, 37.804452962, 0], [34.311644022, 37.802790946, 0], [34.312668011, 37.801146654, 0], [34.313520898, 37.799791622, 0], [34.314049276, 37.798947254, 0], [34.316114259, 37.795686543, 0], [34.320149946, 37.789180756, 0], [34.322321818, 37.785715449, 0], [34.324545701, 37.781964497, 0], [34.325696306, 37.780200623, 0], [34.326030896, 37.77965151, 0], [34.32623122, 37.779307557, 0], [34.326819442, 37.778369734, 0], [34.330717923, 37.771593353, 0], [34.33723393, 37.766428527, 0], [34.341851177, 37.762754411, 0], [34.34580324, 37.759602154, 0], [34.348806397, 37.757199987, 0], [34.352540138, 37.754257979, 0], [34.353662594, 37.753371471, 0], [34.354780627, 37.752505637, 0], [34.355738473, 37.75174193, 0], [34.36147253, 37.747242932, 0], [34.362764269, 37.746253999, 0], [34.363863209, 37.745399745, 0], [34.369604924, 37.740917207, 0], [34.373297035, 37.737998369, 0], [34.374643699, 37.738078728, 0], [34.375324266, 37.738211451, 0], [34.375312761, 37.738085341, 0], [34.375477953, 37.738141805, 0], [34.375916051, 37.7382496, 0], [34.376662839, 37.738349823, 0], [34.37689819, 37.737823622, 0], [34.377613289, 37.736840271, 0], [34.377987832, 37.736266124, 0], [34.378112978, 37.736196898, 0], [34.378291123, 37.735972963, 0], [34.378324069, 37.735897516, 0], [34.378553343, 37.735579538, 0], [34.378634144, 37.735440453, 0], [34.378992051, 37.735054919, 0], [34.379212529, 37.734787685, 0], [34.379447043, 37.734485233, 0], [34.3796454, 37.734216274, 0], [34.379708033, 37.734091729, 0], [34.379926904, 37.733894528, 0], [34.380181128, 37.73362077, 0], [34.380709391, 37.733036884, 0], [34.381274556, 37.732354524, 0], [34.381580871, 37.731963729, 0], [34.381996131, 37.731418288, 0], [34.382382683, 37.730859125, 0], [34.382452127, 37.730779194, 0], [34.382517421, 37.730773021, 0], [34.382994388, 37.729873349, 0], [34.383858531, 37.7282186, 0], [34.383883094, 37.72817587, 0], [34.385983747, 37.728962453, 0], [34.386272433, 37.728566717, 0], [34.38689013, 37.727594908, 0], [34.387394258, 37.726886023, 0], [34.387787037, 37.726322985, 0], [34.388181621, 37.725706578, 0], [34.38859383, 37.725884107, 0], [34.389003504, 37.726076081, 0], [34.389786978, 37.724955694, 0], [34.390007682, 37.724659151, 0], [34.390119681, 37.72460908, 0], [34.390354866, 37.724521693, 0], [34.390436629, 37.724465851, 0], [34.390547371, 37.724358575, 0], [34.39082965, 37.723947675, 0], [34.39101307, 37.723804217, 0], [34.3912126, 37.723521618, 0], [34.391496012, 37.72315666, 0], [34.391866603, 37.722885557, 0], [34.393503909, 37.721577903, 0], [34.394625405, 37.72069219, 0], [34.395052814, 37.719810177, 0], [34.395419746, 37.719046382, 0], [34.395564164, 37.718854809, 0], [34.396297006, 37.71697012, 0], [34.396622201, 37.716107423, 0], [34.397610714, 37.713936027, 0], [34.39555373, 37.713316465, 0], [34.39592614, 37.712661998, 0], [34.395591049, 37.712532962, 0], [34.395166361, 37.712350378, 0], [34.394884813, 37.712167992, 0], [34.396722111, 37.711093836, 0], [34.396996296, 37.710330955, 0], [34.396677377, 37.710440073, 0], [34.396633323, 37.710345798, 0], [34.396581624, 37.709231111, 0], [34.396348567, 37.709169713, 0], [34.395628913, 37.708910786, 0], [34.395313323, 37.708828015, 0], [34.395060844, 37.70869854, 0], [34.394792637, 37.709267068, 0], [34.393670412, 37.708391578, 0], [34.394419616, 37.707746988, 0], [34.394063105, 37.707182335, 0], [34.393886265, 37.706940496, 0], [34.393791086, 37.706848266, 0], [34.393132653, 37.706594908, 0], [34.392470525, 37.707543667, 0], [34.389949419, 37.709233617, 0], [34.389585007, 37.709091033, 0], [34.389262938, 37.708926502, 0], [34.388963663, 37.708835412, 0], [34.388333268, 37.708600799, 0], [34.388279869, 37.708546551, 0], [34.388668156, 37.707923548, 0], [34.38949412, 37.706903944, 0], [34.38980247, 37.706715042, 0], [34.389942539, 37.706571556, 0], [34.39006358, 37.706295832, 0], [34.390167275, 37.706113126, 0], [34.390386766, 37.705879764, 0], [34.390485717, 37.705823719, 0], [34.390617398, 37.705737102, 0], [34.390836056, 37.705339206, 0], [34.390746957, 37.705281685, 0], [34.389719771, 37.704580751, 0], [34.389457483, 37.704430654, 0], [34.38953039, 37.704382577, 0], [34.389950756, 37.704201725, 0], [34.39002843, 37.704153501, 0], [34.389323916, 37.703393971, 0], [34.388494703, 37.702452529, 0], [34.388141155, 37.702002804, 0], [34.387703288, 37.701495408, 0], [34.387144196, 37.700872202, 0], [34.38719102, 37.70083002, 0], [34.387915193, 37.700609737, 0], [34.388020507, 37.700513971, 0], [34.387899801, 37.700165491, 0], [34.387650229, 37.699035645, 0], [34.387524547, 37.698038604, 0], [34.387611659, 37.697990181, 0], [34.388181262, 37.697773608, 0], [34.388265826, 37.69771395, 0], [34.388195013, 37.697487794, 0], [34.38812693, 37.697412993, 0], [34.387534893, 37.696807207, 0], [34.386996971, 37.696038131, 0], [34.386761481, 37.695662705, 0], [34.386349452, 37.694752203, 0], [34.38627947, 37.694575237, 0], [34.386033059, 37.69386896, 0], [34.386089525, 37.693832432, 0], [34.386351783, 37.693727163, 0], [34.386520954, 37.693484938, 0], [34.386581977, 37.693437002, 0], [34.388083986, 37.692942732, 0], [34.388589979, 37.69276277, 0], [34.38875051, 37.692694648, 0], [34.388976749, 37.692569162, 0], [34.388885587, 37.692530497, 0], [34.388035353, 37.692245485, 0], [34.387366774, 37.692001764, 0], [34.386587215, 37.691674279, 0], [34.386150568, 37.691484683, 0], [34.386019978, 37.690347665, 0], [34.385954209, 37.689115448, 0], [34.385949915, 37.688884724, 0], [34.386404836, 37.687756051, 0], [34.386703571, 37.687185109, 0], [34.387033786, 37.686004915, 0], [34.386955403, 37.685953933, 0], [34.386995623, 37.685939222, 0], [34.385313428, 37.68429104, 0], [34.380583118, 37.679565485, 0], [34.379520999, 37.678488559, 0], [34.378041657, 37.676920076, 0], [34.37794289, 37.676984579, 0], [34.37777802, 37.677013989, 0], [34.377587321, 37.676931062, 0], [34.377024993, 37.675986414, 0], [34.377101782, 37.675957132, 0], [34.377163163, 37.675929021, 0], [34.377493162, 37.675697276, 0], [34.377413881, 37.675657471, 0], [34.377151554, 37.675493198, 0], [34.376925045, 37.675405101, 0], [34.376597354, 37.675311426, 0], [34.376015157, 37.675096997, 0], [34.375887912, 37.675037026, 0], [34.376030612, 37.674774398, 0], [34.376224963, 37.674473321, 0], [34.376512865, 37.673830711, 0], [34.376865036, 37.672932064, 0], [34.376804742, 37.672887352, 0], [34.376325355, 37.672700019, 0], [34.375686669, 37.672508956, 0], [34.375600201, 37.672464548, 0], [34.375931247, 37.672097627, 0], [34.375808861, 37.672042285, 0], [34.374817304, 37.671688807, 0], [34.37415842, 37.6714412, 0], [34.373336913, 37.671146283, 0], [34.372867418, 37.670972067, 0], [34.372224663, 37.670695877, 0], [34.371586471, 37.670408276, 0], [34.371183126, 37.670210665, 0], [34.371021832, 37.670108552, 0], [34.370993987, 37.670018043, 0], [34.371745749, 37.669237677, 0], [34.371577293, 37.66913754, 0], [34.37136121, 37.669030297, 0], [34.370659162, 37.668629983, 0], [34.370123926, 37.668250434, 0], [34.369686837, 37.667767558, 0], [34.369371815, 37.667323001, 0], [34.369269161, 37.667374114, 0], [34.369184825, 37.667287415, 0], [34.369105902, 37.667286709, 0], [34.368839877, 37.667514085, 0], [34.368743736, 37.667650007, 0], [34.36869094, 37.667783985, 0], [34.368627393, 37.668055418, 0], [34.368597597, 37.668046843, 0], [34.368330149, 37.667993266, 0], [34.368232004, 37.667964127, 0], [34.368316934, 37.667792921, 0], [34.368197199, 37.667748894, 0], [34.36801489, 37.667667836, 0], [34.367925065, 37.667572368, 0], [34.367987941, 37.667238767, 0], [34.36808819, 37.667127938, 0], [34.369005024, 37.666523464, 0], [34.369077767, 37.666467742, 0], [34.369272824, 37.666469262, 0], [34.369399547, 37.666501853, 0], [34.369719658, 37.66644515, 0], [34.369813634, 37.666379809, 0], [34.370165135, 37.666347341, 0], [34.370389264, 37.666374023, 0], [34.370743316, 37.666281959, 0], [34.370833854, 37.666228012, 0], [34.369985445, 37.665889859, 0], [34.368926785, 37.665501245, 0], [34.368058977, 37.66514438, 0], [34.367838423, 37.665052411, 0], [34.366526264, 37.664333843, 0], [34.364932536, 37.663569318, 0], [34.364841008, 37.66350802, 0], [34.365307479, 37.662734779, 0], [34.365192358, 37.662686911, 0], [34.364068839, 37.662264941, 0], [34.363976447, 37.662156344, 0], [34.363826071, 37.661995431, 0], [34.364127221, 37.661424515, 0], [34.362990166, 37.661032969, 0], [34.361311355, 37.660420675, 0], [34.360913788, 37.660273965, 0], [34.36066794, 37.660100994, 0], [34.360247119, 37.659981043, 0], [34.359625202, 37.659799069, 0], [34.358925578, 37.65952346, 0], [34.358417124, 37.659298541, 0], [34.357755756, 37.659033838, 0], [34.357477022, 37.658881964, 0], [34.357294814, 37.658804582, 0], [34.356447994, 37.658545791, 0], [34.355400346, 37.658228746, 0], [34.354458213, 37.65796626, 0], [34.354132221, 37.657893408, 0], [34.353383201, 37.657716735, 0], [34.352245541, 37.657419618, 0], [34.35161954, 37.657267926, 0], [34.351069551, 37.657111575, 0], [34.350710953, 37.657013586, 0], [34.350189474, 37.656856904, 0], [34.349678035, 37.656722814, 0], [34.349102431, 37.656596935, 0], [34.348954332, 37.656564656, 0], [34.348569807, 37.656480113, 0], [34.348194202, 37.656361494, 0], [34.34775593, 37.656194389, 0], [34.347547639, 37.656121165, 0], [34.3467677, 37.655876678, 0], [34.345997528, 37.655639554, 0], [34.345708667, 37.655582295, 0], [34.345488885, 37.655530014, 0], [34.34522706, 37.655458297, 0], [34.343824291, 37.655167907, 0], [34.343735782, 37.655137736, 0], [34.346037409, 37.654555412, 0], [34.346439875, 37.654448722, 0], [34.347126877, 37.65428958, 0], [34.362008745, 37.650415621, 0], [34.361486193, 37.649415554, 0], [34.361358137, 37.649174992, 0], [34.360977, 37.649141543, 0], [34.360680704, 37.648025411, 0], [34.359823093, 37.646163856, 0], [34.360259562, 37.645982835, 0], [34.361612416, 37.646002731, 0], [34.361735929, 37.645595441, 0], [34.359183175, 37.644572194, 0], [34.358307884, 37.643891027, 0], [34.36097475, 37.641432311, 0], [34.359486629, 37.641734585, 0], [34.358101854, 37.641635823, 0], [34.357405107, 37.641303129, 0], [34.35637673, 37.64134902, 0], [34.355239984, 37.641294771, 0], [34.353597928, 37.641139798, 0], [34.351199028, 37.640887231, 0], [34.344143807, 37.640029763, 0], [34.343669094, 37.640059591, 0], [34.343631924, 37.640076685, 0], [34.343374872, 37.640240913, 0], [34.343120505, 37.640310403, 0], [34.342475822, 37.640493009, 0], [34.341853186, 37.640675271, 0], [34.341393167, 37.640831261, 0], [34.341015765, 37.640919626, 0], [34.340378408, 37.641021577, 0], [34.339952947, 37.641134996, 0], [34.339334882, 37.641327826, 0], [34.33877008, 37.641541045, 0], [34.338314721, 37.641707423, 0], [34.337959336, 37.641799133, 0], [34.337701173, 37.641829455, 0], [34.33769306, 37.641778363, 0], [34.336251335, 37.642203452, 0], [34.336269411, 37.642283807, 0], [34.334981512, 37.642771569, 0], [34.334784485, 37.642849763, 0], [34.334416889, 37.643037931, 0], [34.333795394, 37.643202656, 0], [34.333106619, 37.643378861, 0], [34.332718345, 37.643555723, 0], [34.332371048, 37.643656337, 0], [34.331755413, 37.643835763, 0], [34.331472956, 37.643940328, 0], [34.331388307, 37.643963091, 0], [34.331398679, 37.643999559, 0], [34.329782543, 37.644434197, 0], [34.329308391, 37.644544702, 0], [34.328298094, 37.644837954, 0], [34.328070382, 37.644915311, 0], [34.327982746, 37.644943602, 0], [34.326962871, 37.645177205, 0], [34.326435112, 37.645295871, 0], [34.326097249, 37.645370859, 0], [34.325831978, 37.645433495, 0], [34.325710797, 37.645467657, 0], [34.325019547, 37.645669976, 0], [34.324865558, 37.645730459, 0], [34.324450809, 37.645155154, 0], [34.323851933, 37.644605973, 0], [34.323212095, 37.643912709, 0], [34.322672628, 37.643297164, 0], [34.322341907, 37.642968087, 0], [34.32198389, 37.64264382, 0], [34.321160983, 37.642029282, 0], [34.320114966, 37.641091027, 0], [34.31941043, 37.640477313, 0], [34.318601862, 37.639735537, 0], [34.317998191, 37.639370209, 0], [34.317270853, 37.639019415, 0], [34.316525245, 37.638570237, 0], [34.315481818, 37.637931805, 0], [34.314769898, 37.63736194, 0], [34.314064713, 37.636855435, 0], [34.313074372, 37.636262348, 0], [34.312572624, 37.635902345, 0], [34.312279672, 37.635675817, 0], [34.31196788, 37.635477883, 0], [34.311771535, 37.635265598, 0], [34.311655739, 37.635100538, 0], [34.311462255, 37.634737193, 0], [34.311380131, 37.634451367, 0], [34.311398549, 37.634249761, 0], [34.316739248, 37.635884389, 0], [34.316779529, 37.635820951, 0], [34.31781998, 37.634191363, 0], [34.316482886, 37.633595599, 0], [34.316421381, 37.633388305, 0], [34.316143178, 37.631968802, 0], [34.316188444, 37.631414465, 0], [34.316622441, 37.630588877, 0], [34.317057928, 37.630001799, 0], [34.317263936, 37.629824411, 0], [34.317778966, 37.629376477, 0], [34.318279718, 37.62874487, 0], [34.318855822, 37.628020505, 0], [34.319420194, 37.627563361, 0], [34.319788876, 37.627248439, 0], [34.320177589, 37.62681939, 0], [34.320760567, 37.626173787, 0], [34.321066235, 37.625715116, 0], [34.32165898, 37.624999291, 0], [34.322331339, 37.624120639, 0], [34.322415093, 37.623874503, 0], [34.322107112, 37.620783036, 0], [34.321992646, 37.616809537, 0], [34.321814316, 37.61419367, 0], [34.32177288, 37.613721312, 0], [34.321693813, 37.61266941, 0], [34.321676195, 37.612608331, 0], [34.321435915, 37.612556323, 0], [34.315852257, 37.611252881, 0], [34.315237938, 37.611054002, 0], [34.311412115, 37.609406785, 0], [34.309349787, 37.608532341, 0], [34.305779501, 37.607011236, 0], [34.304914538, 37.606637823, 0], [34.30416471, 37.606314496, 0], [34.304161287, 37.606305703, 0], [34.302186795, 37.605487114, 0], [34.299015545, 37.604049076, 0], [34.29241976, 37.609442137, 0], [34.291598975, 37.610092279, 0], [34.291370217, 37.610288976, 0], [34.291109521, 37.610286602, 0], [34.29108699, 37.610307305, 0], [34.290374594, 37.610316178, 0], [34.289904159, 37.610319159, 0], [34.289256268, 37.610319661, 0], [34.288822745, 37.610285288, 0], [34.288821421, 37.610322249, 0], [34.288281005, 37.610335719, 0], [34.28805775, 37.610337435, 0], [34.28766458, 37.610340555, 0], [34.287463264, 37.610352214, 0], [34.286956005, 37.610365226, 0], [34.286405862, 37.610361853, 0], [34.286088737, 37.61039739, 0], [34.285641376, 37.610443717, 0], [34.285220044, 37.610487957, 0], [34.28381699, 37.610667326, 0], [34.282951047, 37.610782356, 0], [34.282856401, 37.610792847, 0], [34.282172809, 37.61089084, 0], [34.281390823, 37.61099882, 0], [34.28128448, 37.610812269, 0], [34.280928065, 37.610899583, 0], [34.280562951, 37.610141819, 0], [34.280416133, 37.609604985, 0], [34.280386046, 37.609452119, 0], [34.279542878, 37.60841496, 0], [34.279065194, 37.60751396, 0], [34.276969481, 37.604017102, 0], [34.276892247, 37.603395344, 0], [34.278149073, 37.60267507, 0], [34.279271186, 37.602032028, 0], [34.279888038, 37.601745177, 0], [34.281116048, 37.601167202, 0], [34.283215526, 37.600227309, 0], [34.283427911, 37.599942584, 0], [34.284188259, 37.599365247, 0], [34.285515625, 37.598963308, 0], [34.287010127, 37.59852574, 0], [34.286897354, 37.598448211, 0], [34.286505425, 37.598216026, 0], [34.286003747, 37.597994949, 0], [34.285989548, 37.5979678, 0], [34.287220731, 37.597016478, 0], [34.288136741, 37.595903316, 0], [34.288544351, 37.595290331, 0], [34.288739315, 37.59479357, 0], [34.289109136, 37.593907411, 0], [34.289264386, 37.593816052, 0], [34.290234907, 37.593310724, 0], [34.290195638, 37.593265105, 0], [34.29009245, 37.593185311, 0], [34.290119243, 37.593141223, 0], [34.290331029, 37.5929813, 0], [34.290440079, 37.592767801, 0], [34.290516837, 37.592274492, 0], [34.290332671, 37.592118987, 0], [34.290667476, 37.591121556, 0], [34.290887023, 37.5907733, 0], [34.291668914, 37.589543438, 0], [34.291992566, 37.589172143, 0], [34.292480896, 37.588775073, 0], [34.292563994, 37.588649356, 0], [34.292794765, 37.588653947, 0], [34.292799016, 37.588651288, 0], [34.292802054, 37.588654138, 0], [34.292847366, 37.588654993, 0], [34.292885747, 37.588730268, 0], [34.293010149, 37.58884344, 0], [34.293993441, 37.588287837, 0], [34.294080778, 37.588245338, 0], [34.2937787, 37.587957493, 0], [34.293759974, 37.587830728, 0], [34.293827241, 37.587740238, 0], [34.294670141, 37.587179411, 0], [34.294814729, 37.587109969, 0], [34.294807893, 37.587033448, 0], [34.294504246, 37.586811315, 0], [34.293730792, 37.586463127, 0], [34.294030051, 37.585951967, 0], [34.294199927, 37.585595508, 0], [34.294415335, 37.585252787, 0], [34.294485212, 37.585156771, 0], [34.294696359, 37.58515058, 0], [34.294758003, 37.585129268, 0], [34.294895975, 37.585190293, 0], [34.294904204, 37.585190924, 0], [34.29495723, 37.585173491, 0], [34.29520245, 37.584799893, 0], [34.295210186, 37.584534875, 0], [34.295297614, 37.58449787, 0], [34.295368131, 37.584482047, 0], [34.295375011, 37.584453315, 0], [34.295450113, 37.58444339, 0], [34.295465633, 37.584433577, 0], [34.295633328, 37.584269803, 0], [34.295872681, 37.584118307, 0], [34.296020789, 37.584074598, 0], [34.296074939, 37.584041293, 0], [34.296148826, 37.584036696, 0], [34.296203833, 37.584020503, 0], [34.296285711, 37.58404051, 0], [34.296577737, 37.584077673, 0], [34.297340531, 37.583430207, 0], [34.298093424, 37.582756531, 0], [34.298624531, 37.581665092, 0], [34.298814948, 37.581229551, 0], [34.299043437, 37.581082585, 0], [34.299178748, 37.580958541, 0], [34.299207998, 37.580739334, 0], [34.298855593, 37.579580568, 0], [34.299040447, 37.579566909, 0], [34.299171691, 37.579563663, 0], [34.299343349, 37.579564477, 0], [34.299416332, 37.579567278, 0], [34.299457896, 37.579573038, 0], [34.299488692, 37.579577205, 0], [34.299520013, 37.579638407, 0], [34.299547507, 37.579699742, 0], [34.29958268, 37.579772978, 0], [34.29961468, 37.579873282, 0], [34.29974711, 37.579889846, 0], [34.299866255, 37.579905025, 0], [34.299977827, 37.57991434, 0], [34.300030909, 37.579927272, 0], [34.300208674, 37.579946311, 0], [34.300312788, 37.579961745, 0], [34.300360096, 37.579970235, 0], [34.300457164, 37.579972499, 0], [34.300559156, 37.579978675, 0], [34.300652185, 37.579941965, 0], [34.300689678, 37.579901631, 0], [34.300716806, 37.579866729, 0], [34.30074119, 37.579829694, 0], [34.300774197, 37.579756969, 0], [34.300799815, 37.579715775, 0], [34.300819097, 37.579686096, 0], [34.300837383, 37.57967436, 0], [34.300859628, 37.579664743, 0], [34.300920079, 37.579650379, 0], [34.300993785, 37.579646413, 0], [34.301077029, 37.579653876, 0], [34.301160033, 37.579652961, 0], [34.301235323, 37.57965952, 0], [34.301351636, 37.579672926, 0], [34.301462535, 37.579681166, 0], [34.301708277, 37.579699723, 0], [34.30184822, 37.579718725, 0], [34.3019674, 37.579735884, 0], [34.302122893, 37.579763005, 0], [34.302325263, 37.579806009, 0], [34.302674769, 37.579841262, 0], [34.302952221, 37.579889564, 0], [34.303237368, 37.579939943, 0], [34.303398197, 37.579973131, 0], [34.303501772, 37.579984333, 0], [34.303623674, 37.580007678, 0], [34.303711786, 37.580021123, 0], [34.303833723, 37.58004645, 0], [34.303924499, 37.580068065, 0], [34.304018126, 37.58009794, 0], [34.304070117, 37.580117911, 0], [34.304205336, 37.580165799, 0], [34.304241994, 37.580190086, 0], [34.304303034, 37.58023627, 0], [34.304349622, 37.580273062, 0], [34.304394422, 37.580309063, 0], [34.304434475, 37.580335204, 0], [34.304491881, 37.580371155, 0], [34.304534589, 37.580394293, 0], [34.30458282, 37.580418181, 0], [34.304656975, 37.580434573, 0], [34.3045272, 37.580083213, 0], [34.304449428, 37.57987555, 0], [34.304397435, 37.579732394, 0], [34.30433312, 37.579589464, 0], [34.304705886, 37.579839194, 0], [34.304993352, 37.580017054, 0], [34.305293523, 37.58021649, 0], [34.305448689, 37.580321017, 0], [34.30550527, 37.580341748, 0], [34.305931019, 37.580357675, 0], [34.30605807, 37.580210555, 0], [34.306044076, 37.580168537, 0], [34.306120173, 37.580162469, 0], [34.306377833, 37.580120057, 0], [34.306681113, 37.580032264, 0], [34.306601706, 37.579864992, 0], [34.306532058, 37.579582806, 0], [34.306589818, 37.57948935, 0], [34.306924947, 37.579423372, 0], [34.307392938, 37.579355921, 0], [34.307993993, 37.579293301, 0], [34.308415766, 37.579263755, 0], [34.308673288, 37.579229721, 0], [34.309124704, 37.579106487, 0], [34.309412212, 37.579003722, 0], [34.309574918, 37.578914777, 0], [34.309974461, 37.578512043, 0], [34.310364614, 37.578016053, 0], [34.310757379, 37.577669352, 0], [34.311189604, 37.577347172, 0], [34.311830832, 37.576898131, 0], [34.312110032, 37.576764273, 0], [34.312154433, 37.576687003, 0], [34.312226979, 37.576505429, 0], [34.312319944, 37.576290106, 0], [34.312400916, 37.576115107, 0], [34.312482452, 37.575966955, 0], [34.312552264, 37.575869036, 0], [34.312597597, 37.575818339, 0], [34.312800189, 37.575852942, 0], [34.313036237, 37.575883749, 0], [34.313154498, 37.575912621, 0], [34.313297823, 37.575927698, 0], [34.313513024, 37.575941163, 0], [34.313747484, 37.575945312, 0], [34.313889983, 37.575950575, 0], [34.314050488, 37.575949599, 0], [34.31417368, 37.575950841, 0], [34.314429506, 37.57595394, 0], [34.314564152, 37.575815288, 0], [34.314916265, 37.575415408, 0], [34.314950447, 37.575367898, 0], [34.315026692, 37.575301536, 0], [34.315194423, 37.575281374, 0], [34.315326074, 37.575269905, 0], [34.315454086, 37.575247932, 0], [34.315603187, 37.575235727, 0], [34.315697857, 37.575224129, 0], [34.315754263, 37.575219085, 0], [34.315863562, 37.575205611, 0], [34.316108713, 37.575143493, 0], [34.316392972, 37.575080398, 0], [34.316745218, 37.574991132, 0], [34.317059989, 37.574910843, 0], [34.317324309, 37.574850311, 0], [34.317460371, 37.574818965, 0], [34.31772454, 37.574749873, 0], [34.317978066, 37.574691623, 0], [34.318429044, 37.57457773, 0], [34.318845368, 37.574479271, 0], [34.319259, 37.574376515, 0], [34.319488512, 37.574322766, 0], [34.319619513, 37.574306342, 0], [34.319659321, 37.574001044, 0], [34.319869676, 37.572449372, 0], [34.31996984, 37.572098522, 0], [34.320044641, 37.571876728, 0], [34.320127813, 37.571610774, 0], [34.320733792, 37.571349966, 0], [34.321169749, 37.571153597, 0], [34.321761941, 37.570900327, 0], [34.322377085, 37.570635713, 0], [34.323525027, 37.570155249, 0], [34.324137487, 37.569739716, 0], [34.324466572, 37.569515067, 0], [34.325588437, 37.568739844, 0], [34.326875456, 37.567691063, 0], [34.329425426, 37.564912653, 0], [34.330070932, 37.56453781, 0], [34.330632872, 37.564215629, 0], [34.331751937, 37.563595286, 0], [34.33290591, 37.562954442, 0], [34.333453537, 37.562684405, 0], [34.333468025, 37.562648647, 0], [34.333487514, 37.562537317, 0], [34.333520213, 37.562397091, 0], [34.333538006, 37.562337235, 0], [34.333573098, 37.562189864, 0], [34.333600225, 37.562061867, 0], [34.333636003, 37.562010549, 0], [34.333671265, 37.561987982, 0], [34.333763575, 37.561960266, 0], [34.333818918, 37.56194333, 0], [34.333898303, 37.561929096, 0], [34.334054464, 37.561921835, 0], [34.334162987, 37.561918536, 0], [34.334388008, 37.561919327, 0], [34.334544264, 37.561922607, 0], [34.334759619, 37.561910169, 0], [34.334778977, 37.562048004, 0], [34.335051495, 37.561916601, 0], [34.335346852, 37.561778091, 0], [34.335605075, 37.561651444, 0], [34.335976059, 37.561476571, 0], [34.336477, 37.561244086, 0], [34.336867959, 37.561058711, 0], [34.337090465, 37.560945082, 0], [34.337470773, 37.560649797, 0], [34.337961792, 37.560265036, 0], [34.338322188, 37.559979167, 0], [34.338798854, 37.559601504, 0], [34.339139775, 37.559323242, 0], [34.339461948, 37.559270295, 0], [34.340603967, 37.557860304, 0], [34.342257963, 37.555693297, 0], [34.344266022, 37.554959274, 0], [34.344160014, 37.554634271, 0], [34.343870037, 37.554004255, 0], [34.34397003, 37.553963286, 0], [34.343768979, 37.553497255, 0], [34.343548016, 37.552998289, 0], [34.343526973, 37.552949326, 0], [34.345018601, 37.552842679, 0], [34.345010583, 37.552479704, 0], [34.345096322, 37.552289849, 0], [34.345246936, 37.552011575, 0], [34.345374102, 37.551908928, 0], [34.345732613, 37.551895741, 0], [34.345876811, 37.551894097, 0], [34.345929944, 37.551895024, 0], [34.346009433, 37.551882042, 0], [34.346081187, 37.551864643, 0], [34.346240053, 37.551832554, 0], [34.346348769, 37.551861592, 0], [34.346656083, 37.551856555, 0], [34.346718464, 37.551842237, 0], [34.346798061, 37.551835291, 0], [34.346862308, 37.551820951, 0], [34.346974077, 37.551812106, 0], [34.347065088, 37.551806562, 0], [34.347211354, 37.551810931, 0], [34.347397705, 37.551832955, 0], [34.347641234, 37.551867933, 0], [34.348071091, 37.551814725, 0], [34.348261024, 37.551823099, 0], [34.348584233, 37.551855723, 0], [34.349149158, 37.551926316, 0], [34.349453408, 37.55196357, 0], [34.349698817, 37.551994017, 0], [34.349903353, 37.551973565, 0], [34.350073034, 37.551909717, 0], [34.350207983, 37.551923223, 0], [34.350679804, 37.552090123, 0], [34.35098621, 37.552246749, 0], [34.351825247, 37.552675366, 0], [34.352223623, 37.552879236, 0], [34.353265192, 37.552963993, 0], [34.353485918, 37.552790788, 0], [34.353553801, 37.55276586, 0], [34.35396, 37.552978736, 0], [34.354232604, 37.553046619, 0], [34.354572215, 37.553041191, 0], [34.354665037, 37.553032556, 0], [34.354865377, 37.552986462, 0], [34.355118386, 37.552915613, 0], [34.355173589, 37.552922549, 0], [34.355227461, 37.552964193, 0], [34.355237839, 37.5531197, 0], [34.355431712, 37.553134055, 0], [34.356533791, 37.553209078, 0], [34.357529768, 37.553291347, 0], [34.358008846, 37.553337202, 0], [34.359041115, 37.553438597, 0], [34.360328214, 37.55356426, 0], [34.361645745, 37.553689648, 0], [34.362419535, 37.553765788, 0], [34.362678729, 37.553711883, 0], [34.372133635, 37.551665841, 0], [34.373032295, 37.551466066, 0], [34.373558323, 37.551354154, 0], [34.374834223, 37.550748972, 0], [34.377001938, 37.549955224, 0], [34.378519718, 37.549424678, 0], [34.378767983, 37.549326259, 0], [34.378845958, 37.549282275, 0], [34.378968003, 37.548813252, 0], [34.378989978, 37.548202298, 0], [34.379365967, 37.548237286, 0], [34.379606952, 37.548382256, 0], [34.379840952, 37.548467291, 0], [34.380064959, 37.548572268, 0], [34.380150029, 37.548594253, 0], [34.380237987, 37.548570336, 0], [34.380326008, 37.548509291, 0], [34.380409963, 37.54851633, 0], [34.38054196, 37.548572279, 0], [34.380703024, 37.548635277, 0], [34.381137965, 37.548283254, 0], [34.38123803, 37.548212336, 0], [34.38193696, 37.547699253, 0], [34.38235202, 37.547378277, 0], [34.382852016, 37.547077301, 0], [34.383605018, 37.546622329, 0], [34.384064026, 37.546311286, 0], [34.384294972, 37.546231261, 0], [34.384431976, 37.546159276, 0], [34.384594953, 37.546053284, 0], [34.384825994, 37.545953252, 0], [34.385029986, 37.545849302, 0], [34.385213034, 37.545718293, 0], [34.385593014, 37.545480261, 0], [34.385850991, 37.545257267, 0], [34.386308017, 37.544991294, 0], [34.386407996, 37.544921274, 0], [34.387173983, 37.54448433, 0], [34.388528962, 37.543857255, 0], [34.390047039, 37.541745253, 0], [34.391220988, 37.541084324, 0], [34.391412979, 37.540893275, 0], [34.391844989, 37.540524306, 0], [34.392176975, 37.54015228, 0], [34.392418018, 37.539728339, 0], [34.392704984, 37.5388933, 0], [34.391274991, 37.538882313, 0], [34.390780977, 37.53882226, 0], [34.38979504, 37.538744297, 0], [34.388970008, 37.538701289, 0], [34.387403991, 37.538436294, 0], [34.386613042, 37.538313299, 0], [34.386077969, 37.538253258, 0], [34.385680035, 37.538230264, 0], [34.385228033, 37.538155276, 0], [34.384791965, 37.538023329, 0], [34.384618957, 37.537949302, 0], [34.384489008, 37.538003272, 0], [34.384198962, 37.53802028, 0], [34.383700981, 37.538073246, 0], [34.383121021, 37.538104281, 0], [34.382925998, 37.538167302, 0], [34.382598977, 37.538441291, 0], [34.382187015, 37.538649319, 0], [34.381668012, 37.538772271, 0], [34.381511964, 37.538742287, 0], [34.380477006, 37.538794311, 0], [34.379879025, 37.538901327, 0], [34.37973298, 37.538882308, 0], [34.379478994, 37.538901315, 0], [34.379515001, 37.538981276, 0], [34.378948014, 37.538896253, 0], [34.378462038, 37.538324301, 0], [34.378073967, 37.53813725, 0], [34.377729035, 37.53789031, 0], [34.377467013, 37.53753832, 0], [34.377356962, 37.5375123, 0], [34.376978002, 37.537074263, 0], [34.376889975, 37.536860279, 0], [34.376775976, 37.536670298, 0], [34.376551007, 37.536414295, 0], [34.37625005, 37.536091323, 0], [34.376051986, 37.535953325, 0], [34.375764968, 37.535845289, 0], [34.375341049, 37.535631252, 0], [34.375203044, 37.535465248, 0], [34.37501898, 37.535276261, 0], [34.37482501, 37.535071259, 0], [34.374677, 37.534914292, 0], [34.374046982, 37.534108262, 0], [34.373661002, 37.533794292, 0], [34.37352104, 37.533760325, 0], [34.373219968, 37.533460324, 0], [34.373212965, 37.533353261, 0], [34.373135996, 37.53322232, 0], [34.372966001, 37.532965311, 0], [34.372798006, 37.532812269, 0], [34.372323978, 37.532602317, 0], [34.372156025, 37.532441254, 0], [34.371820007, 37.532138322, 0], [34.371501033, 37.531935307, 0], [34.371289014, 37.531834319, 0], [34.371094984, 37.5315893, 0], [34.371031991, 37.531426296, 0], [34.370901968, 37.530655262, 0], [34.370857036, 37.530357238, 0], [34.370734984, 37.530266288, 0], [34.370769029, 37.529903276, 0], [34.370564019, 37.52963928, 0], [34.370223046, 37.529360281, 0], [34.370057991, 37.529071309, 0], [34.369931991, 37.529009241, 0], [34.369831981, 37.529026261, 0], [34.36952299, 37.529077245, 0], [34.369145006, 37.528958263, 0], [34.368702011, 37.528800292, 0], [34.368504992, 37.528651275, 0], [34.368472037, 37.528492246, 0], [34.368491983, 37.528225279, 0], [34.368453051, 37.528030274, 0], [34.368340984, 37.527908297, 0], [34.367823008, 37.527507255, 0], [34.367808049, 37.527347296, 0], [34.367488, 37.527201234, 0], [34.366160045, 37.526704309, 0], [34.365466967, 37.526433243, 0], [34.365085978, 37.526148293, 0], [34.364809006, 37.525856282, 0], [34.364612009, 37.525569294, 0], [34.364524057, 37.52554625, 0], [34.364187013, 37.525870227, 0], [34.364332986, 37.526071297, 0], [34.364070044, 37.526539231, 0], [34.36439601, 37.52678526, 0], [34.364647027, 37.527025306, 0], [34.364744045, 37.52710024, 0], [34.365158035, 37.527388234, 0], [34.364952967, 37.527360237, 0], [34.364297017, 37.527324292, 0], [34.363954986, 37.527308238, 0], [34.363526032, 37.527387265, 0], [34.363370995, 37.527375267, 0], [34.357848013, 37.530597296, 0], [34.356191008, 37.529446302, 0], [34.354973038, 37.528589245, 0], [34.354441017, 37.528223269, 0], [34.353658983, 37.527247293, 0], [34.353235058, 37.526887281, 0], [34.352540014, 37.52632924, 0], [34.351856971, 37.525732308, 0], [34.351831028, 37.525639247, 0], [34.351725013, 37.525318303, 0], [34.351467057, 37.524939264, 0], [34.351205983, 37.52477527, 0], [34.35099, 37.524612292, 0], [34.350712004, 37.524472282, 0], [34.35052303, 37.524394242, 0], [34.350256972, 37.524238233, 0], [34.350106009, 37.524203283, 0], [34.349648033, 37.523448227, 0], [34.349237052, 37.522934228, 0], [34.348012033, 37.522406273, 0], [34.347677031, 37.522328273, 0], [34.347402974, 37.522318244, 0], [34.342839026, 37.523695263, 0], [34.336973052, 37.521988286, 0], [34.33617097, 37.522205257, 0], [34.335228981, 37.52163026, 0], [34.33493599, 37.521615279, 0], [34.33336604, 37.520417287, 0], [34.332882987, 37.519941261, 0], [34.332195064, 37.519808265, 0], [34.33131, 37.51941922, 0], [34.331175978, 37.519034232, 0], [34.330280024, 37.518467237, 0], [34.327812017, 37.514214229, 0], [34.327098053, 37.511353198, 0], [34.327321999, 37.511033209, 0], [34.327311051, 37.510831206, 0], [34.32638402, 37.510388256, 0], [34.32592007, 37.510358231, 0], [34.324115003, 37.509872219, 0], [34.324007028, 37.509770249, 0], [34.323576035, 37.509107242, 0], [34.32322804, 37.509139257, 0], [34.322777069, 37.509347246, 0], [34.322641071, 37.509206208, 0], [34.322492997, 37.50917921, 0], [34.322060989, 37.509198195, 0], [34.321747031, 37.509081226, 0], [34.321313056, 37.509036248, 0], [34.32101302, 37.509476208, 0], [34.320463064, 37.50987021, 0], [34.319705001, 37.51014524, 0], [34.319522048, 37.50989127, 0], [34.319351052, 37.509765218, 0], [34.319015979, 37.50980023, 0], [34.318462, 37.509791276, 0], [34.318171071, 37.509673229, 0], [34.317364048, 37.509456227, 0], [34.316938072, 37.509160266, 0], [34.31679301, 37.508444212, 0], [34.316304018, 37.507938264, 0], [34.315729068, 37.508089214, 0], [34.315609012, 37.507957272, 0], [34.313534019, 37.507532227, 0], [34.307683063, 37.507105216, 0], [34.303833998, 37.505739188, 0], [34.300565, 37.503288247, 0], [34.299537056, 37.501745265, 0], [34.298998006, 37.500882219, 0], [34.298119997, 37.499870241, 0], [34.297560061, 37.497766178, 0], [34.293259014, 37.493996175, 0], [34.292500074, 37.492750174, 0], [34.293071004, 37.492516206, 0], [34.306234046, 37.488676234, 0], [34.306533034, 37.487656253, 0], [34.306717479, 37.487273478, 0], [34.307046202, 37.48730769, 0], [34.307187521, 37.48712112, 0], [34.307576962, 37.486598831, 0], [34.307695489, 37.486180378, 0], [34.308054276, 37.4859759, 0], [34.308244835, 37.485933689, 0], [34.307963385, 37.48480172, 0], [34.308682756, 37.484101131, 0], [34.308755662, 37.484190348, 0], [34.30924382, 37.484227654, 0], [34.310752611, 37.484495145, 0], [34.312004253, 37.484670763, 0], [34.312408066, 37.484647353, 0], [34.312651321, 37.484616175, 0], [34.313071545, 37.484507332, 0], [34.313369311, 37.484537184, 0], [34.313722588, 37.484338969, 0], [34.31375431, 37.484115943, 0], [34.313490505, 37.483649829, 0], [34.313278073, 37.483060046, 0], [34.313203342, 37.481577318, 0], [34.31342983, 37.480945799, 0], [34.313634135, 37.480256673, 0], [34.313683414, 37.480269462, 0], [34.314231056, 37.480339067, 0], [34.314649334, 37.48038677, 0], [34.315055654, 37.48045461, 0], [34.315199374, 37.479890785, 0], [34.316721076, 37.479834905, 0], [34.318855633, 37.480078286, 0], [34.319032731, 37.479335205, 0], [34.319110055, 37.478768151, 0], [34.319546328, 37.478768235, 0], [34.320112371, 37.478707302, 0], [34.320807046, 37.478520751, 0], [34.321180064, 37.478471883, 0], [34.321827041, 37.47840499, 0], [34.322151406, 37.478421276, 0], [34.322137301, 37.478684659, 0], [34.321678426, 37.479519209, 0], [34.32149236, 37.480281138, 0], [34.322819647, 37.480623949, 0], [34.322877625, 37.480257164, 0], [34.322924895, 37.479928437, 0], [34.322982111, 37.479941674, 0], [34.324793335, 37.480015097, 0], [34.324764315, 37.47962856, 0], [34.325046698, 37.479268809, 0], [34.325194901, 37.4795757, 0], [34.325377215, 37.479480025, 0], [34.325778508, 37.479384507, 0], [34.325931808, 37.479082524, 0], [34.326244506, 37.479066399, 0], [34.326321334, 37.479023182, 0], [34.326956861, 37.478888894, 0], [34.32923903, 37.478162237, 0], [34.32974901, 37.478301222, 0], [34.330617028, 37.477331188, 0], [34.331538007, 37.476204201, 0], [34.331837045, 37.475503252, 0], [34.332039053, 37.475236218, 0], [34.332167054, 37.474782219, 0], [34.332410117, 37.474390543, 0], [34.332450051, 37.474318181, 0], [34.332689095, 37.474199237, 0], [34.332870057, 37.474165205, 0], [34.33302303, 37.4739992, 0], [34.33312067, 37.473925917, 0], [34.333305633, 37.473922928, 0], [34.334184664, 37.473939679, 0], [34.334761528, 37.473913158, 0], [34.335841995, 37.473809841, 0], [34.337468221, 37.473651314, 0], [34.337688178, 37.473628819, 0], [34.338067075, 37.473597854, 0], [34.338381971, 37.473580951, 0], [34.339102829, 37.47357098, 0], [34.339540984, 37.473599897, 0], [34.339984423, 37.473585226, 0], [34.340621829, 37.473539246, 0], [34.34093122, 37.473506628, 0], [34.341300623, 37.473429802, 0], [34.341652017, 37.473362822, 0], [34.342003756, 37.473315212, 0], [34.342298494, 37.473255903, 0], [34.342583471, 37.473224369, 0], [34.342707777, 37.473219171, 0], [34.342908272, 37.473234825, 0], [34.343148652, 37.473290667, 0], [34.34327131, 37.473328833, 0], [34.343360539, 37.473369722, 0], [34.343492792, 37.473339562, 0], [34.343594452, 37.473298665, 0], [34.343721757, 37.47329947, 0], [34.343783856, 37.473210542, 0], [34.343942773, 37.473122765, 0], [34.34411604, 37.473065644, 0], [34.344267526, 37.473026433, 0], [34.344349003, 37.472941699, 0], [34.344405271, 37.47283959, 0], [34.344492556, 37.472615833, 0], [34.344566936, 37.472592999, 0], [34.344629673, 37.472607424, 0], [34.344692112, 37.472631225, 0], [34.344759848, 37.472398949, 0], [34.344817299, 37.47236297, 0], [34.344935632, 37.472326299, 0], [34.345006897, 37.472285837, 0], [34.34510481, 37.472192084, 0], [34.345186918, 37.472142668, 0], [34.345392127, 37.472254957, 0], [34.345541043, 37.47221298, 0], [34.345697983, 37.472218041, 0], [34.345945014, 37.472156022, 0], [34.346259045, 37.471821003, 0], [34.346407992, 37.471708014, 0], [34.346486029, 37.471676035, 0], [34.346965048, 37.471639035, 0], [34.347129006, 37.471500012, 0], [34.347198963, 37.471391977, 0], [34.347393962, 37.471216013, 0], [34.347552989, 37.471140035, 0], [34.347723005, 37.471084027, 0], [34.348013045, 37.470821008, 0], [34.348206043, 37.470648039, 0], [34.348289994, 37.470472979, 0], [34.348339014, 37.470435022, 0], [34.348696998, 37.470409039, 0], [34.348831027, 37.47033803, 0], [34.348908044, 37.470264969, 0], [34.34891799, 37.470175012, 0], [34.348930964, 37.470046, 0], [34.349004014, 37.469939011, 0], [34.349053036, 37.469813011, 0], [34.349045046, 37.469716049, 0], [34.349009995, 37.469535049, 0], [34.349058959, 37.469411033, 0], [34.349137044, 37.469247034, 0], [34.349275026, 37.469115963, 0], [34.349715984, 37.468938988, 0], [34.349877004, 37.468854964, 0], [34.350030001, 37.468750035, 0], [34.350168964, 37.468626972, 0], [34.350202977, 37.468548004, 0], [34.350297034, 37.468478983, 0], [34.35038897, 37.468317978, 0], [34.350454034, 37.468181973, 0], [34.350794004, 37.468052016, 0], [34.350892987, 37.467976991, 0], [34.350922038, 37.467871044, 0], [34.351024959, 37.467703966, 0], [34.351170957, 37.467630025, 0], [34.351315986, 37.467579975, 0], [34.35158303, 37.467310001, 0], [34.351672044, 37.467162997, 0], [34.351775027, 37.467040975, 0], [34.351879994, 37.466998051, 0], [34.35198196, 37.466980033, 0], [34.352086965, 37.466934045, 0], [34.352121013, 37.466852011, 0], [34.352090969, 37.466737008, 0], [34.352082033, 37.466624017, 0], [34.352096999, 37.466492008, 0], [34.352254982, 37.466069004, 0], [34.352387001, 37.465975035, 0], [34.35244797, 37.465876022, 0], [34.352543973, 37.465640986, 0], [34.352743013, 37.465520027, 0], [34.352913978, 37.46544003, 0], [34.353019046, 37.465377008, 0], [34.353129034, 37.465261033, 0], [34.353301015, 37.464864992, 0], [34.353396986, 37.464493972, 0], [34.353504974, 37.464442992, 0], [34.353718034, 37.464287987, 0], [34.353924994, 37.464198024, 0], [34.354006995, 37.464127967, 0], [34.354115978, 37.46400299, 0], [34.35431003, 37.46385397, 0], [34.35436101, 37.463832028, 0], [34.354600002, 37.463776031, 0], [34.354728961, 37.463672993, 0], [34.354869963, 37.463514036, 0], [34.355010991, 37.463279022, 0], [34.355042012, 37.463230996, 0], [34.355115001, 37.46316798, 0], [34.355250978, 37.463112982, 0], [34.355436031, 37.463070037, 0], [34.355644009, 37.463010969, 0], [34.355793044, 37.462951045, 0], [34.356004962, 37.462852011, 0], [34.35616999, 37.462831012, 0], [34.356173661, 37.462750318, 0], [34.356801895, 37.46277005, 0], [34.356839037, 37.462709967, 0], [34.356951005, 37.462538996, 0], [34.357549034, 37.462131026, 0], [34.357664986, 37.461963973, 0], [34.358004389, 37.461253304, 0], [34.358067047, 37.461140031, 0], [34.358145966, 37.461003051, 0], [34.358233998, 37.460905977, 0], [34.358321008, 37.460773049, 0], [34.358277047, 37.460554035, 0], [34.358331973, 37.460369029, 0], [34.358446, 37.459869023, 0], [34.358496992, 37.459847981, 0], [34.358633039, 37.459756032, 0], [34.358724983, 37.459664049, 0], [34.358907043, 37.459209039, 0], [34.358944043, 37.459100026, 0], [34.358961977, 37.458973028, 0], [34.35892702, 37.458927021, 0], [34.358842036, 37.458908984, 0], [34.358736982, 37.458935965, 0], [34.358607985, 37.458933033, 0], [34.358573041, 37.458898019, 0], [34.358545967, 37.458792987, 0], [34.35856696, 37.458732008, 0], [34.35861002, 37.45868997, 0], [34.358729009, 37.458685988, 0], [34.358846966, 37.458661022, 0], [34.359119022, 37.458496047, 0], [34.359422003, 37.458381, 0], [34.359688965, 37.458254021, 0], [34.359770047, 37.458175048, 0], [34.359820957, 37.458062, 0], [34.359829962, 37.457926003, 0], [34.359760018, 37.457822005, 0], [34.359752046, 37.457700982, 0], [34.359929966, 37.457543036, 0], [34.360073979, 37.457428015, 0], [34.360093963, 37.457368039, 0], [34.36008799, 37.457238973, 0], [34.360095034, 37.457144001, 0], [34.364404044, 37.449886233, 0], [34.365985052, 37.440490173, 0], [34.378718802, 37.43384251, 0], [34.385810587, 37.435500677, 0], [34.387521883, 37.437012188, 0], [34.394178612, 37.438942956, 0], [34.396275249, 37.439287583, 0], [34.396927219, 37.439405949, 0], [34.401090282, 37.439681081, 0], [34.408334831, 37.442198649, 0], [34.418976964, 37.444503894, 0], [34.420333378, 37.444825438, 0], [34.42341814, 37.446612685, 0], [34.424605388, 37.446652447, 0], [34.425849712, 37.446723048, 0], [34.425575087, 37.447808542, 0], [34.426033887, 37.447251959, 0], [34.426729344, 37.446542206, 0], [34.427692611, 37.445808308, 0], [34.429861213, 37.445331968, 0], [34.432871324, 37.444541525, 0], [34.432953762, 37.444558007, 0], [34.433549641, 37.444418403, 0], [34.432627107, 37.443984787, 0], [34.432597262, 37.443886203, 0], [34.432658691, 37.442791203, 0], [34.432710881, 37.441979272, 0], [34.432609082, 37.441543633, 0], [34.432174475, 37.441599725, 0], [34.432703222, 37.441103455, 0], [34.432997834, 37.440837831, 0], [34.434028027, 37.440594463, 0], [34.434113094, 37.440123756, 0], [34.43428666, 37.43926962, 0], [34.435238586, 37.436789115, 0], [34.435473456, 37.436017588, 0], [34.437026545, 37.432693234, 0], [34.437899704, 37.433021985, 0], [34.440193841, 37.433691446, 0], [34.441673978, 37.434657357, 0], [34.441622782, 37.435209841, 0], [34.442367615, 37.435779736, 0], [34.443804757, 37.434431383, 0], [34.442912162, 37.434073086, 0], [34.442593624, 37.434691373, 0], [34.441988323, 37.434417603, 0], [34.44222621, 37.43359358, 0], [34.440434371, 37.433135664, 0], [34.438094033, 37.432496057, 0], [34.437125064, 37.432323019, 0], [34.437048705, 37.432248522, 0], [34.437496599, 37.430823956, 0], [34.437731748, 37.430492989, 0], [34.438807603, 37.42836834, 0], [34.439012029, 37.427825526, 0], [34.439385578, 37.426940741, 0], [34.441073408, 37.423770049, 0], [34.441240417, 37.422443512, 0], [34.442386517, 37.419099716, 0], [34.441840723, 37.416280387, 0], [34.44278731, 37.413320202, 0], [34.442170852, 37.410224993, 0], [34.443370971, 37.407745804, 0], [34.444752936, 37.407811828, 0], [34.447678197, 37.405172003, 0], [34.448742431, 37.404624316, 0], [34.449894359, 37.404151241, 0], [34.452297091, 37.403102644, 0], [34.455898247, 37.402903263, 0], [34.458147271, 37.401861667, 0], [34.459062518, 37.400262378, 0], [34.459029129, 37.399804017, 0], [34.45906788, 37.398189499, 0], [34.458767426, 37.396862215, 0], [34.458089927, 37.394238596, 0], [34.456930483, 37.391675792, 0], [34.457673636, 37.389222453, 0], [34.459288225, 37.385530455, 0], [34.460764684, 37.382278097, 0], [34.461671208, 37.380589319, 0], [34.462012806, 37.378309249, 0], [34.442123765, 37.367503665, 0], [34.445386144, 37.383836916, 0], [34.431927255, 37.377191126, 0], [34.423515273, 37.363165227, 0], [34.423479707, 37.363101403, 0], [34.423457702, 37.363055438, 0], [34.407144024, 37.357082071, 0], [34.40405283, 37.334351403, 0], [34.399523537, 37.334592064, 0], [34.398574748, 37.334616261, 0], [34.383386205, 37.335378261, 0], [34.379606941, 37.335599563, 0], [34.359389557, 37.346242138, 0], [34.365377137, 37.317766138, 0], [34.362813117, 37.292055176, 0], [34.35442489, 37.270857755, 0], [34.35812082, 37.260041597, 0], [34.309989576, 37.24998059, 0], [34.242258393, 37.251130375, 0], [34.235434085, 37.295438432, 0], [34.210947713, 37.299404112, 0], [34.176948092, 37.325268483, 0], [34.160992125, 37.333435032, 0], [34.157691143, 37.341099044, 0], [34.152658135, 37.343612021, 0], [34.15002519, 37.344518011, 0], [34.148298141, 37.346912016, 0], [34.147406137, 37.353522998, 0], [34.144707127, 37.357334018, 0], [34.139574097, 37.361639048, 0], [34.139499243, 37.361717047, 0], [34.139457506, 37.361724702, 0], [34.137612521, 37.361473729, 0], [34.136229795, 37.361687262, 0], [34.135140277, 37.361207751, 0], [34.134031403, 37.359880404, 0], [34.132431424, 37.359242557, 0], [34.129072956, 37.360159623, 0], [34.12872907, 37.360917284, 0], [34.12869119, 37.361055256, 0], [34.128638935, 37.361110096, 0], [34.128440549, 37.361548341, 0], [34.126891871, 37.362808719, 0], [34.124851964, 37.363416067, 0], [34.12443903, 37.363413054, 0], [34.122715204, 37.363268749, 0], [34.120764265, 37.362867571, 0], [34.118556372, 37.363045547, 0], [34.117933823, 37.363387303, 0], [34.117584874, 37.364270425, 0], [34.117067516, 37.36490605, 0], [34.116519724, 37.365505642, 0], [34.115761381, 37.366338371, 0], [34.11560219, 37.366511457, 0], [34.115113407, 37.367009824, 0], [34.114702381, 37.367451853, 0], [34.114199362, 37.368115537, 0], [34.112925312, 37.368764307, 0], [34.111852125, 37.370246751, 0], [34.111289208, 37.371808743, 0], [34.110266131, 37.373328191, 0], [34.109305838, 37.373978482, 0], [34.108598967, 37.374446876, 0], [34.106390889, 37.374713575, 0], [34.10503795, 37.375158341, 0], [34.104653669, 37.375455986, 0], [34.10298672, 37.376350287, 0], [34.101127901, 37.376584072, 0], [34.098794895, 37.376063079, 0], [34.098795824, 37.37606289, 0], [34.095866991, 37.375107507, 0], [34.094032782, 37.374733195, 0], [34.091893801, 37.374136283, 0], [34.091054853, 37.373762645, 0], [34.089064764, 37.373753141, 0], [34.087325144, 37.374159179, 0], [34.086653546, 37.376004215, 0], [34.084835501, 37.37582589, 0], [34.08383399, 37.376587289, 0], [34.081757959, 37.377887959, 0], [34.079427109, 37.378466458, 0], [34.078497349, 37.379366571, 0], [34.076723448, 37.382280308, 0], [34.076661427, 37.382984786, 0], [34.07651178, 37.383957983, 0], [34.076586587, 37.38474061, 0], [34.076638049, 37.385160723, 0], [34.075429319, 37.386440947, 0], [34.074743057, 37.387397302, 0], [34.074484343, 37.38774048, 0], [34.074360894, 37.389279198, 0], [34.074264473, 37.389526637, 0], [34.073710157, 37.390815405, 0], [34.074008176, 37.391313125, 0], [34.074426786, 37.391983766, 0], [34.073776754, 37.393570793, 0], [34.073865603, 37.394339775, 0], [34.073970184, 37.395297142, 0], [34.074248887, 37.395719427, 0], [34.074666623, 37.396326902, 0], [34.075035896, 37.396717271, 0], [34.075126356, 37.397141265, 0], [34.076192307, 37.397219613, 0], [34.076540252, 37.397485809, 0], [34.077498893, 37.398228301, 0], [34.078159058, 37.39898378, 0], [34.078567354, 37.399384146, 0], [34.078705658, 37.39951752, 0], [34.079186522, 37.399994903, 0], [34.079502183, 37.401178335, 0], [34.079788055, 37.401641995, 0], [34.080173582, 37.402265334, 0], [34.08066206, 37.403271002, 0], [34.080411785, 37.40393124, 0], [34.080982745, 37.404801517, 0], [34.081487118, 37.405102494, 0], [34.080684994, 37.406223686, 0], [34.080222299, 37.407015274, 0], [34.079104816, 37.406978887, 0], [34.079018109, 37.406819089, 0], [34.078056645, 37.407247448, 0], [34.077436238, 37.408492675, 0], [34.076996852, 37.40891113, 0], [34.076177839, 37.409699369, 0], [34.075514223, 37.410330736, 0], [34.07479598, 37.411032887, 0], [34.074455398, 37.411220995, 0], [34.073038606, 37.412062766, 0], [34.071698501, 37.412860929, 0], [34.070784801, 37.413412799, 0], [34.052422214, 37.413073745, 0], [34.035067056, 37.412735278, 0], [34.017455408, 37.412865083, 0], [34.017080922, 37.41503655, 0], [34.017307015, 37.416850667, 0], [34.018460064, 37.422710946, 0], [34.018193719, 37.423007025, 0], [34.018058282, 37.423982458, 0], [34.017669704, 37.426154766, 0], [34.018571261, 37.42919966, 0], [34.016324511, 37.42662504, 0], [34.014107951, 37.424529094, 0], [34.011320825, 37.423432712, 0], [34.008776925, 37.422149175, 0], [34.008111793, 37.421981101, 0], [33.999544726, 37.418890424, 0], [33.995529657, 37.418901683, 0], [33.992183973, 37.418977572, 0], [33.990674392, 37.419054125, 0], [33.98714293, 37.41968079, 0], [33.984607287, 37.421293155, 0], [33.983419313, 37.421758952, 0], [33.982457898, 37.422090831, 0], [33.980638076, 37.422608892, 0], [33.977814133, 37.423397388, 0], [33.975741584, 37.423957656, 0], [33.974690794, 37.424258398, 0], [33.973092831, 37.424709538, 0], [33.971144238, 37.425239597, 0], [33.970013216, 37.425558439, 0], [33.968400248, 37.425992156, 0], [33.96637909, 37.426581038, 0], [33.9652277, 37.426703093, 0], [33.963890341, 37.426851706, 0], [33.962662633, 37.426982649, 0], [33.961518645, 37.427108752, 0], [33.960766248, 37.427181648, 0], [33.959483238, 37.427405649, 0], [33.957897419, 37.427681295, 0], [33.956574724, 37.427908109, 0], [33.954959695, 37.42818981, 0], [33.952182375, 37.428650279, 0], [33.950720655, 37.428889774, 0], [33.948296136, 37.429283059, 0], [33.950280519, 37.4258118, 0], [33.950198184, 37.423551747, 0], [33.950193611, 37.422577692, 0], [33.950276326, 37.421829583, 0], [33.949873828, 37.420981197, 0], [33.949812403, 37.420375192, 0], [33.949718001, 37.41958561, 0], [33.949742561, 37.419095258, 0], [33.948991238, 37.417992381, 0], [33.948202501, 37.417527118, 0], [33.947305167, 37.416932499, 0], [33.946780874, 37.416782416, 0], [33.946611696, 37.414091113, 0], [33.946431268, 37.412822604, 0], [33.946056246, 37.412069509, 0], [33.946046396, 37.410211788, 0], [33.94646656, 37.40808054, 0], [33.946963906, 37.405635508, 0], [33.947163635, 37.402738659, 0], [33.945071577, 37.400977082, 0], [33.942110409, 37.399730395, 0], [33.937362427, 37.399895106, 0], [33.934849071, 37.400507806, 0], [33.933741557, 37.411886505, 0], [33.92855806, 37.414727862, 0], [33.926763984, 37.415718197, 0], [33.925509127, 37.41641293, 0], [33.924210281, 37.417139445, 0], [33.923784397, 37.417426197, 0], [33.922296339, 37.418425878, 0], [33.920739772, 37.419473206, 0], [33.920088846, 37.419923101, 0], [33.919285966, 37.420460777, 0], [33.918111228, 37.421257094, 0], [33.916251068, 37.422515435, 0], [33.913587977, 37.424319136, 0], [33.911512157, 37.425712896, 0], [33.90905956, 37.427392851, 0], [33.907512311, 37.428424253, 0], [33.905974804, 37.42945556, 0], [33.905542044, 37.431643536, 0], [33.905211294, 37.433279651, 0], [33.90487089, 37.434943416, 0], [33.904484436, 37.43687915, 0], [33.904609125, 37.438216548, 0], [33.904792184, 37.43988802, 0], [33.905011116, 37.441673486, 0], [33.905163987, 37.443305896, 0], [33.905293782, 37.444655058, 0], [33.905439354, 37.446082863, 0], [33.905580726, 37.447362905, 0], [33.902200872, 37.449187608, 0], [33.893978463, 37.453615429, 0], [33.892280792, 37.454525748, 0], [33.890857955, 37.455296181, 0], [33.890252783, 37.454400637, 0], [33.8888104, 37.453906919, 0], [33.887922522, 37.453897191, 0], [33.887790564, 37.455566637, 0], [33.88764724, 37.455911876, 0], [33.887635363, 37.456121852, 0], [33.887735413, 37.456406505, 0], [33.88768021, 37.456752975, 0], [33.887886254, 37.456957348, 0], [33.887887892, 37.457095938, 0], [33.888016679, 37.457255922, 0], [33.888745423, 37.458138652, 0], [33.888607821, 37.45818745, 0], [33.888560453, 37.458463027, 0], [33.888582936, 37.459196963, 0], [33.888551377, 37.459595074, 0], [33.888545153, 37.459699478, 0], [33.888529249, 37.460357011, 0], [33.888539235, 37.460704523, 0], [33.888552241, 37.460968382, 0], [33.888645128, 37.461119624, 0], [33.888716402, 37.461304011, 0], [33.888778719, 37.461669062, 0], [33.888849942, 37.461849034, 0], [33.888996649, 37.462111977, 0], [33.88920733, 37.462485916, 0], [33.889368616, 37.462649078, 0], [33.88943046, 37.462777031, 0], [33.888051655, 37.463004946, 0], [33.885608218, 37.463489465, 0], [33.883943904, 37.464029028, 0], [33.882945376, 37.464952096, 0], [33.881391625, 37.466017989, 0], [33.880768424, 37.466127083, 0], [33.879161964, 37.466407328, 0], [33.875808047, 37.466834701, 0], [33.874167208, 37.467424779, 0], [33.869059239, 37.468373011, 0], [33.85948076, 37.47033429, 0], [33.855795789, 37.470868852, 0], [33.851738607, 37.471528634, 0], [33.849106971, 37.471959054, 0], [33.847473155, 37.472233478, 0], [33.845521276, 37.472545121, 0], [33.841363737, 37.47308703, 0], [33.840957748, 37.473124976, 0], [33.840534817, 37.473132311, 0], [33.839520531, 37.473297138, 0], [33.839021202, 37.473344482, 0], [33.838395615, 37.473401461, 0], [33.838071522, 37.473399345, 0], [33.837152704, 37.473261397, 0], [33.836505154, 37.473314106, 0], [33.835209711, 37.473388966, 0], [33.834471304, 37.473431402, 0], [33.833815398, 37.473470998, 0], [33.833050522, 37.473599044, 0], [33.832009444, 37.473586732, 0], [33.830461475, 37.473680801, 0], [33.830291247, 37.473686323, 0], [33.827781125, 37.473695191, 0], [33.827308573, 37.473685343, 0], [33.82659909, 37.473602713, 0], [33.825802779, 37.473612696, 0], [33.82042074, 37.473702724, 0], [33.819166757, 37.473562548, 0], [33.815318987, 37.473308979, 0], [33.813660344, 37.473329243, 0], [33.812140462, 37.473340419, 0], [33.808545536, 37.471761228, 0], [33.806821925, 37.471451735, 0], [33.804636191, 37.471867576, 0], [33.801999364, 37.473890464, 0], [33.801535725, 37.474200013, 0], [33.800344207, 37.474746639, 0], [33.79905233, 37.47517128, 0], [33.797817842, 37.475310924, 0], [33.795368912, 37.475397545, 0], [33.794449505, 37.475718875, 0], [33.791199381, 37.476931511, 0], [33.790327455, 37.477602783, 0], [33.785531636, 37.481250868, 0], [33.784450524, 37.481879689, 0], [33.779806292, 37.483258787, 0], [33.776799104, 37.483576347, 0], [33.773823105, 37.484795355, 0], [33.77025131, 37.485781882, 0], [33.768091438, 37.486233739, 0], [33.765206465, 37.486707738, 0], [33.763846677, 37.486979233, 0], [33.761806091, 37.487290069, 0], [33.761092729, 37.48737343, 0], [33.758139958, 37.487663851, 0], [33.757006813, 37.487531071, 0], [33.7558845, 37.487380639, 0], [33.75204293, 37.487247534, 0], [33.752100674, 37.487527346, 0], [33.752273558, 37.488331818, 0], [33.75070512, 37.48971205, 0], [33.749420845, 37.49040096, 0], [33.749430642, 37.490513276, 0], [33.749720406, 37.491217158, 0], [33.749397279, 37.490432291, 0], [33.750308996, 37.504877219, 0], [33.751516702, 37.525199541, 0], [33.752718598, 37.543755142, 0], [33.754984235, 37.550471048, 0], [33.754998552, 37.550529893, 0], [33.755324597, 37.55146963, 0], [33.755719754, 37.552660893, 0], [33.756071305, 37.553646875, 0], [33.756383539, 37.55461211, 0], [33.756530006, 37.555072665, 0], [33.756767648, 37.555723055, 0], [33.756914409, 37.556202983, 0], [33.757193977, 37.556991794, 0], [33.757353109, 37.557494261, 0], [33.75757847, 37.558138239, 0], [33.757774992, 37.558727519, 0], [33.758058888, 37.559545408, 0], [33.758359722, 37.560430956, 0], [33.758514435, 37.560901188, 0], [33.758636033, 37.561300529, 0], [33.758897149, 37.56157353, 0], [33.756549011, 37.562124258, 0], [33.754281245, 37.560638847, 0], [33.750812805, 37.558948535, 0], [33.74786286, 37.557902063, 0], [33.742478173, 37.556098541, 0], [33.73672749, 37.556636877, 0], [33.727567313, 37.557463009, 0], [33.719991476, 37.558160547, 0], [33.711701514, 37.558885156, 0], [33.707916569, 37.559256214, 0], [33.700703122, 37.559917629, 0], [33.700777291, 37.557259518, 0], [33.700810205, 37.55528078, 0], [33.700881848, 37.552233822, 0], [33.701003732, 37.547723585, 0], [33.701116187, 37.542376923, 0], [33.695852083, 37.542149507, 0], [33.691425564, 37.543729776, 0], [33.685187143, 37.545185228, 0], [33.681743347, 37.545993514, 0], [33.680636432, 37.545594456, 0], [33.678384029, 37.546778684, 0], [33.674685145, 37.54782515, 0], [33.67176909, 37.549047107, 0], [33.66871271, 37.550204991, 0], [33.665485945, 37.5512147, 0], [33.662154352, 37.552130195, 0], [33.659060308, 37.553696367, 0], [33.656237692, 37.554972031, 0], [33.65235472, 37.556060366, 0], [33.649734041, 37.556799366, 0], [33.649002317, 37.556977318, 0], [33.645634946, 37.557391847, 0], [33.642316212, 37.558277875, 0], [33.639299138, 37.55936954, 0], [33.635440047, 37.559455976, 0], [33.635148193, 37.558543746, 0], [33.633541356, 37.553841348, 0], [33.63261137, 37.548942807, 0], [33.632398561, 37.547123462, 0], [33.632374095, 37.545221461, 0], [33.629121883, 37.545491703, 0], [33.628971911, 37.545518456, 0], [33.628279174, 37.54439503, 0], [33.627968512, 37.543971683, 0], [33.627254765, 37.542955153, 0], [33.627033894, 37.543053474, 0], [33.626011771, 37.543333578, 0], [33.625563366, 37.543392638, 0], [33.625225064, 37.543412904, 0], [33.624711579, 37.543503577, 0], [33.623572187, 37.543748593, 0], [33.623551626, 37.543543862, 0], [33.623272939, 37.543605262, 0], [33.621761953, 37.543785623, 0], [33.621811549, 37.544092667, 0], [33.619927064, 37.544250008, 0], [33.617193176, 37.544154382, 0], [33.617237875, 37.543484566, 0], [33.615926802, 37.543548907, 0], [33.615957951, 37.543908498, 0], [33.615927019, 37.543961108, 0], [33.615651714, 37.544060052, 0], [33.613740488, 37.544019984, 0], [33.613561419, 37.543993428, 0], [33.613584132, 37.544088295, 0], [33.611896, 37.544024688, 0], [33.611200398, 37.543980978, 0], [33.610703653, 37.543963631, 0], [33.610714788, 37.543531995, 0], [33.610683183, 37.543284963, 0], [33.610326094, 37.54332565, 0], [33.609706096, 37.54344069, 0], [33.609011783, 37.543497262, 0], [33.608812893, 37.542674332, 0], [33.608766929, 37.542474415, 0], [33.608677394, 37.542368987, 0], [33.603567287, 37.542466136, 0], [33.603455496, 37.54235478, 0], [33.603017571, 37.542128836, 0], [33.60239605, 37.541776219, 0], [33.60212781, 37.541524623, 0], [33.601356705, 37.54052562, 0], [33.600807251, 37.540124865, 0], [33.600122415, 37.540196206, 0], [33.599766846, 37.540239106, 0], [33.599630031, 37.540253769, 0], [33.599323816, 37.540281999, 0], [33.59899613, 37.540298441, 0], [33.598763148, 37.540333326, 0], [33.598439108, 37.540362185, 0], [33.598189991, 37.540387058, 0], [33.597915616, 37.540416835, 0], [33.597616134, 37.540458543, 0], [33.597475203, 37.540472233, 0], [33.597239302, 37.540492351, 0], [33.59708506, 37.540498989, 0], [33.596941208, 37.540520984, 0], [33.596843097, 37.540519948, 0], [33.596407049, 37.540525846, 0], [33.596249792, 37.540575754, 0], [33.594038151, 37.541130225, 0], [33.594083265, 37.540851531, 0], [33.593185127, 37.539815173, 0], [33.592884651, 37.539189004, 0], [33.592674906, 37.538055641, 0], [33.592790243, 37.537285267, 0], [33.59328296, 37.535963543, 0], [33.593282954, 37.535880363, 0], [33.592388423, 37.535869262, 0], [33.591388987, 37.534605667, 0], [33.591190668, 37.53439506, 0], [33.591054531, 37.534470901, 0], [33.590982679, 37.534532001, 0], [33.590878981, 37.534614437, 0], [33.590735079, 37.534711675, 0], [33.590421062, 37.53496738, 0], [33.590210498, 37.535156961, 0], [33.590102851, 37.535259604, 0], [33.58981668, 37.535555542, 0], [33.589655464, 37.535742082, 0], [33.589469716, 37.535966324, 0], [33.589347709, 37.536094721, 0], [33.589256858, 37.536173397, 0], [33.589023501, 37.536349572, 0], [33.58801234, 37.535999542, 0], [33.586771755, 37.535921901, 0], [33.585153771, 37.535683633, 0], [33.584108876, 37.535564441, 0], [33.583004673, 37.53551177, 0], [33.581701208, 37.535412036, 0], [33.580859818, 37.53538022, 0], [33.580539829, 37.535412073, 0], [33.580132419, 37.535424258, 0], [33.57980849, 37.535453515, 0], [33.579559709, 37.535460413, 0], [33.579256941, 37.535438107, 0], [33.579022255, 37.535408798, 0], [33.578809187, 37.535386952, 0], [33.578565047, 37.535366249, 0], [33.577775239, 37.53536624, 0], [33.578042786, 37.536509081, 0], [33.576229572, 37.53653984, 0], [33.576226595, 37.5362257, 0], [33.57622865, 37.535910454, 0], [33.576292302, 37.535473337, 0], [33.576326556, 37.535327627, 0], [33.576508525, 37.534522698, 0], [33.576620796, 37.534169695, 0], [33.576748879, 37.533821841, 0], [33.576837377, 37.53361801, 0], [33.576933236, 37.532855225, 0], [33.576992988, 37.532167055, 0], [33.577011222, 37.531820098, 0], [33.577100363, 37.531494243, 0], [33.577278521, 37.531202108, 0], [33.577375126, 37.531009412, 0], [33.577311717, 37.530435213, 0], [33.577332484, 37.530150786, 0], [33.577499567, 37.529451546, 0], [33.577699122, 37.528461514, 0], [33.577641999, 37.528097532, 0], [33.577374369, 37.527253794, 0], [33.577306118, 37.526789654, 0], [33.577347844, 37.525579871, 0], [33.577426247, 37.525060582, 0], [33.57745697, 37.524469701, 0], [33.577393648, 37.524087816, 0], [33.577344328, 37.523960718, 0], [33.577182912, 37.522438133, 0], [33.577086497, 37.521575623, 0], [33.577006769, 37.52055325, 0], [33.576936928, 37.520026754, 0], [33.576866813, 37.519998078, 0], [33.576349234, 37.52012578, 0], [33.575977203, 37.520189597, 0], [33.575110899, 37.520329988, 0], [33.574674133, 37.520421872, 0], [33.574302385, 37.520486493, 0], [33.573828009, 37.520614785, 0], [33.573039084, 37.520783172, 0], [33.571761502, 37.52104413, 0], [33.571141995, 37.521195192, 0], [33.570331277, 37.521444504, 0], [33.570211082, 37.521444363, 0], [33.569802012, 37.521510772, 0], [33.569081427, 37.521624281, 0], [33.568594259, 37.521655375, 0], [33.567940128, 37.52167222, 0], [33.567737179, 37.52169933, 0], [33.567153134, 37.521852364, 0], [33.566435686, 37.521949711, 0], [33.565730672, 37.522075021, 0], [33.565495392, 37.522170953, 0], [33.565340208, 37.522307866, 0], [33.564680518, 37.522652843, 0], [33.564055986, 37.522995486, 0], [33.562985539, 37.523546444, 0], [33.562883188, 37.523077321, 0], [33.562673682, 37.522356284, 0], [33.562353457, 37.521517087, 0], [33.562202889, 37.520802076, 0], [33.562125014, 37.520074103, 0], [33.56206469, 37.518338964, 0], [33.562192066, 37.517679766, 0], [33.562155413, 37.516599951, 0], [33.562085044, 37.515814535, 0], [33.562068229, 37.515687547, 0], [33.561976552, 37.514586274, 0], [33.561993432, 37.514460568, 0], [33.561946897, 37.51380445, 0], [33.562531423, 37.513809599, 0], [33.562700362, 37.5136172, 0], [33.562841804, 37.51310582, 0], [33.562962523, 37.511127395, 0], [33.563097251, 37.510008642, 0], [33.563174583, 37.509683303, 0], [33.56352337, 37.509548984, 0], [33.564600502, 37.509702091, 0], [33.566048772, 37.510024277, 0], [33.569316882, 37.51075332, 0], [33.571055762, 37.510955086, 0], [33.570474917, 37.510339583, 0], [33.570478758, 37.509593646, 0], [33.570571423, 37.508504377, 0], [33.570780097, 37.506574363, 0], [33.571897954, 37.506309052, 0], [33.572997885, 37.5061653, 0], [33.573486007, 37.505577065, 0], [33.573905273, 37.505001689, 0], [33.574320166, 37.50425808, 0], [33.574664104, 37.50268121, 0], [33.57473868, 37.501809122, 0], [33.57470862, 37.501477899, 0], [33.577378841, 37.501267969, 0], [33.578078144, 37.501180017, 0], [33.578365684, 37.501060374, 0], [33.57888148, 37.500827953, 0], [33.579713691, 37.500374356, 0], [33.580098884, 37.500011087, 0], [33.580527299, 37.499844785, 0], [33.58093887, 37.499756428, 0], [33.581074467, 37.499677898, 0], [33.581315487, 37.499214669, 0], [33.581621055, 37.498979305, 0], [33.581961586, 37.498392843, 0], [33.581314538, 37.497840352, 0], [33.580945946, 37.49733371, 0], [33.580071898, 37.497486882, 0], [33.578992465, 37.495832535, 0], [33.578694307, 37.495601037, 0], [33.578284715, 37.495459482, 0], [33.578299582, 37.493782013, 0], [33.576224961, 37.493334972, 0], [33.57660985, 37.491441754, 0], [33.576168846, 37.491397043, 0], [33.575440204, 37.491381849, 0], [33.57494096, 37.491393652, 0], [33.574524433, 37.491475343, 0], [33.573645327, 37.491765113, 0], [33.572952561, 37.49195304, 0], [33.572584566, 37.49208775, 0], [33.572282639, 37.492250256, 0], [33.571795828, 37.492511076, 0], [33.570334293, 37.492549952, 0], [33.569820509, 37.492588929, 0], [33.568435737, 37.492639397, 0], [33.568134884, 37.492698791, 0], [33.567644629, 37.492765583, 0], [33.566362722, 37.492998565, 0], [33.56585861, 37.493046761, 0], [33.564629984, 37.493072555, 0], [33.564328, 37.493093914, 0], [33.564316435, 37.494334196, 0], [33.564324292, 37.495093416, 0], [33.564285079, 37.495857818, 0], [33.564193506, 37.496718266, 0], [33.563108098, 37.496605838, 0], [33.562230479, 37.496610017, 0], [33.561859416, 37.496652066, 0], [33.561590239, 37.496771042, 0], [33.561480055, 37.496906745, 0], [33.561273995, 37.496920881, 0], [33.560627747, 37.497065167, 0], [33.559973435, 37.497229223, 0], [33.559286289, 37.497406589, 0], [33.558766676, 37.497595144, 0], [33.558409632, 37.497691638, 0], [33.556804025, 37.49815531, 0], [33.555536221, 37.498558706, 0], [33.554028219, 37.498979976, 0], [33.552127912, 37.499616824, 0], [33.551326296, 37.499926434, 0], [33.549699251, 37.50040543, 0], [33.548383211, 37.50084421, 0], [33.548483426, 37.500935937, 0], [33.547688576, 37.501090304, 0], [33.542375015, 37.501665265, 0], [33.538961241, 37.501917811, 0], [33.537868084, 37.501992185, 0], [33.537403681, 37.502046567, 0], [33.536312128, 37.50218905, 0], [33.535487471, 37.502277052, 0], [33.534640489, 37.502374522, 0], [33.534532976, 37.502958263, 0], [33.533432159, 37.50283725, 0], [33.532055208, 37.502692328, 0], [33.531653721, 37.502634476, 0], [33.531254908, 37.502611578, 0], [33.531261214, 37.502540355, 0], [33.53045154, 37.502505692, 0], [33.530109585, 37.502501729, 0], [33.529662731, 37.502360623, 0], [33.528804875, 37.50202868, 0], [33.528788662, 37.502044704, 0], [33.528454428, 37.502050525, 0], [33.528161658, 37.502035522, 0], [33.527058469, 37.50201179, 0], [33.526357813, 37.502009777, 0], [33.525909896, 37.501981762, 0], [33.52545647, 37.50193971, 0], [33.524728687, 37.501847328, 0], [33.524699058, 37.501826281, 0], [33.524410166, 37.501792057, 0], [33.52365559, 37.501736916, 0], [33.523111212, 37.501695889, 0], [33.522343226, 37.501617098, 0], [33.521391345, 37.501536409, 0], [33.520448511, 37.50146847, 0], [33.519669774, 37.501412689, 0], [33.51939809, 37.501397482, 0], [33.517679803, 37.501329683, 0], [33.516501211, 37.501327812, 0], [33.516081094, 37.50133911, 0], [33.515328535, 37.501358887, 0], [33.51466399, 37.501356917, 0], [33.513745439, 37.501373261, 0], [33.513619943, 37.501343796, 0], [33.513007233, 37.500859091, 0], [33.512783829, 37.50090485, 0], [33.512184806, 37.500975128, 0], [33.511904837, 37.501016625, 0], [33.511480247, 37.501069652, 0], [33.510460418, 37.501201041, 0], [33.509969354, 37.501274536, 0], [33.509348607, 37.501361295, 0], [33.50875846, 37.501434402, 0], [33.507355072, 37.501632301, 0], [33.507149875, 37.501667247, 0], [33.506991997, 37.501677477, 0], [33.507038851, 37.502342901, 0], [33.507068721, 37.502552121, 0], [33.506803822, 37.502574796, 0], [33.503154437, 37.503026933, 0], [33.50082807, 37.503343134, 0], [33.500210236, 37.503353321, 0], [33.499688778, 37.503363548, 0], [33.498426933, 37.503375817, 0], [33.498467951, 37.503932314, 0], [33.498522282, 37.504400256, 0], [33.496778586, 37.504617129, 0], [33.495391655, 37.504806076, 0], [33.492137368, 37.505211065, 0], [33.488688214, 37.505655523, 0], [33.488679841, 37.506389313, 0], [33.488681393, 37.506856487, 0], [33.48862362, 37.506939366, 0], [33.485749027, 37.508106734, 0], [33.483970399, 37.506761336, 0], [33.484102017, 37.507262764, 0], [33.484483457, 37.508363995, 0], [33.484322822, 37.508397818, 0], [33.48347535, 37.50828143, 0], [33.481989319, 37.507990737, 0], [33.481154018, 37.507923217, 0], [33.478805505, 37.507600757, 0], [33.474780784, 37.507193526, 0], [33.471301848, 37.50679038, 0], [33.468032901, 37.506451456, 0], [33.464853409, 37.50622483, 0], [33.461172288, 37.505865889, 0], [33.458215363, 37.505578826, 0], [33.456817766, 37.505582976, 0], [33.455440848, 37.5054742, 0], [33.449681521, 37.504654089, 0], [33.446362156, 37.504433986, 0], [33.444065172, 37.504183456, 0], [33.444031602, 37.503918359, 0], [33.443080208, 37.50395861, 0], [33.442245899, 37.503998414, 0], [33.440951787, 37.501668513, 0], [33.439674378, 37.49935719, 0], [33.438726668, 37.499220215, 0], [33.438655432, 37.498844048, 0], [33.436843685, 37.499093904, 0], [33.434316586, 37.499701526, 0], [33.433465935, 37.499957436, 0], [33.431318623, 37.500394896, 0], [33.430017256, 37.50071605, 0], [33.429388873, 37.500820982, 0], [33.429128713, 37.500566167, 0], [33.42802296, 37.499479545, 0], [33.427194005, 37.49824087, 0], [33.426381813, 37.49684451, 0], [33.425989955, 37.496277896, 0], [33.425271861, 37.495592866, 0], [33.423982212, 37.494362584, 0], [33.423066421, 37.49307066, 0], [33.421909119, 37.491706323, 0], [33.421671234, 37.491471147, 0], [33.421388793, 37.491175118, 0], [33.420536133, 37.490197828, 0], [33.41973506, 37.489417171, 0], [33.419304, 37.489046956, 0], [33.418509229, 37.48838829, 0], [33.418208279, 37.488114128, 0], [33.417424825, 37.487474341, 0], [33.416733735, 37.486919657, 0], [33.416471551, 37.486619849, 0], [33.415828947, 37.485756417, 0], [33.415569319, 37.485445244, 0], [33.415286098, 37.485100898, 0], [33.414994973, 37.484692955, 0], [33.414516433, 37.484093352, 0], [33.41352719, 37.48289272, 0], [33.412724817, 37.48181408, 0], [33.412493562, 37.48156949, 0], [33.412166195, 37.481146526, 0], [33.411633734, 37.480400202, 0], [33.411268052, 37.479910679, 0], [33.411002072, 37.479590506, 0], [33.410767007, 37.479345925, 0], [33.410395902, 37.478920134, 0], [33.410016993, 37.478430743, 0], [33.409882863, 37.478240334, 0], [33.409722204, 37.478059118, 0], [33.409178526, 37.477334, 0], [33.408428477, 37.476405109, 0], [33.408324925, 37.4762282, 0], [33.408106321, 37.476228955, 0], [33.406253279, 37.475711559, 0], [33.404723229, 37.475263772, 0], [33.404600528, 37.475234993, 0], [33.404456414, 37.475178531, 0], [33.404115399, 37.47509976, 0], [33.403838045, 37.475031496, 0], [33.403582914, 37.474950808, 0], [33.403311179, 37.474851792, 0], [33.402819014, 37.474655836, 0], [33.402213622, 37.474405651, 0], [33.402061299, 37.474365524, 0], [33.400984219, 37.474013748, 0], [33.399650079, 37.473618312, 0], [33.398691477, 37.473287202, 0], [33.397823376, 37.473032653, 0], [33.396800142, 37.472715534, 0], [33.395422909, 37.472310101, 0], [33.394831832, 37.472113631, 0], [33.393903182, 37.471813654, 0], [33.39346925, 37.47168803, 0], [33.39213131, 37.471263772, 0], [33.391835633, 37.471164268, 0], [33.391396192, 37.471053795, 0], [33.391028418, 37.470916406, 0], [33.390675213, 37.470818352, 0], [33.390405005, 37.470720022, 0], [33.390090195, 37.470634635, 0], [33.390003889, 37.470608154, 0], [33.389576919, 37.470437883, 0], [33.389173412, 37.470314034, 0], [33.388679978, 37.47013037, 0], [33.388460069, 37.47009171, 0], [33.388286504, 37.469836068, 0], [33.388207646, 37.469698622, 0], [33.389993789, 37.469399851, 0], [33.389733803, 37.468646489, 0], [33.388856831, 37.468751484, 0], [33.386436253, 37.468988419, 0], [33.386102132, 37.469008165, 0], [33.385117284, 37.469082303, 0], [33.384915306, 37.468374883, 0], [33.383606038, 37.468522251, 0], [33.38171157, 37.468737464, 0], [33.381627046, 37.468088057, 0], [33.381057611, 37.468173346, 0], [33.379893569, 37.468327685, 0], [33.37957682, 37.468370969, 0], [33.379378574, 37.468391522, 0], [33.378751236, 37.468460764, 0], [33.377834777, 37.468486137, 0], [33.376858939, 37.468497903, 0], [33.37670567, 37.468449907, 0], [33.376740739, 37.469101638, 0], [33.376577912, 37.469100715, 0], [33.376624776, 37.469519807, 0], [33.376645462, 37.46972089, 0], [33.376662338, 37.46988765, 0], [33.376715611, 37.470115485, 0], [33.376646656, 37.470126339, 0], [33.376641407, 37.470083909, 0], [33.376327235, 37.470103475, 0], [33.375892458, 37.470136671, 0], [33.375179351, 37.470195983, 0], [33.374999773, 37.4702025, 0], [33.374688797, 37.470208804, 0], [33.374622924, 37.470201713, 0], [33.374078786, 37.470203436, 0], [33.373506477, 37.470222098, 0], [33.373223824, 37.470222991, 0], [33.372891905, 37.470274777, 0], [33.372602192, 37.470281278, 0], [33.371648369, 37.470318076, 0], [33.371097311, 37.470353602, 0], [33.370687458, 37.470354888, 0], [33.370164572, 37.47037347, 0], [33.369768939, 37.470402826, 0], [33.369090635, 37.470410623, 0], [33.368610068, 37.470406535, 0], [33.368221494, 37.470430277, 0], [33.368155836, 37.470714271, 0], [33.367442973, 37.470749744, 0], [33.366997695, 37.470753921, 0], [33.366521095, 37.470741521, 0], [33.365217778, 37.47078629, 0], [33.364594952, 37.47083138, 0], [33.363094305, 37.470857628, 0], [33.362254523, 37.470855879, 0], [33.361350724, 37.470845218, 0], [33.360744122, 37.470832111, 0], [33.359874604, 37.470755004, 0], [33.358805153, 37.470718422, 0], [33.357385767, 37.470712719, 0], [33.356401803, 37.470649992, 0], [33.356481553, 37.469710513, 0], [33.356418347, 37.468948643, 0], [33.356318092, 37.467748177, 0], [33.356220423, 37.467308592, 0], [33.355864863, 37.466582479, 0], [33.355395312, 37.466733402, 0], [33.354964126, 37.466853567, 0], [33.354519707, 37.466955836, 0], [33.354181699, 37.467060758, 0], [33.353871351, 37.467158387, 0], [33.353507572, 37.467236889, 0], [33.353333167, 37.467310949, 0], [33.352954964, 37.467435905, 0], [33.352542854, 37.467568801, 0], [33.352227783, 37.467674191, 0], [33.351975549, 37.467736855, 0], [33.351464484, 37.467867518, 0], [33.35085359, 37.467908265, 0], [33.350279511, 37.467944935, 0], [33.349689436, 37.467991201, 0], [33.349191164, 37.468046657, 0], [33.348569196, 37.468093012, 0], [33.348044854, 37.468117177, 0], [33.347692038, 37.46812867, 0], [33.347352431, 37.46815337, 0], [33.347025948, 37.468172713, 0], [33.346729153, 37.468178902, 0], [33.346198055, 37.468154143, 0], [33.345749599, 37.46817384, 0], [33.345492245, 37.468158821, 0], [33.345235866, 37.46809234, 0], [33.344975761, 37.468046778, 0], [33.344607428, 37.468070653, 0], [33.34436067, 37.468088495, 0], [33.344171311, 37.468137531, 0], [33.343998032, 37.46821572, 0], [33.343622875, 37.468480774, 0], [33.342900908, 37.469052885, 0], [33.342074123, 37.469627366, 0], [33.341429594, 37.469966191, 0], [33.340642349, 37.470360488, 0], [33.340081535, 37.469728013, 0], [33.339641922, 37.469272275, 0], [33.339507177, 37.469438935, 0], [33.33942788, 37.469576596, 0], [33.339165338, 37.47010699, 0], [33.337514132, 37.469561979, 0], [33.335870135, 37.469018097, 0], [33.335596116, 37.468884415, 0], [33.335362935, 37.468748724, 0], [33.334888506, 37.468654541, 0], [33.334398075, 37.468547604, 0], [33.333802302, 37.468406176, 0], [33.333507262, 37.46832527, 0], [33.333186108, 37.468159362, 0], [33.332200539, 37.468417448, 0], [33.327885213, 37.466233072, 0], [33.326042113, 37.464256773, 0], [33.323514154, 37.461918773, 0], [33.322922967, 37.461677514, 0], [33.322879355, 37.461662132, 0], [33.322667914, 37.461975068, 0], [33.321288456, 37.461782182, 0], [33.321031771, 37.461721236, 0], [33.320940618, 37.461883431, 0], [33.320847533, 37.462008321, 0], [33.320406423, 37.461797823, 0], [33.319972626, 37.461596046, 0], [33.319611692, 37.461402722, 0], [33.31884609, 37.461036465, 0], [33.318375826, 37.460808645, 0], [33.318029339, 37.460612303, 0], [33.317701265, 37.460447903, 0], [33.317538279, 37.460625248, 0], [33.317360894, 37.460837419, 0], [33.317037018, 37.461292227, 0], [33.316846967, 37.46126552, 0], [33.316564021, 37.461211304, 0], [33.316301879, 37.461181815, 0], [33.316019177, 37.461185275, 0], [33.31554683, 37.461170135, 0], [33.315246947, 37.46119013, 0], [33.314840402, 37.461257182, 0], [33.314450877, 37.461269214, 0], [33.313995952, 37.461295116, 0], [33.313685764, 37.46132622, 0], [33.312192244, 37.461433632, 0], [33.311958913, 37.461470567, 0], [33.311273894, 37.461482917, 0], [33.311724702, 37.462396637, 0], [33.310395031, 37.462806761, 0], [33.309949839, 37.462120937, 0], [33.308909135, 37.462486037, 0], [33.308488824, 37.461792483, 0], [33.308341221, 37.461520973, 0], [33.308096496, 37.460963041, 0], [33.308015994, 37.460727675, 0], [33.307229148, 37.460965299, 0], [33.306846102, 37.46085157, 0], [33.306099666, 37.461716953, 0], [33.305422643, 37.462389204, 0], [33.304855853, 37.462585959, 0], [33.30495759, 37.461163318, 0], [33.302421774, 37.461409734, 0], [33.29790465, 37.459252892, 0], [33.297773927, 37.459159496, 0], [33.297225114, 37.4590439, 0], [33.296839174, 37.460150113, 0], [33.295397472, 37.459966633, 0], [33.294198464, 37.4598485, 0], [33.294147984, 37.459934601, 0], [33.29356811, 37.45991171, 0], [33.293244535, 37.459906024, 0], [33.292880431, 37.459908549, 0], [33.292471229, 37.459919205, 0], [33.292211241, 37.45993616, 0], [33.29221025, 37.459945174, 0], [33.29211638, 37.459927742, 0], [33.292179503, 37.459135964, 0], [33.291368553, 37.459177528, 0], [33.290916317, 37.459222621, 0], [33.290403466, 37.45928985, 0], [33.289344211, 37.45933201, 0], [33.28954918, 37.460958914, 0], [33.289719691, 37.462256058, 0], [33.290209778, 37.462252512, 0], [33.290358888, 37.46418506, 0], [33.292908119, 37.465503008, 0], [33.295339774, 37.466754325, 0], [33.296054965, 37.467191966, 0], [33.296158677, 37.467408627, 0], [33.296125511, 37.467653208, 0], [33.296103493, 37.467816202, 0], [33.296115531, 37.468007678, 0], [33.298379185, 37.469916604, 0], [33.297263693, 37.470583514, 0], [33.298936575, 37.472330343, 0], [33.298431215, 37.4732942, 0], [33.299355544, 37.473396223, 0], [33.300205974, 37.475284529, 0], [33.30212461, 37.475528644, 0], [33.301391104, 37.478108059, 0], [33.300986472, 37.479282822, 0], [33.303142072, 37.479909961, 0], [33.30283944, 37.480770668, 0], [33.302711331, 37.481151395, 0], [33.302692811, 37.481531391, 0], [33.302204697, 37.482357244, 0], [33.301977861, 37.482936398, 0], [33.301491073, 37.482749739, 0], [33.301488534, 37.483301915, 0], [33.300696531, 37.483783284, 0], [33.300519987, 37.484068063, 0], [33.300137433, 37.484104182, 0], [33.301872722, 37.487592476, 0], [33.303505018, 37.491291709, 0], [33.304676421, 37.493903089, 0], [33.306219572, 37.497132802, 0], [33.308070463, 37.501025968, 0], [33.309464522, 37.504025495, 0], [33.310483898, 37.506145153, 0], [33.311311259, 37.50782462, 0], [33.312554609, 37.508071241, 0], [33.312434964, 37.508556314, 0], [33.313708958, 37.508630442, 0], [33.313731336, 37.508158603, 0], [33.314583236, 37.508169316, 0], [33.314490257, 37.50869145, 0], [33.314421588, 37.509270655, 0], [33.314368423, 37.509786914, 0], [33.316128363, 37.510257333, 0], [33.321057193, 37.511601163, 0], [33.326571492, 37.513173067, 0], [33.323235336, 37.513458458, 0], [33.320503653, 37.513621537, 0], [33.317799118, 37.513764112, 0], [33.314128877, 37.513899644, 0], [33.313179835, 37.513925414, 0], [33.312105083, 37.513946011, 0], [33.310937459, 37.514005234, 0], [33.309544802, 37.514072155, 0], [33.308437639, 37.514063064, 0], [33.30779955, 37.514100416, 0], [33.307508534, 37.514059358, 0], [33.303520474, 37.514110313, 0], [33.302936249, 37.514061615, 0], [33.302360496, 37.514031458, 0], [33.301685265, 37.513952346, 0], [33.298610657, 37.513707909, 0], [33.297927574, 37.513670521, 0], [33.296849806, 37.513589693, 0], [33.296425757, 37.513529746, 0], [33.295868656, 37.513400648, 0], [33.295668597, 37.513305081, 0], [33.295511436, 37.513203187, 0], [33.29529192, 37.513118753, 0], [33.294247319, 37.512546572, 0], [33.292889832, 37.511748866, 0], [33.290016958, 37.511112944, 0], [33.28869713, 37.510820672, 0], [33.288233027, 37.510602722, 0], [33.288332852, 37.510235329, 0], [33.287869785, 37.510188874, 0], [33.287370292, 37.510084019, 0], [33.287076561, 37.510033634, 0], [33.286799366, 37.510037552, 0], [33.286311808, 37.510076494, 0], [33.285860944, 37.510048657, 0], [33.283641159, 37.509911436, 0], [33.281855138, 37.509744301, 0], [33.281858466, 37.509537557, 0], [33.281708656, 37.50949781, 0], [33.280923443, 37.509308895, 0], [33.280179369, 37.509416283, 0], [33.279804087, 37.509488186, 0], [33.279256475, 37.509436221, 0], [33.278879501, 37.509404758, 0], [33.278604991, 37.509377378, 0], [33.27825306, 37.509355767, 0], [33.277415369, 37.509279242, 0], [33.275923117, 37.509142598, 0], [33.274498512, 37.508265892, 0], [33.273607619, 37.507795727, 0], [33.273474454, 37.507712764, 0], [33.272931726, 37.507459699, 0], [33.272628343, 37.506827755, 0], [33.272311996, 37.506709796, 0], [33.272221056, 37.506691891, 0], [33.271181035, 37.506487366, 0], [33.27108249, 37.506636922, 0], [33.270240639, 37.50624962, 0], [33.267345626, 37.504917737, 0], [33.266499655, 37.505985862, 0], [33.265855095, 37.507185013, 0], [33.265498958, 37.507499973, 0], [33.263945259, 37.50637749, 0], [33.263942377, 37.506353885, 0], [33.263872322, 37.505774477, 0], [33.263783346, 37.505704021, 0], [33.263035558, 37.505175059, 0], [33.262747992, 37.505436237, 0], [33.262482284, 37.505252351, 0], [33.260933107, 37.506663642, 0], [33.259214403, 37.505366627, 0], [33.258405108, 37.504820648, 0], [33.257965958, 37.5045243, 0], [33.257182457, 37.505645573, 0], [33.25614304, 37.505519679, 0], [33.255437403, 37.50543415, 0], [33.252786995, 37.504672834, 0], [33.251556265, 37.504636798, 0], [33.251515189, 37.504462683, 0], [33.250964862, 37.504502605, 0], [33.250860464, 37.504754353, 0], [33.245978588, 37.503326202, 0], [33.245404935, 37.503991312, 0], [33.243320745, 37.504908721, 0], [33.240771299, 37.508322295, 0], [33.238731848, 37.507550946, 0], [33.238571766, 37.509494535, 0], [33.237266205, 37.509274656, 0], [33.237094013, 37.510204773, 0], [33.237097148, 37.511196631, 0], [33.237220123, 37.511637974, 0], [33.237684034, 37.512104676, 0], [33.23817059, 37.513970989, 0], [33.238037306, 37.514488457, 0], [33.235529946, 37.523161152, 0], [33.235385173, 37.524042815, 0], [33.228795225, 37.529895991, 0], [33.228620229, 37.530323589, 0], [33.228627882, 37.530782735, 0], [33.227706325, 37.530903834, 0], [33.227774935, 37.531921156, 0], [33.228518879, 37.531856366, 0], [33.228465509, 37.532627085, 0], [33.228208109, 37.535972025, 0], [33.228365261, 37.536881662, 0], [33.228385229, 37.537614209, 0], [33.227284696, 37.537318214, 0], [33.227206809, 37.537858633, 0], [33.228397987, 37.538247727, 0], [33.228491285, 37.538478434, 0], [33.228941249, 37.540300779, 0], [33.229041324, 37.540762539, 0], [33.228434663, 37.541123022, 0], [33.228006402, 37.541368975, 0], [33.227722327, 37.541789662, 0], [33.227605933, 37.541976254, 0], [33.22605216, 37.544529628, 0], [33.2256253, 37.544567844, 0], [33.225587394, 37.544596755, 0], [33.225556684, 37.54475209, 0], [33.225450311, 37.544798074, 0], [33.22546364, 37.544853292, 0], [33.225385987, 37.544888767, 0], [33.224768386, 37.54488706, 0], [33.224680039, 37.544967254, 0], [33.224488493, 37.544969511, 0], [33.224428731, 37.544994407, 0], [33.224389528, 37.545088837, 0], [33.224444451, 37.545256085, 0], [33.222753464, 37.544577078, 0], [33.221526366, 37.546302026, 0], [33.2197195, 37.548793427, 0], [33.218035666, 37.547890662, 0], [33.216856312, 37.547202876, 0], [33.216277728, 37.547012342, 0], [33.215621157, 37.546872144, 0], [33.215505597, 37.546842525, 0], [33.214802449, 37.546540462, 0], [33.214411566, 37.546369314, 0], [33.214044258, 37.547162764, 0], [33.213073316, 37.547001852, 0], [33.212016924, 37.546794314, 0], [33.210946791, 37.546644648, 0], [33.209278078, 37.54638789, 0], [33.209452131, 37.54774001, 0], [33.209641441, 37.549371383, 0], [33.209750718, 37.550256886, 0], [33.209928098, 37.551024482, 0], [33.210444472, 37.553389927, 0], [33.210668822, 37.554653816, 0], [33.210695259, 37.555190252, 0], [33.210944765, 37.55729356, 0], [33.211033589, 37.558630867, 0], [33.20804462, 37.558009927, 0], [33.208043047, 37.559258177, 0], [33.206991166, 37.559186848, 0], [33.206916589, 37.559397858, 0], [33.205600155, 37.559344192, 0], [33.206050342, 37.560250011, 0], [33.205355529, 37.56022752, 0], [33.205276206, 37.559390446, 0], [33.205047006, 37.558816872, 0], [33.203612637, 37.558822417, 0], [33.203581183, 37.559822349, 0], [33.203391593, 37.559870979, 0], [33.203328678, 37.559979772, 0], [33.203130203, 37.560367087, 0], [33.202225576, 37.560304474, 0], [33.200873118, 37.560191879, 0], [33.198972777, 37.560077669, 0], [33.197740414, 37.559970693, 0], [33.19745917, 37.559963143, 0], [33.197522519, 37.559697274, 0], [33.194798684, 37.560187902, 0], [33.194484828, 37.559918601, 0], [33.193931026, 37.559651045, 0], [33.192567681, 37.558853823, 0], [33.192329935, 37.559130968, 0], [33.192062993, 37.559564878, 0], [33.191780374, 37.55996718, 0], [33.191557602, 37.560260521, 0], [33.191337153, 37.560476895, 0], [33.191241105, 37.56059763, 0], [33.191074388, 37.56086898, 0], [33.190804459, 37.561198803, 0], [33.190566531, 37.561483064, 0], [33.190286519, 37.56196178, 0], [33.189826552, 37.562761971, 0], [33.188973106, 37.564080347, 0], [33.188030202, 37.563772471, 0], [33.187198936, 37.563559757, 0], [33.186138401, 37.563328834, 0], [33.186302095, 37.562733787, 0], [33.185656834, 37.562631526, 0], [33.184016189, 37.562280373, 0], [33.184324975, 37.560994786, 0], [33.179457662, 37.560687401, 0], [33.178761074, 37.560623751, 0], [33.17767351, 37.560620345, 0], [33.176688211, 37.560589019, 0], [33.175653876, 37.56046953, 0], [33.174944197, 37.560435347, 0], [33.175242798, 37.560798357, 0], [33.174511555, 37.563812048, 0], [33.174076416, 37.565729353, 0], [33.173394772, 37.56560527, 0], [33.173004145, 37.565547265, 0], [33.172336212, 37.565414954, 0], [33.172914495, 37.563319189, 0], [33.173403803, 37.561360713, 0], [33.173421581, 37.561095014, 0], [33.172671982, 37.561202724, 0], [33.172521772, 37.561211594, 0], [33.172012132, 37.561239103, 0], [33.169282173, 37.561515568, 0], [33.168378721, 37.561595082, 0], [33.167798653, 37.561653945, 0], [33.166904834, 37.561783992, 0], [33.166470559, 37.561862828, 0], [33.165855715, 37.561988599, 0], [33.165779652, 37.562003846, 0], [33.165678162, 37.56200525, 0], [33.165574849, 37.561857778, 0], [33.1655969, 37.561780785, 0], [33.165453442, 37.561423842, 0], [33.165348243, 37.561182919, 0], [33.165175014, 37.561000129, 0], [33.164876319, 37.560700177, 0], [33.1642378, 37.560159627, 0], [33.163866099, 37.559816968, 0], [33.163461163, 37.559474173, 0], [33.163199076, 37.559257527, 0], [33.162738577, 37.558907326, 0], [33.16199221, 37.558347987, 0], [33.162403777, 37.55805192, 0], [33.163027304, 37.557638313, 0], [33.163454035, 37.557406566, 0], [33.163797879, 37.557227743, 0], [33.164061293, 37.557115269, 0], [33.164508259, 37.556959551, 0], [33.164750861, 37.556894237, 0], [33.164762441, 37.556640804, 0], [33.16485111, 37.556204771, 0], [33.16493569, 37.555904915, 0], [33.163018631, 37.555541329, 0], [33.162527687, 37.555434312, 0], [33.162527607, 37.555397183, 0], [33.162850704, 37.554353421, 0], [33.163514473, 37.554513098, 0], [33.16385742, 37.55457021, 0], [33.164358525, 37.553395974, 0], [33.164667956, 37.552648721, 0], [33.164882332, 37.55215096, 0], [33.164934549, 37.552080053, 0], [33.164992162, 37.552042754, 0], [33.164995097, 37.552018507, 0], [33.16494748, 37.551974415, 0], [33.164226327, 37.551309074, 0], [33.163770437, 37.550869291, 0], [33.163552762, 37.55062726, 0], [33.163473307, 37.550537701, 0], [33.163416, 37.550415397, 0], [33.163307781, 37.550235127, 0], [33.163162989, 37.549979116, 0], [33.162929259, 37.549650051, 0], [33.16269237, 37.549327298, 0], [33.162490488, 37.549046131, 0], [33.162269555, 37.548804103, 0], [33.161785069, 37.548294869, 0], [33.161532483, 37.548047835, 0], [33.161494399, 37.548006252, 0], [33.161610052, 37.548001047, 0], [33.161662675, 37.547988268, 0], [33.161521043, 37.547851029, 0], [33.161448679, 37.547757043, 0], [33.161383862, 37.547656107, 0], [33.160929863, 37.547122405, 0], [33.160412699, 37.546513808, 0], [33.160042119, 37.546131661, 0], [33.15797154, 37.543620733, 0], [33.156224979, 37.540874035, 0], [33.156066003, 37.54064453, 0], [33.155727349, 37.540103625, 0], [33.155669679, 37.540066392, 0], [33.1550632, 37.540096929, 0], [33.15462093, 37.539277146, 0], [33.154302923, 37.538782893, 0], [33.153711974, 37.537915356, 0], [33.153739687, 37.537910904, 0], [33.1539057, 37.537891763, 0], [33.153729241, 37.53764209, 0], [33.15369418, 37.537567696, 0], [33.153635353, 37.537465487, 0], [33.153504928, 37.537223323, 0], [33.153206086, 37.536827453, 0], [33.152363999, 37.535733133, 0], [33.152072925, 37.535203782, 0], [33.151858011, 37.534901255, 0], [33.151353168, 37.53430702, 0], [33.151130747, 37.534028383, 0], [33.150749467, 37.533562047, 0], [33.150345751, 37.532982008, 0], [33.149976993, 37.532424543, 0], [33.149891139, 37.532290914, 0], [33.149840313, 37.5322178, 0], [33.149480893, 37.531612468, 0], [33.149140402, 37.530901129, 0], [33.148707783, 37.530134392, 0], [33.14843114, 37.529657643, 0], [33.148108501, 37.529138956, 0], [33.147818358, 37.52853254, 0], [33.147677207, 37.528039128, 0], [33.147509156, 37.527960843, 0], [33.147419941, 37.526730183, 0], [33.147306605, 37.525855798, 0], [33.147365678, 37.52580751, 0], [33.147149287, 37.524491033, 0], [33.147115595, 37.523586268, 0], [33.146920329, 37.522043742, 0], [33.14660733, 37.520037602, 0], [33.146427756, 37.519401035, 0], [33.145373413, 37.519714332, 0], [33.140971173, 37.5184806, 0], [33.141520458, 37.517753123, 0], [33.141036291, 37.517082215, 0], [33.141089842, 37.516629927, 0], [33.141487659, 37.516492559, 0], [33.141423034, 37.515673262, 0], [33.141518029, 37.515328347, 0], [33.140950316, 37.515128418, 0], [33.140933127, 37.514323302, 0], [33.140456825, 37.514150387, 0], [33.141169654, 37.513819157, 0], [33.142352724, 37.513862979, 0], [33.142965785, 37.514457304, 0], [33.143696042, 37.514216338, 0], [33.144304591, 37.514349516, 0], [33.145627074, 37.514343478, 0], [33.145831676, 37.513993108, 0], [33.145291286, 37.513158808, 0], [33.144825616, 37.512549805, 0], [33.143606111, 37.511692174, 0], [33.143077379, 37.511665599, 0], [33.142313996, 37.51135218, 0], [33.142516314, 37.51043406, 0], [33.141481803, 37.510221086, 0], [33.144113926, 37.509719451, 0], [33.144231663, 37.509372163, 0], [33.141419334, 37.508908827, 0], [33.140507316, 37.508725618, 0], [33.136719356, 37.507234689, 0], [33.136368014, 37.508023109, 0], [33.136264559, 37.508290345, 0], [33.135322479, 37.507981683, 0], [33.135507036, 37.507622251, 0], [33.134841636, 37.507484947, 0], [33.134649237, 37.507843666, 0], [33.134374273, 37.507842987, 0], [33.134286134, 37.508017741, 0], [33.133176531, 37.507887691, 0], [33.133225466, 37.507439466, 0], [33.132997703, 37.507432783, 0], [33.132955905, 37.50606453, 0], [33.133156138, 37.504282442, 0], [33.134029719, 37.504454847, 0], [33.134825479, 37.504464306, 0], [33.135110678, 37.504145134, 0], [33.135206163, 37.502096854, 0], [33.135244227, 37.500957146, 0], [33.135157382, 37.499409423, 0], [33.135973676, 37.495694255, 0], [33.136463643, 37.492934104, 0], [33.136631677, 37.491925098, 0], [33.136785698, 37.490856088, 0], [33.136998737, 37.489518089, 0], [33.137117669, 37.489058155, 0], [33.137446704, 37.487907111, 0], [33.137756702, 37.486045124, 0], [33.137861721, 37.483144102, 0], [33.138349692, 37.481002169, 0], [33.138902739, 37.47886214, 0], [33.139635739, 37.477316153, 0], [33.140020706, 37.476349151, 0], [33.141665115, 37.473671049, 0], [33.142517754, 37.471831105, 0], [33.143736716, 37.470557121, 0], [33.144054755, 37.469748168, 0], [33.144310735, 37.469211095, 0], [33.14490271, 37.468144148, 0], [33.145695755, 37.466807129, 0], [33.145357752, 37.466680113, 0], [33.145142687, 37.466618104, 0], [33.144158689, 37.466176091, 0], [33.144176666, 37.46611713, 0], [33.143394731, 37.465663149, 0], [33.143197716, 37.465773156, 0], [33.142302674, 37.466154096, 0], [33.141711421, 37.466972746, 0], [33.141074756, 37.466557147, 0], [33.14048972, 37.466071099, 0], [33.139809732, 37.46531714, 0], [33.139618694, 37.465133158, 0], [33.139362695, 37.464665101, 0], [33.138993726, 37.464826131, 0], [33.138840753, 37.464701132, 0], [33.138204716, 37.465064164, 0], [33.138168724, 37.46501509, 0], [33.137881712, 37.46476615, 0], [33.137625698, 37.464436154, 0], [33.137656715, 37.464315175, 0], [33.137397699, 37.464382166, 0], [33.136396675, 37.464691089, 0], [33.135960164, 37.464684201, 0], [33.135476175, 37.463583746, 0], [33.13533386, 37.46279643, 0], [33.135217437, 37.462664085, 0], [33.13485385, 37.461666498, 0], [33.134400845, 37.460925767, 0], [33.134118178, 37.460483592, 0], [33.133793754, 37.459786692, 0], [33.13324306, 37.459470447, 0], [33.133091125, 37.459235852, 0], [33.133101734, 37.459013151, 0], [33.132808765, 37.458273134, 0], [33.132606674, 37.458093118, 0], [33.132132688, 37.456849164, 0], [33.131925527, 37.456805596, 0], [33.132181717, 37.456469158, 0], [33.132754678, 37.455629126, 0], [33.132740764, 37.455511083, 0], [33.132490694, 37.455296154, 0], [33.132220684, 37.455140095, 0], [33.13155474, 37.454902107, 0], [33.13084468, 37.454921099, 0], [33.130368746, 37.45483709, 0], [33.130179723, 37.45605709, 0], [33.129975682, 37.456899138, 0], [33.128996713, 37.458121082, 0], [33.128408673, 37.458303136, 0], [33.127981805, 37.458625602, 0], [33.128006909, 37.45935015, 0], [33.127976544, 37.459971929, 0], [33.127679701, 37.460436554, 0], [33.127440842, 37.461389934, 0], [33.12725335, 37.461954745, 0], [33.127390844, 37.462534707, 0], [33.127355795, 37.462871618, 0], [33.127011697, 37.46308188, 0], [33.126431372, 37.464217488, 0], [33.125721689, 37.465183893, 0], [33.125185961, 37.465402915, 0], [33.125046691, 37.465710826, 0], [33.125209974, 37.466383408, 0], [33.125019634, 37.467327538, 0], [33.12510441, 37.467557708, 0], [33.124803432, 37.468761683, 0], [33.124617049, 37.470074493, 0], [33.124401685, 37.471348401, 0], [33.124365302, 37.4718478, 0], [33.124454301, 37.472372752, 0], [33.124231902, 37.474755516, 0], [33.123653129, 37.478330681, 0], [33.123561481, 37.478860958, 0], [33.121797071, 37.480305084, 0], [33.120365114, 37.481291301, 0], [33.11944244, 37.481846841, 0], [33.118412377, 37.48268492, 0], [33.117354396, 37.483638462, 0], [33.116669613, 37.484375156, 0], [33.115435809, 37.485783424, 0], [33.113712818, 37.48713267, 0], [33.112898866, 37.48780458, 0], [33.111123102, 37.489042629, 0], [33.109799694, 37.490218139, 0], [33.108865662, 37.491176085, 0], [33.107105092, 37.492508686, 0], [33.106704461, 37.492919098, 0], [33.106221627, 37.493317776, 0], [33.105421071, 37.493992415, 0], [33.104285189, 37.494972764, 0], [33.104013102, 37.495264544, 0], [33.10370328, 37.495658553, 0], [33.103338115, 37.496241954, 0], [33.1032527, 37.496336655, 0], [33.102696003, 37.496917697, 0], [33.102153536, 37.497541622, 0], [33.100913505, 37.498914504, 0], [33.099844656, 37.500383206, 0], [33.099506363, 37.500868069, 0], [33.09868702, 37.50183548, 0], [33.098006646, 37.50242922, 0], [33.09716159, 37.503093745, 0], [33.095962664, 37.504505742, 0], [33.095428007, 37.505122059, 0], [33.094927972, 37.505604516, 0], [33.093683981, 37.506483913, 0], [33.092347313, 37.50683328, 0], [33.090687302, 37.50699606, 0], [33.089977653, 37.50707744, 0], [33.089141202, 37.507078074, 0], [33.088025755, 37.506977884, 0], [33.086842328, 37.506746608, 0], [33.086107228, 37.506521393, 0], [33.085468761, 37.506351078, 0], [33.084625285, 37.506237501, 0], [33.083777733, 37.50606318, 0], [33.083180413, 37.506138672, 0], [33.082927804, 37.50618355, 0], [33.082676167, 37.506264113, 0], [33.08230796, 37.506395856, 0], [33.081995728, 37.506352364, 0], [33.081641644, 37.506260596, 0], [33.081334553, 37.506139685, 0], [33.081072013, 37.506924906, 0], [33.079074023, 37.50751808, 0], [33.078210477, 37.507756302, 0], [33.078182588, 37.50776353, 0], [33.077111863, 37.507961867, 0], [33.076503534, 37.508060132, 0], [33.07547396, 37.508178131, 0], [33.075309013, 37.508190853, 0], [33.075128566, 37.50819286, 0], [33.075001957, 37.508195914, 0], [33.073892685, 37.507922195, 0], [33.072336791, 37.507463902, 0], [33.073074523, 37.506495284, 0], [33.073314696, 37.505842482, 0], [33.073374074, 37.505118236, 0], [33.07326366, 37.504598309, 0], [33.072748003, 37.503641005, 0], [33.072397611, 37.503288037, 0], [33.072102762, 37.503062555, 0], [33.071523739, 37.502843102, 0], [33.071087797, 37.502483333, 0], [33.070467553, 37.501676404, 0], [33.070032791, 37.501568427, 0], [33.069917842, 37.501558671, 0], [33.069340211, 37.501614616, 0], [33.068734193, 37.500215846, 0], [33.066702958, 37.497424438, 0], [33.065339744, 37.496494252, 0], [33.06489543, 37.496301458, 0], [33.06428021, 37.496102536, 0], [33.063592942, 37.496086776, 0], [33.0628349, 37.496108179, 0], [33.06220406, 37.49607742, 0], [33.061174916, 37.495862478, 0], [33.060859399, 37.495841282, 0], [33.060180315, 37.495789089, 0], [33.059082239, 37.495689518, 0], [33.058152891, 37.495668799, 0], [33.056668165, 37.49572215, 0], [33.053497987, 37.495618364, 0], [33.052004436, 37.495729607, 0], [33.050842171, 37.495739935, 0], [33.050755143, 37.495754301, 0], [33.049591101, 37.495758129, 0], [33.048716989, 37.495748939, 0], [33.047823241, 37.495669907, 0], [33.046558543, 37.495523694, 0], [33.045366336, 37.495380234, 0], [33.044944018, 37.495370661, 0], [33.043719856, 37.495451057, 0], [33.042782908, 37.495505651, 0], [33.040846429, 37.495643769, 0], [33.040388696, 37.495698268, 0], [33.039697477, 37.495781323, 0], [33.038835249, 37.49584199, 0], [33.037853877, 37.49587412, 0], [33.037006056, 37.495833022, 0], [33.033951897, 37.495817984, 0], [33.033744616, 37.495828317, 0], [33.032533841, 37.495846319, 0], [33.029537215, 37.495763471, 0], [33.028186915, 37.495624383, 0], [33.027088804, 37.495563356, 0], [33.026848013, 37.495518261, 0], [33.026380833, 37.49552963, 0], [33.025826045, 37.495507673, 0], [33.024879135, 37.495379453, 0], [33.023670584, 37.49533482, 0], [33.022992514, 37.495144978, 0], [33.022724497, 37.495133675, 0], [33.022098176, 37.495159477, 0], [33.021368501, 37.495219811, 0], [33.020207266, 37.495230829, 0], [33.019665372, 37.495270843, 0], [33.01947124, 37.495268262, 0], [33.019439514, 37.495232399, 0], [33.019003918, 37.495082238, 0], [33.018263336, 37.494792526, 0], [33.01572644, 37.49360086, 0], [33.011683355, 37.497136221, 0], [32.999625246, 37.493271145, 0], [32.997676627, 37.487407679, 0], [32.992289496, 37.48282056, 0], [32.99273882, 37.48153186, 0], [32.992782961, 37.481288356, 0], [32.992764512, 37.481099281, 0], [32.992832915, 37.480721588, 0], [32.992931722, 37.480357685, 0], [32.992967287, 37.480042174, 0], [32.992953813, 37.479520823, 0], [32.993056827, 37.479034536, 0], [32.993193307, 37.478704611, 0], [32.993236423, 37.478405322, 0], [32.993334567, 37.478105766, 0], [32.993435043, 37.477779713, 0], [32.993550146, 37.477630389, 0], [32.993850385, 37.477403841, 0], [32.99405223, 37.477170438, 0], [32.994004964, 37.476930354, 0], [32.994067005, 37.476683335, 0], [32.994205805, 37.47639153, 0], [32.994388806, 37.476156413, 0], [32.994672248, 37.475958701, 0], [32.99491139, 37.475744674, 0], [32.995380816, 37.475203517, 0], [32.995616969, 37.474991832, 0], [32.996130708, 37.474015479, 0], [32.996455463, 37.473575518, 0], [32.996927748, 37.473222618, 0], [32.997597936, 37.47254258, 0], [32.996572314, 37.471706861, 0], [32.995709815, 37.470973246, 0], [32.995087457, 37.470386712, 0], [32.994676222, 37.470046757, 0], [32.99432497, 37.469496551, 0], [32.993931305, 37.468787908, 0], [32.992890354, 37.468305701, 0], [32.99265369, 37.468164917, 0], [32.991998175, 37.467639918, 0], [32.991434598, 37.467271372, 0], [32.990560615, 37.466703361, 0], [32.989629678, 37.466079913, 0], [32.988736816, 37.46536544, 0], [32.988616539, 37.465264402, 0], [32.988451885, 37.465097842, 0], [32.9880434, 37.464840325, 0], [32.987251811, 37.46426734, 0], [32.986963715, 37.464027496, 0], [32.986628076, 37.463719514, 0], [32.986089944, 37.463209545, 0], [32.985561145, 37.462694618, 0], [32.985206592, 37.462371399, 0], [32.984658856, 37.461954879, 0], [32.984579705, 37.461884213, 0], [32.985376477, 37.461945958, 0], [32.985411933, 37.46183223, 0], [32.985470085, 37.461525284, 0], [32.985441573, 37.461419568, 0], [32.985355713, 37.461324209, 0], [32.985233676, 37.46121722, 0], [32.985172896, 37.46114106, 0], [32.985131229, 37.461070039, 0], [32.985049395, 37.460900871, 0], [32.984996352, 37.460834805, 0], [32.984764204, 37.46068238, 0], [32.984735026, 37.46064804, 0], [32.984724591, 37.460610007, 0], [32.984724658, 37.460281786, 0], [32.984435885, 37.460269401, 0], [32.98439309, 37.46025047, 0], [32.984337711, 37.460214234, 0], [32.984263507, 37.46012942, 0], [32.984089584, 37.45980514, 0], [32.984062188, 37.459723126, 0], [32.984036852, 37.459597944, 0], [32.984000545, 37.459332441, 0], [32.983826451, 37.459376307, 0], [32.983806125, 37.45937324, 0], [32.98379508, 37.459140365, 0], [32.983799887, 37.458901904, 0], [32.983814178, 37.458788263, 0], [32.983938447, 37.458457715, 0], [32.983945635, 37.458421037, 0], [32.983952001, 37.4583037, 0], [32.983939349, 37.458167435, 0], [32.983904604, 37.458012151, 0], [32.983785865, 37.457781154, 0], [32.983826628, 37.456846511, 0], [32.984337788, 37.456742941, 0], [32.985017246, 37.456629837, 0], [32.985440482, 37.456506695, 0], [32.985805602, 37.456531433, 0], [32.986334358, 37.456540958, 0], [32.986312746, 37.456436415, 0], [32.986141525, 37.455618994, 0], [32.986025469, 37.454492553, 0], [32.985972042, 37.454010307, 0], [32.985840897, 37.453324828, 0], [32.985753714, 37.452876734, 0], [32.985337045, 37.452896149, 0], [32.98513957, 37.452917303, 0], [32.985016318, 37.452899082, 0], [32.985022445, 37.452566175, 0], [32.985020837, 37.452217765, 0], [32.985005128, 37.451984889, 0], [32.984990229, 37.451891251, 0], [32.984963318, 37.451727858, 0], [32.98494674, 37.451638906, 0], [32.984911148, 37.451527151, 0], [32.984864086, 37.451426209, 0], [32.984797743, 37.45123343, 0], [32.984777159, 37.451134384, 0], [32.98477728, 37.4509974, 0], [32.984783826, 37.450902503, 0], [32.9848473, 37.45053076, 0], [32.984868611, 37.450260759, 0], [32.984878169, 37.450024732, 0], [32.984874961, 37.449753196, 0], [32.984858492, 37.449589983, 0], [32.984811858, 37.449223273, 0], [32.984825446, 37.448884779, 0], [32.984837347, 37.448586658, 0], [32.984916586, 37.448154356, 0], [32.984925265, 37.448109567, 0], [32.984382302, 37.448108234, 0], [32.984379234, 37.448069121, 0], [32.984376088, 37.447511899, 0], [32.98437936, 37.447465848, 0], [32.984373775, 37.447425472, 0], [32.98438217, 37.446959185, 0], [32.984385723, 37.446911781, 0], [32.984565465, 37.446910544, 0], [32.984563888, 37.446868907, 0], [32.984553549, 37.446826639, 0], [32.984507714, 37.44666892, 0], [32.98446813, 37.446490925, 0], [32.984432557, 37.446299682, 0], [32.984419522, 37.446219292, 0], [32.984402581, 37.446096545, 0], [32.984397836, 37.446048599, 0], [32.984871159, 37.445980439, 0], [32.984871909, 37.445957459, 0], [32.984875084, 37.445931864, 0], [32.984883963, 37.445363289, 0], [32.984900595, 37.445176559, 0], [32.984918437, 37.444996949, 0], [32.984925903, 37.444955044, 0], [32.984925913, 37.444909623, 0], [32.985017955, 37.443835656, 0], [32.985029928, 37.443635588, 0], [32.985077891, 37.442936431, 0], [32.985085452, 37.442887856, 0], [32.985088443, 37.44284613, 0], [32.985096566, 37.442786561, 0], [32.985208957, 37.442491247, 0], [32.985324608, 37.442205396, 0], [32.98541125, 37.442004075, 0], [32.985445294, 37.441907469, 0], [32.985486528, 37.441754268, 0], [32.985505749, 37.441664329, 0], [32.985524507, 37.441558618, 0], [32.985577606, 37.441264738, 0], [32.98558871, 37.441208414, 0], [32.985892603, 37.441232423, 0], [32.98589811, 37.441193491, 0], [32.985912673, 37.441084175, 0], [32.985950508, 37.440656463, 0], [32.985955657, 37.440540657, 0], [32.985947249, 37.440143941, 0], [32.985945112, 37.440105188, 0], [32.986352576, 37.44007811, 0], [32.986366093, 37.440077481, 0], [32.986368057, 37.440040171, 0], [32.986441314, 37.439598133, 0], [32.986493984, 37.439588496, 0], [32.986481318, 37.43952604, 0], [32.986442573, 37.439341737, 0], [32.986425986, 37.4393083, 0], [32.986312116, 37.439079197, 0], [32.98629628, 37.439021157, 0], [32.986299476, 37.438875701, 0], [32.986303443, 37.43859272, 0], [32.986289205, 37.438465196, 0], [32.986185039, 37.438193017, 0], [32.986355465, 37.438045147, 0], [32.986275532, 37.437797393, 0], [32.986163797, 37.437629664, 0], [32.985940512, 37.437312229, 0], [32.985762081, 37.436917384, 0], [32.985594381, 37.43646991, 0], [32.98537577, 37.436115254, 0], [32.985192115, 37.435767992, 0], [32.984737505, 37.435356168, 0], [32.98455206, 37.435121467, 0], [32.98439981, 37.434839546, 0], [32.984260974, 37.434600615, 0], [32.983665958, 37.433956794, 0], [32.983647042, 37.433930296, 0], [32.98369291, 37.433892451, 0], [32.983884467, 37.433853365, 0], [32.984443187, 37.433787742, 0], [32.984853044, 37.433742374, 0], [32.985168017, 37.433674282, 0], [32.985129065, 37.433623899, 0], [32.985033554, 37.433474555, 0], [32.98500439, 37.433417955, 0], [32.984927531, 37.433224995, 0], [32.984886636, 37.433103235, 0], [32.984845468, 37.432950383, 0], [32.984762681, 37.432579251, 0], [32.98470782, 37.432388457, 0], [32.984678109, 37.432276341, 0], [32.984628116, 37.431983259, 0], [32.984490255, 37.432011088, 0], [32.984261479, 37.431325412, 0], [32.983816222, 37.430055175, 0], [32.983963224, 37.429980214, 0], [32.984138835, 37.429931032, 0], [32.984130171, 37.429909491, 0], [32.984068413, 37.429736269, 0], [32.984048787, 37.429548272, 0], [32.98407831, 37.429216448, 0], [32.984139968, 37.428988088, 0], [32.984188097, 37.428820558, 0], [32.984188263, 37.42847467, 0], [32.984932028, 37.428500003, 0], [32.985691645, 37.428487481, 0], [32.985725672, 37.428450625, 0], [32.985707533, 37.428265332, 0], [32.985700279, 37.428181789, 0], [32.985724349, 37.428057964, 0], [32.985780574, 37.427935225, 0], [32.98583886, 37.427760847, 0], [32.985900622, 37.427434793, 0], [32.985939152, 37.427235088, 0], [32.986017992, 37.42679323, 0], [32.986037143, 37.426556393, 0], [32.986106178, 37.425701776, 0], [32.98609599, 37.424857784, 0], [32.986073722, 37.424825157, 0], [32.985993387, 37.424808745, 0], [32.986109447, 37.424163487, 0], [32.985194428, 37.424129038, 0], [32.983957345, 37.423945838, 0], [32.982998641, 37.423816829, 0], [32.983569678, 37.422501131, 0], [32.984041809, 37.421212814, 0], [32.982719614, 37.42095632, 0], [32.981372268, 37.420693949, 0], [32.977510089, 37.419793947, 0], [32.975971394, 37.419431893, 0], [32.975465111, 37.419326976, 0], [32.974930309, 37.419230974, 0], [32.974264215, 37.41909069, 0], [32.973501596, 37.41889748, 0], [32.97324366, 37.418838031, 0], [32.972634507, 37.418716767, 0], [32.972194583, 37.418618251, 0], [32.971707328, 37.418498183, 0], [32.968808769, 37.417855061, 0], [32.96623452, 37.41730668, 0], [32.961216047, 37.416194472, 0], [32.960678885, 37.416056137, 0], [32.960213741, 37.41595252, 0], [32.960161562, 37.415941147, 0], [32.960048813, 37.415923355, 0], [32.95919884, 37.41574985, 0], [32.958577066, 37.415618686, 0], [32.957934702, 37.415483455, 0], [32.957213331, 37.415322869, 0], [32.956607408, 37.415187644, 0], [32.956194455, 37.415094125, 0], [32.955185196, 37.414843838, 0], [32.954770705, 37.414678306, 0], [32.95443224, 37.414540649, 0], [32.954185375, 37.414409246, 0], [32.953897601, 37.414278096, 0], [32.954575308, 37.413420037, 0], [32.956899673, 37.41043733, 0], [32.958139457, 37.408769708, 0], [32.956071292, 37.408198663, 0], [32.954601006, 37.407758851, 0], [32.953992533, 37.407634156, 0], [32.953684172, 37.407538686, 0], [32.953185839, 37.40741349, 0], [32.952125839, 37.407130622, 0], [32.950278694, 37.406691594, 0], [32.949912931, 37.406615286, 0], [32.949627375, 37.406567309, 0], [32.949485766, 37.40653832, 0], [32.949230572, 37.406510543, 0], [32.948908673, 37.40647102, 0], [32.948424945, 37.406402407, 0], [32.948166411, 37.406356241, 0], [32.94799052, 37.406317682, 0], [32.94762736, 37.406256508, 0], [32.946890153, 37.406114777, 0], [32.946204659, 37.405976579, 0], [32.945835729, 37.405910171, 0], [32.945575894, 37.405863008, 0], [32.944989248, 37.405747469, 0], [32.944409587, 37.405638961, 0], [32.943755883, 37.405489859, 0], [32.943805479, 37.405330998, 0], [32.944028255, 37.404464309, 0], [32.941987261, 37.404715575, 0], [32.94163563, 37.404701342, 0], [32.941783018, 37.403518472, 0], [32.94185755, 37.403165771, 0], [32.94188919, 37.402975538, 0], [32.941925248, 37.402974655, 0], [32.941998315, 37.402587526, 0], [32.940726569, 37.402284083, 0], [32.939674401, 37.40202553, 0], [32.939541624, 37.402035376, 0], [32.939348483, 37.402261573, 0], [32.939186944, 37.402465977, 0], [32.939154869, 37.402495251, 0], [32.938741283, 37.402375084, 0], [32.9385491, 37.402338214, 0], [32.938442368, 37.402512725, 0], [32.938327477, 37.402638296, 0], [32.938226833, 37.402773696, 0], [32.937973799, 37.402633965, 0], [32.937780915, 37.40254284, 0], [32.937733572, 37.402557324, 0], [32.937632192, 37.402680107, 0], [32.937628275, 37.402684431, 0], [32.937613907, 37.402707224, 0], [32.937578457, 37.402760558, 0], [32.937538724, 37.402810645, 0], [32.937470642, 37.402890998, 0], [32.937273108, 37.403123228, 0], [32.937216126, 37.403187905, 0], [32.937044263, 37.403360668, 0], [32.936733483, 37.403639069, 0], [32.936313472, 37.403950936, 0], [32.936263467, 37.404025891, 0], [32.936238083, 37.40418296, 0], [32.936165386, 37.404318464, 0], [32.935479064, 37.404860356, 0], [32.935192421, 37.405118939, 0], [32.934837496, 37.405464452, 0], [32.934065556, 37.405441042, 0], [32.933110015, 37.405154908, 0], [32.932707224, 37.404939557, 0], [32.931302699, 37.404639092, 0], [32.931046068, 37.404669403, 0], [32.930565416, 37.404931738, 0], [32.930080839, 37.40500409, 0], [32.929731545, 37.404982974, 0], [32.929307971, 37.404883407, 0], [32.928993332, 37.404772187, 0], [32.928956465, 37.404838134, 0], [32.928650778, 37.404817042, 0], [32.928563515, 37.40477346, 0], [32.928454447, 37.404634065, 0], [32.927933923, 37.404491896, 0], [32.927964974, 37.40436998, 0], [32.927549927, 37.404322862, 0], [32.926005053, 37.403990435, 0], [32.925335986, 37.40378805, 0], [32.924292539, 37.403321183, 0], [32.923959362, 37.403034831, 0], [32.923728606, 37.403002959, 0], [32.923025654, 37.402968527, 0], [32.922920573, 37.402950524, 0], [32.922873109, 37.402898583, 0], [32.92221769, 37.402850298, 0], [32.921758991, 37.402860899, 0], [32.921591229, 37.402821044, 0], [32.92131613, 37.40269469, 0], [32.921168368, 37.40259735, 0], [32.921043454, 37.402479927, 0], [32.920766222, 37.402080951, 0], [32.920507169, 37.401762736, 0], [32.920364967, 37.401608621, 0], [32.920351435, 37.40162952, 0], [32.920328833, 37.401681235, 0], [32.920284837, 37.401786919, 0], [32.920246319, 37.401911171, 0], [32.920193164, 37.402043344, 0], [32.920137338, 37.402146767, 0], [32.920110279, 37.402183699, 0], [32.920038742, 37.402252774, 0], [32.920027832, 37.402261328, 0], [32.919649082, 37.402181133, 0], [32.919499203, 37.402149307, 0], [32.919281119, 37.402120229, 0], [32.919016171, 37.402090488, 0], [32.918617532, 37.402052362, 0], [32.917942575, 37.401987458, 0], [32.917235985, 37.401967859, 0], [32.917206072, 37.401972073, 0], [32.917670099, 37.402961939, 0], [32.917636735, 37.402969396, 0], [32.916405304, 37.403024767, 0], [32.916423553, 37.403455023, 0], [32.915690856, 37.403522904, 0], [32.915991085, 37.405334573, 0], [32.915379939, 37.405423538, 0], [32.915011348, 37.405495461, 0], [32.915033183, 37.405550361, 0], [32.914735582, 37.405547442, 0], [32.914663058, 37.405331007, 0], [32.914582102, 37.404991008, 0], [32.914483391, 37.404779059, 0], [32.913507459, 37.40495715, 0], [32.91326729, 37.405007172, 0], [32.913060298, 37.404727912, 0], [32.912915387, 37.404427338, 0], [32.912876736, 37.404332952, 0], [32.912837746, 37.404129427, 0], [32.912759821, 37.403594224, 0], [32.911790533, 37.403678579, 0], [32.911071788, 37.403682186, 0], [32.91032748, 37.403636201, 0], [32.909564375, 37.403571362, 0], [32.909797806, 37.402768643, 0], [32.909804954, 37.402557222, 0], [32.909626604, 37.402495351, 0], [32.90972135, 37.402038685, 0], [32.909779477, 37.401738262, 0], [32.910060933, 37.401749832, 0], [32.90990278, 37.400307577, 0], [32.90981092, 37.399371768, 0], [32.909739563, 37.398355405, 0], [32.909419638, 37.39834732, 0], [32.909220275, 37.398335811, 0], [32.908971547, 37.398312368, 0], [32.90858089, 37.398243123, 0], [32.908362233, 37.398697169, 0], [32.908582135, 37.398751323, 0], [32.908325149, 37.399387657, 0], [32.908169162, 37.399330128, 0], [32.907960249, 37.399278595, 0], [32.90739902, 37.399115396, 0], [32.907289289, 37.399098367, 0], [32.90719295, 37.399327201, 0], [32.907064716, 37.399581425, 0], [32.906927345, 37.399765347, 0], [32.906719441, 37.399951375, 0], [32.906328509, 37.399723147, 0], [32.905568286, 37.399400985, 0], [32.905210704, 37.399254881, 0], [32.903750529, 37.398708551, 0], [32.90363649, 37.398855988, 0], [32.903526063, 37.398801554, 0], [32.903226801, 37.398663602, 0], [32.903449263, 37.398245076, 0], [32.903456449, 37.398163071, 0], [32.902977616, 37.397984958, 0], [32.902547143, 37.397875195, 0], [32.902574826, 37.397721469, 0], [32.902606902, 37.39734145, 0], [32.902618254, 37.396993047, 0], [32.902647043, 37.396848154, 0], [32.902719284, 37.396674458, 0], [32.902803838, 37.396417409, 0], [32.902847603, 37.396218185, 0], [32.902824516, 37.395988354, 0], [32.902782086, 37.395875126, 0], [32.90280915, 37.395623617, 0], [32.902840184, 37.395470885, 0], [32.902828832, 37.395460241, 0], [32.902706195, 37.395414899, 0], [32.902460797, 37.395347195, 0], [32.902068603, 37.395258641, 0], [32.901641505, 37.395145453, 0], [32.901244218, 37.395034451, 0], [32.900858042, 37.394905433, 0], [32.900444993, 37.39473908, 0], [32.899898478, 37.394477714, 0], [32.899412199, 37.394944315, 0], [32.89925362, 37.395234463, 0], [32.899044488, 37.395497982, 0], [32.898505682, 37.39621949, 0], [32.898174541, 37.39665837, 0], [32.897803701, 37.397101722, 0], [32.897413237, 37.397517207, 0], [32.896942015, 37.397984982, 0], [32.896896013, 37.398036762, 0], [32.896686733, 37.398328034, 0], [32.896594145, 37.398449167, 0], [32.896325206, 37.398762557, 0], [32.896190878, 37.398883202, 0], [32.89599212, 37.399041102, 0], [32.895799755, 37.3992237, 0], [32.895782347, 37.39921296, 0], [32.881271649, 37.386336653, 0], [32.871816156, 37.383444027, 0], [32.871793693, 37.383452293, 0], [32.874240278, 37.370665999, 0], [32.874244171, 37.370621212, 0], [32.874457886, 37.369463454, 0], [32.87467013, 37.368290283, 0], [32.875203955, 37.367500022, 0], [32.875736565, 37.366706062, 0], [32.876320797, 37.365830682, 0], [32.876914909, 37.364941341, 0], [32.877498276, 37.364065774, 0], [32.878079207, 37.363190292, 0], [32.878650975, 37.362329668, 0], [32.879230946, 37.361455711, 0], [32.879832114, 37.360536802, 0], [32.880434568, 37.359619423, 0], [32.881073504, 37.358646651, 0], [32.881721755, 37.357661088, 0], [32.882246692, 37.356862313, 0], [32.88277087, 37.356065157, 0], [32.883297033, 37.355241865, 0], [32.88382022, 37.354469037, 0], [32.88466579, 37.353183001, 0], [32.885292276, 37.352243178, 0], [32.885917455, 37.35129542, 0], [32.88654093, 37.350355317, 0], [32.887163942, 37.349403315, 0], [32.88732744, 37.349214933, 0], [32.886457459, 37.348533763, 0], [32.885317649, 37.347626475, 0], [32.884219429, 37.346755087, 0], [32.883328564, 37.346068916, 0], [32.882650701, 37.345521919, 0], [32.882002271, 37.345032536, 0], [32.881009291, 37.344244136, 0], [32.880647406, 37.343953845, 0], [32.880386936, 37.343646533, 0], [32.880003581, 37.343161102, 0], [32.879415395, 37.342340293, 0], [32.878412162, 37.341021667, 0], [32.877521994, 37.339809403, 0], [32.876438504, 37.338423985, 0], [32.875522077, 37.337366961, 0], [32.874847929, 37.336793967, 0], [32.874276245, 37.336300026, 0], [32.873802748, 37.335767975, 0], [32.872845694, 37.334665284, 0], [32.872234719, 37.333973561, 0], [32.871751296, 37.333384353, 0], [32.871344522, 37.33277612, 0], [32.870612037, 37.331579116, 0], [32.870115981, 37.330720148, 0], [32.869606076, 37.329963994, 0], [32.869172532, 37.329354822, 0], [32.868678568, 37.328755766, 0], [32.86772164, 37.327674302, 0], [32.86699584, 37.326969264, 0], [32.866446123, 37.326440612, 0], [32.865976464, 37.325857794, 0], [32.865345826, 37.324837422, 0], [32.864568018, 37.323526772, 0], [32.864119004, 37.322816175, 0], [32.864031925, 37.322537233, 0], [32.863805519, 37.321741454, 0], [32.863154345, 37.322533247, 0], [32.862616864, 37.323035241, 0], [32.861278771, 37.324031524, 0], [32.859706049, 37.325049503, 0], [32.858150238, 37.325961857, 0], [32.857447334, 37.326347279, 0], [32.856331799, 37.326833676, 0], [32.855882935, 37.327000398, 0], [32.854998489, 37.327345751, 0], [32.854127953, 37.32776204, 0], [32.852820156, 37.328396509, 0], [32.851210511, 37.329531308, 0], [32.850613838, 37.329916103, 0], [32.849886255, 37.330223042, 0], [32.84879115, 37.330773921, 0], [32.848117349, 37.331128594, 0], [32.847426497, 37.331489008, 0], [32.846267942, 37.332142432, 0], [32.844149036, 37.333228525, 0], [32.844065391, 37.333344403, 0], [32.843858029, 37.333687228, 0], [32.842792284, 37.334487281, 0], [32.842320879, 37.334980348, 0], [32.841560984, 37.335784041, 0], [32.840884759, 37.336368212, 0], [32.840241802, 37.336799304, 0], [32.839464058, 37.33726635, 0], [32.838306695, 37.337811279, 0], [32.837674334, 37.33802112, 0], [32.836946955, 37.338431531, 0], [32.83574036, 37.338995923, 0], [32.834047454, 37.339757442, 0], [32.831983473, 37.340544094, 0], [32.831620475, 37.340636224, 0], [32.831263467, 37.340671944, 0], [32.831071728, 37.340696544, 0], [32.830820301, 37.340768644, 0], [32.83049509, 37.340864159, 0], [32.829833682, 37.340847437, 0], [32.829757141, 37.340854627, 0], [32.829532603, 37.340891795, 0], [32.829495519, 37.340905981, 0], [32.829462908, 37.34091828, 0], [32.829304434, 37.341011239, 0], [32.828736984, 37.341352615, 0], [32.82828004, 37.341609344, 0], [32.827717632, 37.341858887, 0], [32.826315571, 37.342594852, 0], [32.82444942, 37.343076236, 0], [32.822826364, 37.343185117, 0], [32.82248858, 37.343234268, 0], [32.822367328, 37.343249948, 0], [32.821433426, 37.343419414, 0], [32.820993818, 37.343534917, 0], [32.81918887, 37.344287491, 0], [32.817554576, 37.344948465, 0], [32.816382642, 37.34543746, 0], [32.81509561, 37.34596808, 0], [32.814094192, 37.346313032, 0], [32.813593757, 37.346392093, 0], [32.813232948, 37.346143686, 0], [32.813167611, 37.34609789, 0], [32.81505225, 37.344554434, 0], [32.819635964, 37.340969846, 0], [32.819545546, 37.340939877, 0], [32.818992012, 37.34074049, 0], [32.818425578, 37.340525309, 0], [32.817277006, 37.340317789, 0], [32.816905745, 37.340202127, 0], [32.816697984, 37.340037601, 0], [32.816388029, 37.339711326, 0], [32.815845766, 37.339211471, 0], [32.815796891, 37.339135601, 0], [32.81564867, 37.338990092, 0], [32.815468589, 37.338853635, 0], [32.815068737, 37.338594447, 0], [32.814049468, 37.338328157, 0], [32.813918889, 37.338768563, 0], [32.812149816, 37.338367422, 0], [32.811253509, 37.338148798, 0], [32.809558158, 37.337725024, 0], [32.809274862, 37.337621557, 0], [32.809527388, 37.337081406, 0], [32.808724729, 37.336872377, 0], [32.80855509, 37.336846507, 0], [32.807890926, 37.336685462, 0], [32.80772001, 37.336649495, 0], [32.807499791, 37.33660011, 0], [32.807076654, 37.336470634, 0], [32.806802124, 37.336364291, 0], [32.8066851, 37.336295426, 0], [32.806068655, 37.335970785, 0], [32.805521638, 37.335690775, 0], [32.804923745, 37.335431317, 0], [32.804277295, 37.335231438, 0], [32.803921823, 37.336077284, 0], [32.803820505, 37.336305758, 0], [32.803723598, 37.336592099, 0], [32.803703331, 37.336724816, 0], [32.802340511, 37.336679106, 0], [32.802969499, 37.334943665, 0], [32.801808626, 37.334683342, 0], [32.801592914, 37.335118095, 0], [32.799679884, 37.334649834, 0], [32.799013616, 37.335257124, 0], [32.798566189, 37.334959407, 0], [32.797708683, 37.334221728, 0], [32.796851684, 37.333336782, 0], [32.799322796, 37.331817832, 0], [32.798805701, 37.331403198, 0], [32.798474198, 37.330927053, 0], [32.798098137, 37.330094575, 0], [32.79788728, 37.329617554, 0], [32.797339957, 37.32871818, 0], [32.796871749, 37.3278932, 0], [32.796697023, 37.327553766, 0], [32.79660031, 37.327555132, 0], [32.79634149, 37.327025754, 0], [32.795439524, 37.327244187, 0], [32.794727494, 37.32726963, 0], [32.794382014, 37.327190893, 0], [32.793751435, 37.327009638, 0], [32.792876389, 37.326913029, 0], [32.792322757, 37.326879794, 0], [32.791490759, 37.326801455, 0], [32.791430103, 37.326689415, 0], [32.791851777, 37.325599667, 0], [32.793234735, 37.323384972, 0], [32.793453993, 37.322748184, 0], [32.793537007, 37.322274912, 0], [32.793689362, 37.321119888, 0], [32.793780974, 37.320326062, 0], [32.794113752, 37.318533909, 0], [32.794257842, 37.318287583, 0], [32.795348866, 37.318291549, 0], [32.796399663, 37.316889782, 0], [32.796626959, 37.316671804, 0], [32.797695634, 37.315249238, 0], [32.79803476, 37.314936008, 0], [32.798427259, 37.31449994, 0], [32.798653863, 37.314048177, 0], [32.798755315, 37.313589622, 0], [32.798793822, 37.313073911, 0], [32.798840287, 37.312644913, 0], [32.798899283, 37.312192864, 0], [32.798956648, 37.311793534, 0], [32.799064075, 37.311325706, 0], [32.799184739, 37.310918824, 0], [32.798253568, 37.310858839, 0], [32.797153216, 37.310833975, 0], [32.796008453, 37.310782708, 0], [32.796402456, 37.309474885, 0], [32.796539158, 37.308784324, 0], [32.796731747, 37.308038073, 0], [32.796871672, 37.307737932, 0], [32.797003512, 37.307329899, 0], [32.797003895, 37.307187504, 0], [32.797291955, 37.305676718, 0], [32.797599319, 37.305637409, 0], [32.798127069, 37.305548729, 0], [32.798754384, 37.305460215, 0], [32.7991158, 37.305424329, 0], [32.799539605, 37.305371966, 0], [32.799925954, 37.305302955, 0], [32.800179421, 37.305270218, 0], [32.800524232, 37.305214382, 0], [32.800715328, 37.305191543, 0], [32.800815069, 37.305160168, 0], [32.800985409, 37.305138915, 0], [32.801251308, 37.305084567, 0], [32.80187253, 37.304974487, 0], [32.80249997, 37.304834583, 0], [32.80262463, 37.304809917, 0], [32.802732665, 37.304773597, 0], [32.802859393, 37.304740643, 0], [32.803007327, 37.304640402, 0], [32.807200221, 37.297313415, 0], [32.806272194, 37.297287385, 0], [32.805807408, 37.297303385, 0], [32.805286138, 37.297358405, 0], [32.804414214, 37.29747638, 0], [32.804172322, 37.29750536, 0], [32.803880298, 37.297527407, 0], [32.803865213, 37.29749638, 0], [32.803722289, 37.296355448, 0], [32.803121807, 37.294927251, 0], [32.803814149, 37.2945187, 0], [32.804490527, 37.294092183, 0], [32.805129251, 37.293760951, 0], [32.805620379, 37.293515, 0], [32.806064944, 37.293248513, 0], [32.805819678, 37.292967195, 0], [32.805596551, 37.292507018, 0], [32.805334309, 37.291558755, 0], [32.805276348, 37.291017467, 0], [32.805828558, 37.291070015, 0], [32.806967608, 37.291057911, 0], [32.806958084, 37.289943245, 0], [32.807671602, 37.28996099, 0], [32.807696021, 37.290272137, 0], [32.809070898, 37.290260034, 0], [32.809187525, 37.289133315, 0], [32.810528743, 37.28951363, 0], [32.811401015, 37.289885884, 0], [32.811626693, 37.288663264, 0], [32.811777228, 37.288659358, 0], [32.811765035, 37.28832561, 0], [32.811649068, 37.288010262, 0], [32.811541149, 37.28760174, 0], [32.811560205, 37.287496055, 0], [32.811358965, 37.287316297, 0], [32.811909836, 37.287187306, 0], [32.81221616, 37.287121462, 0], [32.812556227, 37.287066034, 0], [32.812885901, 37.287000135, 0], [32.813109051, 37.286973541, 0], [32.813384183, 37.28695532, 0], [32.813591767, 37.286941137, 0], [32.813713768, 37.286924746, 0], [32.814142117, 37.286832142, 0], [32.814148489, 37.286322142, 0], [32.814139191, 37.284846079, 0], [32.813410009, 37.284861514, 0], [32.813483081, 37.285332886, 0], [32.812917159, 37.285385256, 0], [32.812995441, 37.285779852, 0], [32.812784623, 37.285786728, 0], [32.812220572, 37.285833329, 0], [32.811879877, 37.285881725, 0], [32.811699625, 37.28590451, 0], [32.810798269, 37.286093143, 0], [32.810536896, 37.286153198, 0], [32.810330309, 37.286215503, 0], [32.810039777, 37.285810561, 0], [32.810243143, 37.285770602, 0], [32.810452724, 37.285737862, 0], [32.810760865, 37.285650305, 0], [32.810525444, 37.28441397, 0], [32.809859924, 37.284566202, 0], [32.809705433, 37.284297565, 0], [32.809512952, 37.283822393, 0], [32.809365931, 37.283506903, 0], [32.809292734, 37.283243353, 0], [32.809226587, 37.283061827, 0], [32.809175032, 37.28277524, 0], [32.813056329, 37.282115332, 0], [32.812709308, 37.279882324, 0], [32.812347289, 37.279950334, 0], [32.812177248, 37.279089381, 0], [32.812969312, 37.278938327, 0], [32.812828275, 37.277970353, 0], [32.812332301, 37.278045361, 0], [32.81221927, 37.27752733, 0], [32.812038276, 37.277557324, 0], [32.812070256, 37.276293386, 0], [32.813109243, 37.276332343, 0], [32.814653268, 37.27627439, 0], [32.815836316, 37.276093376, 0], [32.816209287, 37.269373317, 0], [32.81816429, 37.268530343, 0], [32.818778281, 37.267887349, 0], [32.820408254, 37.266576365, 0], [32.818373312, 37.263949384, 0], [32.819306275, 37.263647365, 0], [32.818912308, 37.262412332, 0], [32.818564295, 37.262455329, 0], [32.818236257, 37.261617391, 0], [32.818506274, 37.261560396, 0], [32.817633262, 37.259919334, 0], [32.817202294, 37.26000636, 0], [32.816537263, 37.259361393, 0], [32.816189336, 37.25948937, 0], [32.816024305, 37.259092387, 0], [32.816709268, 37.258916356, 0], [32.815779326, 37.255441342, 0], [32.815150322, 37.255524357, 0], [32.814905278, 37.254580372, 0], [32.814187288, 37.254663333, 0], [32.81307757, 37.255332831, 0], [32.812876407, 37.254816641, 0], [32.812678455, 37.25446962, 0], [32.812749675, 37.254436026, 0], [32.812654803, 37.25425752, 0], [32.812610482, 37.254281062, 0], [32.812428157, 37.254008237, 0], [32.812121154, 37.253577857, 0], [32.812205835, 37.253515626, 0], [32.811952197, 37.253128409, 0], [32.812078268, 37.253098959, 0], [32.812066102, 37.253055409, 0], [32.811926179, 37.25293388, 0], [32.811849482, 37.252814884, 0], [32.811814993, 37.252698929, 0], [32.811812218, 37.252581222, 0], [32.811732598, 37.252179412, 0], [32.81152908, 37.251794707, 0], [32.811351252, 37.251437712, 0], [32.81130407, 37.251378515, 0], [32.811259994, 37.251118075, 0], [32.811218066, 37.250928567, 0], [32.811170864, 37.250505088, 0], [32.81104194, 37.250524258, 0], [32.810923076, 37.250461883, 0], [32.810815191, 37.250471083, 0], [32.81059244, 37.250158356, 0], [32.810489725, 37.249848344, 0], [32.810369314, 37.24955065, 0], [32.809915701, 37.249085962, 0], [32.809256806, 37.248540821, 0], [32.808906571, 37.248382719, 0], [32.808055147, 37.247828968, 0], [32.80779363, 37.247850083, 0], [32.807698304, 37.24782181, 0], [32.807478835, 37.247615699, 0], [32.807381518, 37.247565792, 0], [32.807174015, 37.247553828, 0], [32.80692941, 37.247470514, 0], [32.806645097, 37.247461759, 0], [32.806232656, 37.247272003, 0], [32.805998241, 37.247095336, 0], [32.805752533, 37.246826632, 0], [32.80558682, 37.246690903, 0], [32.805446013, 37.246632632, 0], [32.805345262, 37.246617325, 0], [32.80516384, 37.246588457, 0], [32.805052027, 37.246500402, 0], [32.804872688, 37.246312918, 0], [32.803988311, 37.245292329, 0], [32.80384732, 37.245270375, 0], [32.803609301, 37.245340368, 0], [32.803047829, 37.244831674, 0], [32.802852457, 37.244841983, 0], [32.802575059, 37.245002032, 0], [32.802300752, 37.24486855, 0], [32.802027625, 37.24460439, 0], [32.801575868, 37.244384631, 0], [32.801315744, 37.244020903, 0], [32.800153197, 37.244149986, 0], [32.798489929, 37.242618024, 0], [32.794813593, 37.230731759, 0], [32.792861869, 37.22452625, 0], [32.787129337, 37.206563298, 0], [32.787706076, 37.203840125, 0], [32.78659374, 37.203509619, 0], [32.785707243, 37.202220041, 0], [32.785975316, 37.199364282, 0], [32.78937437, 37.196797305, 0], [32.789080486, 37.193620321, 0], [32.793650343, 37.190569343, 0], [32.793905188, 37.185755294, 0], [32.791797377, 37.182671303, 0], [32.789593499, 37.18095827, 0], [32.787115261, 37.179359252, 0], [32.783747539, 37.178062283, 0], [32.782762567, 37.176668313, 0], [32.781602225, 37.17631532, 0], [32.781338275, 37.176200284, 0], [32.781684241, 37.175931267, 0], [32.781618351, 37.175844354, 0], [32.781198298, 37.175294264, 0], [32.783342389, 37.17436721, 0], [32.782850309, 37.173666305, 0], [32.782382335, 37.172984277, 0], [32.782232153, 37.172783201, 0], [32.782094291, 37.172756271, 0], [32.781876473, 37.172721352, 0], [32.781817428, 37.172710248, 0], [32.781831519, 37.172655297, 0], [32.782096487, 37.17173326, 0], [32.78207851, 37.171621201, 0], [32.782075202, 37.171576222, 0], [32.782058314, 37.171473268, 0], [32.782033486, 37.17145024, 0], [32.781981281, 37.171354341, 0], [32.781910316, 37.17116026, 0], [32.781857393, 37.171055256, 0], [32.781779357, 37.170962283, 0], [32.781607246, 37.170798298, 0], [32.781561542, 37.170767211, 0], [32.781435535, 37.170624309, 0], [32.781373238, 37.170485221, 0], [32.78136529, 37.170310272, 0], [32.781329337, 37.170151315, 0], [32.781303423, 37.170086286, 0], [32.781246508, 37.169981275, 0], [32.781190383, 37.169860313, 0], [32.78110832, 37.169747234, 0], [32.7810942, 37.169683309, 0], [32.781078432, 37.169643354, 0], [32.780941197, 37.169594253, 0], [32.780789343, 37.16955729, 0], [32.780513155, 37.16950721, 0], [32.780140204, 37.169449288, 0], [32.78010527, 37.169452288, 0], [32.780064239, 37.16944419, 0], [32.780345472, 37.169195335, 0], [32.780615432, 37.168829295, 0], [32.780771292, 37.168636264, 0], [32.781009292, 37.168754318, 0], [32.781725289, 37.168286266, 0], [32.782004326, 37.168604292, 0], [32.782325459, 37.168819292, 0], [32.782464418, 37.168947255, 0], [32.78356739, 37.168339306, 0], [32.784312304, 37.168474321, 0], [32.784626242, 37.168510312, 0], [32.784918526, 37.168485248, 0], [32.784850431, 37.168227275, 0], [32.785587353, 37.168298278, 0], [32.786510402, 37.168143307, 0], [32.787427408, 37.168055282, 0], [32.787280398, 37.167119244, 0], [32.787338329, 37.166897279, 0], [32.787384391, 37.166734234, 0], [32.787392382, 37.166567246, 0], [32.787357404, 37.166189286, 0], [32.787388359, 37.165252306, 0], [32.787233348, 37.164422241, 0], [32.787088368, 37.16415629, 0], [32.786873339, 37.163831271, 0], [32.786730348, 37.163618227, 0], [32.786658409, 37.163339248, 0], [32.786381387, 37.16303124, 0], [32.785916351, 37.162669267, 0], [32.785589383, 37.162158294, 0], [32.78564235, 37.161951281, 0], [32.785586295, 37.161805176, 0], [32.785475382, 37.161516303, 0], [32.785286336, 37.161204215, 0], [32.785195346, 37.160866259, 0], [32.785303377, 37.16082725, 0], [32.785312044, 37.160816812, 0], [32.785627406, 37.160436241, 0], [32.785848364, 37.160169238, 0], [32.786086376, 37.159782218, 0], [32.786423373, 37.159565263, 0], [32.786441385, 37.159369272, 0], [32.786497463, 37.158946232, 0], [32.787094337, 37.1588853, 0], [32.787018376, 37.15845229, 0], [32.786729363, 37.157691289, 0], [32.786462183, 37.157028293, 0], [32.786345193, 37.156755272, 0], [32.786750227, 37.156777271, 0], [32.786935263, 37.156730288, 0], [32.787306367, 37.156565214, 0], [32.787540382, 37.156504258, 0], [32.787909358, 37.156535292, 0], [32.788101301, 37.156674339, 0], [32.788351519, 37.156864321, 0], [32.788535418, 37.156891327, 0], [32.78882024, 37.156861192, 0], [32.788818043, 37.156716356, 0], [32.788814335, 37.15648022, 0], [32.788888391, 37.156366253, 0], [32.788928333, 37.155929214, 0], [32.789043376, 37.155569277, 0], [32.789209393, 37.15534624, 0], [32.789352361, 37.155029252, 0], [32.789476387, 37.154610298, 0], [32.789354417, 37.154556276, 0], [32.789245419, 37.154479295, 0], [32.78917541, 37.154341278, 0], [32.789325351, 37.15428828, 0], [32.78941436, 37.154172266, 0], [32.789501363, 37.154009293, 0], [32.789398386, 37.154005235, 0], [32.789157412, 37.15390026, 0], [32.789015404, 37.153772299, 0], [32.788922778, 37.15371932, 0], [32.788868353, 37.15368822, 0], [32.788358355, 37.153514268, 0], [32.788134377, 37.15334326, 0], [32.787463384, 37.152993271, 0], [32.788417349, 37.152073262, 0], [32.788655409, 37.151855222, 0], [32.788867361, 37.151641281, 0], [32.789217421, 37.151386217, 0], [32.789310414, 37.151172244, 0], [32.789429336, 37.151017258, 0], [32.789714367, 37.150870229, 0], [32.790313354, 37.15049123, 0], [32.790778365, 37.15030423, 0], [32.791322414, 37.149807244, 0], [32.791819386, 37.14940823, 0], [32.791529397, 37.149200251, 0], [32.791544375, 37.148987219, 0], [32.791526372, 37.148577295, 0], [32.7914084, 37.148389265, 0], [32.791263396, 37.148205243, 0], [32.791196378, 37.147993239, 0], [32.790927417, 37.147671286, 0], [32.790773391, 37.147392254, 0], [32.790735385, 37.14730125, 0], [32.790679405, 37.146993281, 0], [32.790623338, 37.146919279, 0], [32.790691385, 37.146723285, 0], [32.790733335, 37.146529228, 0], [32.790808405, 37.146480242, 0], [32.790850385, 37.146376221, 0], [32.790789363, 37.146213255, 0], [32.790819363, 37.146008272, 0], [32.790831387, 37.145924296, 0], [32.790764395, 37.145805211, 0], [32.790784427, 37.14567925, 0], [32.790818409, 37.145512217, 0], [32.790747342, 37.145490281, 0], [32.790583352, 37.145425281, 0], [32.790278357, 37.145244219, 0], [32.790266762, 37.145240143, 0], [32.790186426, 37.145212242, 0], [32.789917363, 37.145100279, 0], [32.789900305, 37.145090335, 0], [32.789900212, 37.145090335, 0], [32.789805374, 37.14503528, 0], [32.789490346, 37.144857262, 0], [32.789390419, 37.144762272, 0], [32.789309409, 37.144676238, 0], [32.789283425, 37.144537218, 0], [32.789220427, 37.144452207, 0], [32.789035402, 37.144373288, 0], [32.788966366, 37.144289258, 0], [32.789033354, 37.14414121, 0], [32.788979402, 37.143975282, 0], [32.78881034, 37.143766249, 0], [32.788639382, 37.143738276, 0], [32.788577418, 37.143649211, 0], [32.788273424, 37.143513208, 0], [32.788207394, 37.143417287, 0], [32.788228397, 37.143344232, 0], [32.787856345, 37.142975221, 0], [32.787660364, 37.142831209, 0], [32.787572395, 37.142745252, 0], [32.787443352, 37.142704283, 0], [32.787348381, 37.142665269, 0], [32.787291417, 37.142615237, 0], [32.787160362, 37.142563269, 0], [32.787095376, 37.142493214, 0], [32.787048373, 37.142368215, 0], [32.786984408, 37.142265267, 0], [32.786884412, 37.142230208, 0], [32.786742397, 37.142213279, 0], [32.786642376, 37.142154247, 0], [32.786566358, 37.142078224, 0], [32.786326357, 37.141840219, 0], [32.786304424, 37.141748251, 0], [32.786241356, 37.141558242, 0], [32.786008349, 37.141475266, 0], [32.785973401, 37.141422208, 0], [32.785970413, 37.141329283, 0], [32.786019416, 37.141172282, 0], [32.786118364, 37.141051241, 0], [32.786402368, 37.140895205, 0], [32.786591061, 37.140656441, 0], [32.786635415, 37.140600282, 0], [32.786643341, 37.140522247, 0], [32.786493413, 37.140183284, 0], [32.786498399, 37.140127234, 0], [32.78659443, 37.140052242, 0], [32.78666138, 37.1400502, 0], [32.786840404, 37.139980224, 0], [32.787001395, 37.139884259, 0], [32.787067406, 37.139720258, 0], [32.787098375, 37.139437228, 0], [32.787066365, 37.139098206, 0], [32.787136383, 37.138829216, 0], [32.787240357, 37.138669249, 0], [32.787573369, 37.138149278, 0], [32.787673423, 37.137763268, 0], [32.787700387, 37.137517272, 0], [32.787663426, 37.137022233, 0], [32.787670417, 37.13684623, 0], [32.787781402, 37.136634272, 0], [32.787865422, 37.136503199, 0], [32.788052342, 37.136328238, 0], [32.78842238, 37.135876287, 0], [32.788575371, 37.13564827, 0], [32.788710374, 37.135445277, 0], [32.788717418, 37.135416269, 0], [32.788842413, 37.135339254, 0], [32.789233434, 37.135084262, 0], [32.789314429, 37.135004284, 0], [32.789817401, 37.134687213, 0], [32.789931435, 37.134578273, 0], [32.790077374, 37.134279223, 0], [32.790168361, 37.134043253, 0], [32.790361361, 37.133478234, 0], [32.790572418, 37.132861243, 0], [32.790728393, 37.132759226, 0], [32.790859361, 37.132601196, 0], [32.790912426, 37.132548205, 0], [32.791099378, 37.132018233, 0], [32.791175352, 37.132040267, 0], [32.791216408, 37.131965265, 0], [32.791316384, 37.131665231, 0], [32.791395426, 37.131483225, 0], [32.79155741, 37.131287215, 0], [32.79176741, 37.13108426, 0], [32.792350422, 37.130409247, 0], [32.792590379, 37.13014722, 0], [32.792957376, 37.129904251, 0], [32.793046411, 37.129800221, 0], [32.79308437, 37.129668252, 0], [32.793242404, 37.129249261, 0], [32.79330943, 37.129147265, 0], [32.793374385, 37.129124216, 0], [32.793689437, 37.128760205, 0], [32.793835353, 37.128494226, 0], [32.793850427, 37.128413229, 0], [32.793866404, 37.128341246, 0], [32.793864425, 37.128215246, 0], [32.793906365, 37.128120236, 0], [32.793997404, 37.128029276, 0], [32.794177428, 37.127954244, 0], [32.7942804, 37.127947213, 0], [32.79465741, 37.127840256, 0], [32.794840365, 37.127745219, 0], [32.795047682, 37.127600745, 0], [32.795048426, 37.127600206, 0], [32.795366387, 37.127081268, 0], [32.795453395, 37.126831228, 0], [32.795452354, 37.126735242, 0], [32.795471437, 37.126681199, 0], [32.795475429, 37.126543223, 0], [32.795511353, 37.126406203, 0], [32.795448391, 37.125897241, 0], [32.795464405, 37.125845266, 0], [32.795842374, 37.124997199, 0], [32.795964435, 37.124552276, 0], [32.796067353, 37.124010254, 0], [32.795880423, 37.123896192, 0], [32.795758391, 37.123778277, 0], [32.79574842, 37.123723193, 0], [32.79575143, 37.12367426, 0], [32.795727357, 37.123616267, 0], [32.795721389, 37.123557224, 0], [32.795734361, 37.123497222, 0], [32.795770432, 37.12340824, 0], [32.795855397, 37.123260218, 0], [32.795909371, 37.123141255, 0], [32.795940387, 37.123068216, 0], [32.795951415, 37.122971259, 0], [32.795958441, 37.122809224, 0], [32.795982412, 37.122732207, 0], [32.79605236, 37.122610206, 0], [32.79615742, 37.122445276, 0], [32.796198411, 37.122321242, 0], [32.796212381, 37.122200227, 0], [32.79619541, 37.122090244, 0], [32.796134384, 37.121966215, 0], [32.796071421, 37.121803248, 0], [32.796013356, 37.121579275, 0], [32.795988365, 37.12141421, 0], [32.795966437, 37.121249242, 0], [32.795944369, 37.120894196, 0], [32.795934377, 37.120778276, 0], [32.795947433, 37.120652212, 0], [32.79477439, 37.121205274, 0], [32.793656421, 37.121742197, 0], [32.792339355, 37.122368257, 0], [32.791563414, 37.122739206, 0], [32.790329375, 37.123339252, 0], [32.78977742, 37.123606219, 0], [32.789452389, 37.122849212, 0], [32.788872424, 37.121504217, 0], [32.788224376, 37.120015256, 0], [32.788119736, 37.119825083, 0], [32.78778644, 37.118981264, 0], [32.787462428, 37.118239214, 0], [32.787188394, 37.117584225, 0], [32.786983448, 37.117086269, 0], [32.786890366, 37.116881244, 0], [32.787021443, 37.116280247, 0], [32.788325412, 37.110636255, 0], [32.789105388, 37.107267185, 0], [32.789519409, 37.105088212, 0], [32.789827451, 37.103269193, 0], [32.789808386, 37.103015183, 0], [32.789672408, 37.102888224, 0], [32.789444383, 37.102656193, 0], [32.789319399, 37.102514202, 0], [32.789168429, 37.102339178, 0], [32.789078381, 37.102149211, 0], [32.789050374, 37.102075258, 0], [32.78904345, 37.101828209, 0], [32.789047402, 37.101641203, 0], [32.789135404, 37.101498238, 0], [32.789250452, 37.101340181, 0], [32.789421436, 37.101157257, 0], [32.789619447, 37.100999257, 0], [32.789774428, 37.100864252, 0], [32.789939441, 37.100725209, 0], [32.79011542, 37.100614214, 0], [32.790236373, 37.100501229, 0], [32.790419386, 37.100430173, 0], [32.790653414, 37.100368219, 0], [32.790938368, 37.100314195, 0], [32.791162386, 37.100281243, 0], [32.791313457, 37.100284213, 0], [32.791533451, 37.100331196, 0], [32.791715418, 37.100404248, 0], [32.791924432, 37.100530252, 0], [32.792027388, 37.100583247, 0], [32.792185444, 37.100679238, 0], [32.792297368, 37.100745227, 0], [32.792406379, 37.100790211, 0], [32.792631452, 37.100881182, 0], [32.793107433, 37.101050191, 0], [32.793219414, 37.101027223, 0], [32.793706386, 37.100840248, 0], [32.793990446, 37.10073926, 0], [32.794163395, 37.100648172, 0], [32.794396449, 37.100465259, 0], [32.794726423, 37.100165259, 0], [32.794800459, 37.09989726, 0], [32.794965403, 37.099504233, 0], [32.795290442, 37.099277225, 0], [32.795535428, 37.099175174, 0], [32.795912368, 37.09914419, 0], [32.799833398, 37.096504218, 0], [32.800223373, 37.096239183, 0], [32.800541457, 37.096105249, 0], [32.800798451, 37.096053228, 0], [32.801043395, 37.096031198, 0], [32.80113544, 37.096034236, 0], [32.801513447, 37.096263251, 0], [32.801835403, 37.096209173, 0], [32.802031445, 37.09618724, 0], [32.802257437, 37.096102177, 0], [32.802391438, 37.096029217, 0], [32.802602447, 37.095996222, 0], [32.802664403, 37.095901242, 0], [32.802759377, 37.095848225, 0], [32.802825449, 37.095740183, 0], [32.802930401, 37.095632206, 0], [32.802983377, 37.095564248, 0], [32.80307945, 37.09540921, 0], [32.803158381, 37.095280189, 0], [32.803110376, 37.095041183, 0], [32.803154405, 37.094737259, 0], [32.803036422, 37.094753196, 0], [32.802834389, 37.094439219, 0], [32.802563378, 37.094210206, 0], [32.802406457, 37.094070248, 0], [32.802446389, 37.093844187, 0], [32.80225143, 37.093452171, 0], [32.801764374, 37.093021182, 0], [32.801601431, 37.092879231, 0], [32.801577404, 37.092770227, 0], [32.801733373, 37.092597174, 0], [32.80178739, 37.092450178, 0], [32.801750374, 37.092269232, 0], [32.801639389, 37.0920942, 0], [32.801367414, 37.091883208, 0], [32.80136641, 37.091770188, 0], [32.801483402, 37.091492253, 0], [32.801504445, 37.091393238, 0], [32.801298585, 37.090845193, 0], [32.800952244, 37.090652281, 0], [32.800765448, 37.090515245, 0], [32.800557355, 37.090220271, 0], [32.800350367, 37.090070222, 0], [32.80009548, 37.089787245, 0], [32.799659514, 37.089559209, 0], [32.799835564, 37.08944117, 0], [32.799859319, 37.089229231, 0], [32.799824364, 37.08907821, 0], [32.799820382, 37.088899212, 0], [32.800416561, 37.087793189, 0], [32.80020449, 37.087638265, 0], [32.800672572, 37.087362183, 0], [32.800901458, 37.087190245, 0], [32.801021405, 37.087057149, 0], [32.801120332, 37.086837226, 0], [32.801070366, 37.086607228, 0], [32.800876311, 37.086234228, 0], [32.800910527, 37.085923167, 0], [32.800820511, 37.085504197, 0], [32.800893597, 37.085195184, 0], [32.800881298, 37.085073222, 0], [32.800774449, 37.084953264, 0], [32.800635427, 37.0848602, 0], [32.80049833, 37.084847261, 0], [32.800288451, 37.084885211, 0], [32.800201395, 37.08486019, 0], [32.800157351, 37.084779182, 0], [32.800347475, 37.084632235, 0], [32.800199535, 37.084367193, 0], [32.799862571, 37.082703242, 0], [32.799782292, 37.082113226, 0], [32.799667436, 37.08214719, 0], [32.79972138, 37.081991182, 0], [32.799933457, 37.081820209, 0], [32.800215344, 37.081668279, 0], [32.800406498, 37.081479245, 0], [32.800711373, 37.081299234, 0], [32.800809375, 37.081217203, 0], [32.800882385, 37.080900169, 0], [32.800866622, 37.080755218, 0], [32.800774434, 37.080530197, 0], [32.800468431, 37.080151239, 0], [32.799953291, 37.080275196, 0], [32.800193396, 37.080487219, 0], [32.799728251, 37.080438216, 0], [32.799759547, 37.079968257, 0], [32.800217537, 37.079808244, 0], [32.800595515, 37.079627274, 0], [32.800664227, 37.079534199, 0], [32.800651326, 37.079430261, 0], [32.800477392, 37.079175269, 0], [32.800478518, 37.078250208, 0], [32.80043926, 37.078185251, 0], [32.80042343, 37.077995146, 0], [32.800346364, 37.077878212, 0], [32.800387424, 37.077433234, 0], [32.80039355, 37.077149164, 0], [32.800461603, 37.076882232, 0], [32.800693412, 37.076680197, 0], [32.800809329, 37.076521228, 0], [32.800925253, 37.076430214, 0], [32.801164308, 37.076330214, 0], [32.801322368, 37.07623224, 0], [32.801386404, 37.076223245, 0], [32.801441453, 37.076138167, 0], [32.801596314, 37.076057222, 0], [32.802123333, 37.075848197, 0], [32.802476478, 37.075682142, 0], [32.802691445, 37.075532168, 0], [32.802749425, 37.075282162, 0], [32.802613425, 37.075067163, 0], [32.802408445, 37.074944158, 0], [32.80214045, 37.074795182, 0], [32.801995425, 37.074698233, 0], [32.801965428, 37.07456822, 0], [32.802221455, 37.074574236, 0], [32.802841414, 37.074330213, 0], [32.80333644, 37.074182236, 0], [32.804539426, 37.074161243, 0], [32.804638439, 37.074186191, 0], [32.805022463, 37.07405623, 0], [32.805307466, 37.073904203, 0], [32.805552457, 37.073944171, 0], [32.805470442, 37.074419186, 0], [32.805253425, 37.074721206, 0], [32.805613461, 37.074867172, 0], [32.80574339, 37.07466523, 0], [32.805882385, 37.074618231, 0], [32.806066392, 37.074600236, 0], [32.806480392, 37.074502224, 0], [32.806487422, 37.074656172, 0], [32.806439418, 37.074855185, 0], [32.806394407, 37.075008237, 0], [32.806151437, 37.075338246, 0], [32.806334445, 37.075458233, 0], [32.806662404, 37.075379187, 0], [32.806802438, 37.075398161, 0], [32.807016393, 37.075424196, 0], [32.807213389, 37.075040215, 0], [32.807221984, 37.074796796, 0], [32.807398457, 37.074750217, 0], [32.807332406, 37.074383202, 0], [32.807425446, 37.074276192, 0], [32.807588422, 37.074210214, 0], [32.807768443, 37.074227179, 0], [32.807829385, 37.074744247, 0], [32.807937387, 37.074884209, 0], [32.808052397, 37.074967222, 0], [32.808200476, 37.075107159, 0], [32.80826046, 37.075306166, 0], [32.808338441, 37.0754322, 0], [32.808312409, 37.075528233, 0], [32.808411385, 37.075532178, 0], [32.808452439, 37.075328197, 0], [32.808607464, 37.075141163, 0], [32.808591447, 37.074981162, 0], [32.808437441, 37.074800209, 0], [32.808393452, 37.074659179, 0], [32.808757456, 37.074631196, 0], [32.80885841, 37.074475169, 0], [32.808868398, 37.07408124, 0], [32.808854458, 37.073943233, 0], [32.809040461, 37.073942181, 0], [32.809335417, 37.07392418, 0], [32.810109461, 37.073893247, 0], [32.810491427, 37.073840233, 0], [32.804326486, 37.060390187, 0], [32.804332483, 37.059825189, 0], [32.807504454, 37.058038201, 0], [32.805135417, 37.049935218, 0], [32.804013431, 37.046089163, 0], [32.804240446, 37.04547514, 0], [32.805643442, 37.041684162, 0], [32.803902425, 37.039641168, 0], [32.803486411, 37.039262214, 0], [32.803381468, 37.037061215, 0], [32.803127433, 37.036404214, 0], [32.800533486, 37.035140165, 0], [32.795902457, 37.034474173, 0], [32.798598464, 37.031044198, 0], [32.800076446, 37.029668196, 0], [32.800226451, 37.029529201, 0], [32.801878463, 37.027913189, 0], [32.801485422, 37.024935162, 0], [32.800875513, 37.020312115, 0], [32.800243498, 37.01460118, 0], [32.799661492, 37.011765134, 0], [32.801004449, 37.009766193, 0], [32.801409485, 37.00966719, 0], [32.801894453, 37.009091182, 0], [32.802253483, 37.004855132, 0], [32.800464472, 37.002877159, 0], [32.800406435, 37.00281316, 0], [32.800184454, 37.002568179, 0], [32.800076514, 37.002449118, 0], [32.799050461, 37.001314113, 0], [32.798424474, 37.000622129, 0], [32.798350455, 37.000540167, 0], [32.798215442, 37.000392127, 0], [32.797916502, 37.000061118, 0], [32.798133518, 36.998989143, 0], [32.798301454, 36.998812146, 0], [32.798751451, 36.998336133, 0], [32.798799497, 36.998286103, 0], [32.798926449, 36.998151126, 0], [32.799032487, 36.998039096, 0], [32.799653471, 36.997383112, 0], [32.799930502, 36.997091114, 0], [32.800330484, 36.996667104, 0], [32.801208478, 36.996028127, 0], [32.801548449, 36.995191135, 0], [32.799992446, 36.994283093, 0], [32.799411534, 36.993137123, 0], [32.798239483, 36.992841137, 0], [32.797722495, 36.992660091, 0], [32.796870517, 36.991919132, 0], [32.799008465, 36.990832132, 0], [32.79862646, 36.990703141, 0], [32.798317496, 36.990602123, 0], [32.798485532, 36.990380152, 0], [32.798531491, 36.990311102, 0], [32.797688479, 36.990250093, 0], [32.797985528, 36.99012514, 0], [32.797875475, 36.989622127, 0], [32.797926512, 36.989595175, 0], [32.799157488, 36.988784128, 0], [32.798567463, 36.987179114, 0], [32.7985615, 36.987156121, 0], [32.798847526, 36.986849089, 0], [32.79893551, 36.98630315, 0], [32.798854552, 36.986187108, 0], [32.798782203, 36.98406996, 0], [32.798767259, 36.982638155, 0], [32.798733549, 36.982139597, 0], [32.798661779, 36.981000072, 0], [32.798650389, 36.980927409, 0], [32.798621464, 36.980723039, 0], [32.798621637, 36.980692215, 0], [32.798804351, 36.980692976, 0], [32.799118553, 36.980689723, 0], [32.799294931, 36.980704081, 0], [32.799375437, 36.980708003, 0], [32.799441029, 36.980640607, 0], [32.799604527, 36.980443232, 0], [32.79980725, 36.980198064, 0], [32.799830776, 36.980130598, 0], [32.799852041, 36.980041677, 0], [32.800007574, 36.979948206, 0], [32.800101288, 36.979862111, 0], [32.800282571, 36.979735966, 0], [32.800726594, 36.979690747, 0], [32.800748767, 36.979679608, 0], [32.80077572, 36.979647748, 0], [32.800879032, 36.979433326, 0], [32.80113348, 36.979104964, 0], [32.801327894, 36.97891602, 0], [32.801595147, 36.978543515, 0], [32.801650323, 36.978275295, 0], [32.801652248, 36.978247539, 0], [32.801736368, 36.978250473, 0], [32.801835674, 36.978221618, 0], [32.801924611, 36.978153359, 0], [32.802020729, 36.978031756, 0], [32.802173184, 36.97780056, 0], [32.802256342, 36.977709759, 0], [32.802431941, 36.977557284, 0], [32.802647195, 36.977403973, 0], [32.802816575, 36.977290873, 0], [32.802839232, 36.977307404, 0], [32.803112502, 36.977434939, 0], [32.803440829, 36.977409977, 0], [32.803522748, 36.977403804, 0], [32.803736681, 36.977511501, 0], [32.803923244, 36.97756174, 0], [32.804241003, 36.977647347, 0], [32.804273502, 36.977656143, 0], [32.8050611, 36.977486646, 0], [32.805383181, 36.9774769, 0], [32.805407272, 36.977476218, 0], [32.805541197, 36.977458593, 0], [32.805590388, 36.977497879, 0], [32.805631286, 36.977555178, 0], [32.805620146, 36.977564082, 0], [32.805671973, 36.977586699, 0], [32.805697912, 36.977587913, 0], [32.805611173, 36.977048893, 0], [32.806197338, 36.977135654, 0], [32.806213237, 36.976821672, 0], [32.806292945, 36.976846858, 0], [32.806421256, 36.976887175, 0], [32.806624604, 36.97693176, 0], [32.806807215, 36.976933139, 0], [32.806922856, 36.976854645, 0], [32.807047503, 36.976731642, 0], [32.807007406, 36.976393775, 0], [32.807376138, 36.97592165, 0], [32.807364042, 36.975868815, 0], [32.807333892, 36.975737269, 0], [32.807350471, 36.975739188, 0], [32.807905272, 36.975805611, 0], [32.808204992, 36.974994038, 0], [32.807672869, 36.974864653, 0], [32.808001843, 36.97420887, 0], [32.808115076, 36.973906672, 0], [32.808200332, 36.973492489, 0], [32.808252998, 36.973364682, 0], [32.808257357, 36.973362616, 0], [32.808232577, 36.972937169, 0], [32.808502298, 36.972703901, 0], [32.808723261, 36.972628099, 0], [32.808691484, 36.972479966, 0], [32.808210422, 36.970580811, 0], [32.808503496, 36.968752124, 0], [32.808580636, 36.968246266, 0], [32.808707298, 36.967570866, 0], [32.808757533, 36.967339136, 0], [32.808846077, 36.967309717, 0], [32.80893671, 36.967259751, 0], [32.809372248, 36.967019718, 0], [32.809522807, 36.966936681, 0], [32.809798976, 36.966782283, 0], [32.81025185, 36.966534884, 0], [32.810412983, 36.966446094, 0], [32.810494244, 36.96640134, 0], [32.810923473, 36.966161291, 0], [32.811059964, 36.965996934, 0], [32.81119988, 36.965870796, 0], [32.811861397, 36.965646795, 0], [32.812198401, 36.965461934, 0], [32.815400485, 36.962392128, 0], [32.814072899, 36.962075506, 0], [32.813498806, 36.96186794, 0], [32.812877979, 36.961643533, 0], [32.799355533, 36.950435101, 0], [32.796640563, 36.93781206, 0], [32.79614958, 36.927110092, 0], [32.796082494, 36.926469068, 0], [32.796320563, 36.925974036, 0], [32.797641539, 36.923694041, 0], [32.797346579, 36.919631048, 0], [32.797307537, 36.919445946, 0], [32.797767844, 36.918221513, 0], [32.798132034, 36.9172454, 0], [32.798203081, 36.917054897, 0], [32.798275314, 36.916940916, 0], [32.79833724, 36.916838905, 0], [32.798593041, 36.91655417, 0], [32.798627953, 36.916514932, 0], [32.798698434, 36.916433305, 0], [32.798702699, 36.916431059, 0], [32.799152926, 36.916668591, 0], [32.799913262, 36.916492861, 0], [32.800027634, 36.916442581, 0], [32.801003097, 36.915953105, 0], [32.805247689, 36.915499222, 0], [32.805498648, 36.915140828, 0], [32.806108243, 36.914270183, 0], [32.806284469, 36.914174483, 0], [32.807082561, 36.912922803, 0], [32.807410358, 36.912446009, 0], [32.807875352, 36.911818019, 0], [32.807396077, 36.911609855, 0], [32.806952985, 36.911480791, 0], [32.806106457, 36.911174052, 0], [32.806058688, 36.911138373, 0], [32.805127069, 36.910442039, 0], [32.804805935, 36.910118398, 0], [32.803443487, 36.908751499, 0], [32.801893587, 36.902468242, 0], [32.805131706, 36.90010896, 0], [32.805531104, 36.898099272, 0], [32.807098409, 36.883333066, 0], [32.803337587, 36.878831035, 0], [32.799860571, 36.874806059, 0], [32.792997566, 36.866855997, 0], [32.788717605, 36.867096049, 0], [32.784739552, 36.867319008, 0], [32.780699601, 36.865756062, 0], [32.778233598, 36.864599981, 0], [32.777462551, 36.86199603, 0], [32.777339618, 36.859728033, 0], [32.776241586, 36.857270011, 0], [32.773594548, 36.855196055, 0], [32.770397631, 36.853465997, 0], [32.770070618, 36.853287988, 0], [32.769920547, 36.85320703, 0], [32.770404571, 36.851054032, 0], [32.770529627, 36.850497989, 0], [32.773506579, 36.847236024, 0], [32.77467963, 36.844984002, 0], [32.774525586, 36.844181008, 0], [32.774480578, 36.843949017, 0], [32.774285554, 36.842929992, 0], [32.77424055, 36.842697009, 0], [32.774182625, 36.842391988, 0], [32.774260606, 36.842229991, 0], [32.774501622, 36.841728963, 0], [32.774537634, 36.841654042, 0], [32.774887607, 36.840927984, 0], [32.774602587, 36.839125013, 0], [32.771812569, 36.838459031, 0], [32.771158624, 36.838303019, 0], [32.770380566, 36.837715038, 0], [32.766810615, 36.835020032, 0], [32.765247612, 36.833542958, 0], [32.764073597, 36.832435001, 0], [32.762849568, 36.831273034, 0], [32.762469633, 36.831080026, 0], [32.757777596, 36.82870102, 0], [32.757717639, 36.828565972, 0], [32.757407629, 36.827878003, 0], [32.752697616, 36.826969962, 0], [32.75200157, 36.826836019, 0], [32.751603647, 36.826759028, 0], [32.748330572, 36.827307977, 0], [32.747613568, 36.82708095, 0], [32.74629762, 36.82666598, 0], [32.744880632, 36.826218963, 0], [32.742276629, 36.826191984, 0], [32.741244624, 36.82618199, 0], [32.740925651, 36.826087018, 0], [32.738672628, 36.825418003, 0], [32.737813645, 36.825162933, 0], [32.737482572, 36.825175001, 0], [32.736704643, 36.825202933, 0], [32.73561663, 36.825242969, 0], [32.734973626, 36.825265963, 0], [32.732020626, 36.827482954, 0], [32.729051601, 36.829712002, 0], [32.728590596, 36.829694006, 0], [32.728411591, 36.829688009, 0], [32.718895637, 36.829328973, 0], [32.715921596, 36.829216989, 0], [32.714181609, 36.829151979, 0], [32.710860575, 36.831190991, 0], [32.710672604, 36.831305991, 0], [32.703202587, 36.832437996, 0], [32.702960609, 36.832405936, 0], [32.702597643, 36.83235798, 0], [32.701928642, 36.83227095, 0], [32.699408592, 36.831939953, 0], [32.691755609, 36.831529995, 0], [32.686575602, 36.828458499, 0], [32.684373394, 36.828214186, 0], [32.683483635, 36.82808113, 0], [32.682283981, 36.828044852, 0], [32.679358052, 36.828904139, 0], [32.678199638, 36.829152743, 0], [32.677908799, 36.829332757, 0], [32.670267834, 36.828753355, 0], [32.669202443, 36.828760309, 0], [32.658103241, 36.82696784, 0], [32.657643347, 36.826832763, 0], [32.656108667, 36.82684771, 0], [32.652237254, 36.825564975, 0], [32.650885024, 36.824728025, 0], [32.646680305, 36.823762651, 0], [32.646114144, 36.823541049, 0], [32.646476328, 36.822637036, 0], [32.646135921, 36.821844497, 0], [32.646425813, 36.818806158, 0], [32.645215365, 36.818039235, 0], [32.64492122, 36.818066838, 0], [32.643851813, 36.818413255, 0], [32.643818786, 36.818317618, 0], [32.644199737, 36.81795355, 0], [32.643542181, 36.816278035, 0], [32.642381679, 36.815799651, 0], [32.641738891, 36.816065314, 0], [32.641266157, 36.816740318, 0], [32.64063515, 36.817153283, 0], [32.640391004, 36.816988056, 0], [32.639146684, 36.816995281, 0], [32.638627017, 36.817577929, 0], [32.636079197, 36.817882549, 0], [32.633002808, 36.818644247, 0], [32.630957016, 36.815631339, 0], [32.628575609, 36.816097648, 0], [32.62653164, 36.814185884, 0], [32.615108746, 36.817042998, 0], [32.611506655, 36.819505272, 0], [32.607053673, 36.82158824, 0], [32.602067586, 36.823668897, 0], [32.601770612, 36.823289895, 0], [32.600087582, 36.821138872, 0], [32.59975664, 36.820716939, 0], [32.599588649, 36.820501953, 0], [32.598381598, 36.818249938, 0], [32.596984623, 36.817548862, 0], [32.589521664, 36.813804905, 0], [32.575142602, 36.815533921, 0], [32.570367652, 36.817471868, 0], [32.568298665, 36.818586855, 0], [32.560422507, 36.822865137, 0], [32.560394003, 36.822869538, 0], [32.560362844, 36.821608951, 0], [32.560168906, 36.819759121, 0], [32.558905878, 36.814802141, 0], [32.552706467, 36.806270037, 0], [32.548152717, 36.808623788, 0], [32.546025127, 36.811273087, 0], [32.543087605, 36.814931399, 0], [32.542539056, 36.81634794, 0], [32.52480894, 36.824577304, 0], [32.490590547, 36.827365353, 0], [32.486804087, 36.827855956, 0], [32.497108673, 36.794004561, 0], [32.49640004, 36.788834742, 0], [32.496349304, 36.788467155, 0], [32.496312425, 36.788199311, 0], [32.496302982, 36.788131133, 0], [32.496291867, 36.788050239, 0], [32.496275015, 36.78792795, 0], [32.496253044, 36.787768867, 0], [32.496219338, 36.787524651, 0], [32.496195783, 36.787353483, 0], [32.49616799, 36.787151924, 0], [32.496105879, 36.786701098, 0], [32.496060791, 36.786374544, 0], [32.496039087, 36.786217084, 0], [32.496029912, 36.786150439, 0], [32.495966476, 36.785690504, 0], [32.495905161, 36.78524536, 0], [32.495871458, 36.785001053, 0], [32.495846139, 36.78481717, 0], [32.495835816, 36.784742408, 0], [32.495805909, 36.784525427, 0], [32.495768767, 36.784255959, 0], [32.495728713, 36.783965479, 0], [32.495657079, 36.783445572, 0], [32.495625933, 36.783220203, 0], [32.495548832, 36.782660436, 0], [32.495542036, 36.782611556, 0], [32.495504897, 36.782341998, 0], [32.495380158, 36.781436828, 0], [32.495374072, 36.781392638, 0], [32.495358014, 36.781276482, 0], [32.495337461, 36.781127229, 0], [32.495275444, 36.780677484, 0], [32.495215459, 36.780242169, 0], [32.495210872, 36.780208801, 0], [32.495098929, 36.779396699, 0], [32.49502333, 36.778848474, 0], [32.494994573, 36.77863997, 0], [32.493869284, 36.770504855, 0], [32.49380451, 36.770392637, 0], [32.491616554, 36.76905018, 0], [32.491093391, 36.766925633, 0], [32.490558774, 36.766089634, 0], [32.490178154, 36.765956773, 0], [32.490066451, 36.765537726, 0], [32.489889456, 36.765016822, 0], [32.489641244, 36.764786104, 0], [32.489527574, 36.764455557, 0], [32.489123742, 36.763477886, 0], [32.488672002, 36.763023939, 0], [32.488653277, 36.762796729, 0], [32.488535436, 36.762552779, 0], [32.48824198, 36.761958185, 0], [32.487973612, 36.760967753, 0], [32.487678631, 36.760243002, 0], [32.487613508, 36.759797024, 0], [32.486691127, 36.759461726, 0], [32.485784913, 36.759016892, 0], [32.483961413, 36.758033328, 0], [32.48353547, 36.757681952, 0], [32.483081647, 36.756750009, 0], [32.482668465, 36.756577145, 0], [32.482318649, 36.756323527, 0], [32.480610774, 36.755032887, 0], [32.480198125, 36.754933834, 0], [32.479562181, 36.754959264, 0], [32.479112782, 36.75511737, 0], [32.478643424, 36.755112159, 0], [32.477863842, 36.754698824, 0], [32.476477659, 36.754317787, 0], [32.475587262, 36.754294757, 0], [32.475300096, 36.754247254, 0], [32.475120168, 36.754337582, 0], [32.475071773, 36.754512043, 0], [32.474816164, 36.754632411, 0], [32.474041437, 36.754742914, 0], [32.473652594, 36.755014561, 0], [32.473226628, 36.755202581, 0], [32.471394628, 36.755305856, 0], [32.470366016, 36.755578524, 0], [32.469443777, 36.755710241, 0], [32.468203672, 36.756038639, 0], [32.467028537, 36.756135137, 0], [32.465708013, 36.756281354, 0], [32.464839052, 36.755763161, 0], [32.463076602, 36.755387846, 0], [32.462776668, 36.755197848, 0], [32.462232649, 36.755036309, 0], [32.461520148, 36.754594419, 0], [32.461264701, 36.754094207, 0], [32.460743257, 36.753625868, 0], [32.46059826, 36.752934267, 0], [32.460105673, 36.753200713, 0], [32.459877636, 36.753654838, 0], [32.459888424, 36.754066155, 0], [32.459806992, 36.754981425, 0], [32.459893013, 36.755730442, 0], [32.459372457, 36.756872469, 0], [32.459291741, 36.757750247, 0], [32.458953365, 36.758311305, 0], [32.459016315, 36.75906905, 0], [32.45731947, 36.761386335, 0], [32.456552118, 36.762062147, 0], [32.456541743, 36.762537179, 0], [32.456331603, 36.763079887, 0], [32.456406668, 36.76359722, 0], [32.456302382, 36.764117068, 0], [32.455625828, 36.764281617, 0], [32.454547381, 36.764351845, 0], [32.45404322, 36.764517265, 0], [32.453950377, 36.765505753, 0], [32.45431258, 36.767132922, 0], [32.454977074, 36.76820609, 0], [32.455033783, 36.769005629, 0], [32.451405059, 36.768363441, 0], [32.448108523, 36.768912768, 0], [32.443222582, 36.77027963, 0], [32.436025987, 36.770054197, 0], [32.435638019, 36.770316258, 0], [32.434989145, 36.770674241, 0], [32.434357673, 36.771190661, 0], [32.434065934, 36.771810363, 0], [32.433508528, 36.771865754, 0], [32.432877861, 36.772194969, 0], [32.432768315, 36.772439872, 0], [32.433160172, 36.772932411, 0], [32.375665668, 36.785891738, 0], [32.338119629, 36.816403786, 0], [32.313080671, 36.839456827, 0], [32.310618814, 36.86101921, 0], [32.300320797, 36.866097067, 0], [32.299823012, 36.866984964, 0], [32.299601436, 36.867380313, 0], [32.297599156, 36.870951548, 0], [32.291722617, 36.881431114, 0], [32.286445062, 36.890529958, 0], [32.282906259, 36.901074072, 0], [32.275470609, 36.906408766, 0], [32.275354114, 36.906492325, 0], [32.274544423, 36.907073212, 0], [32.275005191, 36.912717565, 0], [32.268545195, 36.918032163, 0], [32.241409554, 36.933137872, 0], [32.235027603, 36.937000874, 0], [32.225108533, 36.941713825, 0], [32.196837195, 36.964041101, 0], [32.189527323, 36.971166643, 0], [32.1873404, 36.971562216, 0]]]}}]}